210-130,강원,강릉시,강문동,,19403
210-791,강원,강릉시,견소동 송정한신아파트,(101∼105동),19404
210-795,강원,강릉시,견소동 신도브래뉴아파트,,19405
210-150,강원,강릉시,견소동,,19406
210-770,강원,강릉시,교1동 강릉교동롯데캐슬아파트,(101∼204동),19407
210-003,강원,강릉시,교1동 강릉우편집중국,,19408
210-751,강원,강릉시,교1동 교동부영아파트,(101∼107동),19409
210-759,강원,강릉시,교1동 교동부영아파트,(201∼204동),19410
210-750,강원,강릉시,교1동 교동부영아파트,(301∼304동),19411
210-758,강원,강릉시,교1동 교동부영아파트,(501∼506동),19412
210-753,강원,강릉시,교1동 교동부영아파트,(601∼605동),19413
210-752,강원,강릉시,교1동 교동주공아파트,(101∼114동),19414
210-754,강원,강릉시,교1동 교동주공아파트,(201∼208동),19415
210-755,강원,강릉시,교1동 교동주공아파트,(301∼312동),19416
210-757,강원,강릉시,교1동 하이빌현대아파트,(101∼103동),19417
210-756,강원,강릉시,교1동 현대2차아파트,,19418
210-923,강원,강릉시,교1동,655∼710,19419
210-923,강원,강릉시,교1동,715∼720,19420
210-923,강원,강릉시,교1동,725∼786,19421
210-923,강원,강릉시,교1동,815∼906,19422
210-924,강원,강릉시,교1동,908∼1270,19423
210-924,강원,강릉시,교1동,1279∼1519,19424
210-924,강원,강릉시,교1동,1525∼1600,19425
210-924,강원,강릉시,교1동,1689∼1911,19426
210-951,강원,강릉시,교1동,1912∼1920,19427
210-101,강원,강릉시,교1동,,19428
210-768,강원,강릉시,교2동 대림e-편한세상아파트,(101∼104동),19429
210-920,강원,강릉시,교2동,1∼242,19430
210-921,강원,강릉시,교2동,243∼267,19431
210-922,강원,강릉시,교2동,268∼654,19432
210-922,강원,강릉시,교2동,711∼714,19433
210-922,강원,강릉시,교2동,721∼724,19434
210-922,강원,강릉시,교2동,787∼814,19435
210-922,강원,강릉시,교2동,907,19436
210-921,강원,강릉시,교2동,1271∼1278,19437
210-921,강원,강릉시,교2동,1520∼1524,19438
210-921,강원,강릉시,교2동,1601∼1688,19439
210-921,강원,강릉시,교2동,산1∼164,19440
210-102,강원,강릉시,교2동,,19441
210-100,강원,강릉시,교동,,19442
210-060,강원,강릉시,금학동,,19443
210-707,강원,강릉시,난곡동 춘천지방검찰청강릉지청,,19444
210-706,강원,강릉시,난곡동 춘천지방법원강릉지원,,19445
210-360,강원,강릉시,난곡동,,19446
210-020,강원,강릉시,남문동,,19447
210-300,강원,강릉시,남항진동,,19448
210-701,강원,강릉시,내곡동 관동대학교,,19449
210-771,강원,강릉시,내곡동 내곡한라아파트,,19450
210-773,강원,강릉시,내곡동 삼익아파트,,19451
210-773,강원,강릉시,내곡동 삼익타워아파트,,19452
210-772,강원,강릉시,내곡동 주공아파트,,19453
210-772,강원,강릉시,내곡동 현대아파트,,19454
210-925,강원,강릉시,내곡동,1∼199,19455
210-926,강원,강릉시,내곡동,200∼463,19456
210-927,강원,강릉시,내곡동,464∼623,19457
210-926,강원,강릉시,내곡동,산1∼98,19458
210-160,강원,강릉시,내곡동,,19459
210-708,강원,강릉시,노암동 강릉교육지원청,,19460
210-782,강원,강릉시,노암동 남산현대아파트,,19461
210-784,강원,강릉시,노암동 신화아파트,,19462
210-775,강원,강릉시,노암동 양우내안애아파트,(101∼110동),19463
210-781,강원,강릉시,노암동 주공아파트,(201∼207동),19464
210-783,강원,강릉시,노암동 한라1차아파트,(101∼201동),19465
210-783,강원,강릉시,노암동 한라2차아파트,(101∼201동),19466
210-785,강원,강릉시,노암동 한라3차아파트,(101∼105동),19467
210-928,강원,강릉시,노암동,1∼220,19468
210-929,강원,강릉시,노암동,221∼237,19469
210-930,강원,강릉시,노암동,238∼345,19470
210-931,강원,강릉시,노암동,346∼500,19471
210-928,강원,강릉시,노암동,501∼599,19472
210-932,강원,강릉시,노암동,600∼1000,19473
210-210,강원,강릉시,노암동,,19474
210-190,강원,강릉시,담산동,,19475
210-340,강원,강릉시,대전동,,19476
210-270,강원,강릉시,두산동,,19477
210-030,강원,강릉시,명주동,,19478
210-200,강원,강릉시,박월동,,19479
210-290,강원,강릉시,병산동,,19480
210-050,강원,강릉시,성남동,,19481
210-040,강원,강릉시,성내동 강릉우체국,,19482
210-714,강원,강릉시,성내동 빈폴타워,,19483
210-040,강원,강릉시,성내동,,19484
210-713,강원,강릉시,송정동 국민건강보험공단강릉지사,,19485
210-140,강원,강릉시,송정동,,19486
210-240,강원,강릉시,신석동,,19487
210-380,강원,강릉시,안현동,,19488
210-709,강원,강릉시,옥천동 교보빌딩,,19489
210-710,강원,강릉시,옥천동 대한생명빌딩,,19490
210-712,강원,강릉시,옥천동 삼성생명빌딩,,19491
210-776,강원,강릉시,옥천동 씨네몰,,19492
210-933,강원,강릉시,옥천동,1∼169,19493
210-934,강원,강릉시,옥천동,170∼182,19494
210-933,강원,강릉시,옥천동,183∼370,19495
210-934,강원,강릉시,옥천동,371∼400,19496
210-090,강원,강릉시,옥천동,,19497
210-070,강원,강릉시,용강동,,19498
210-390,강원,강릉시,운산동,,19499
210-350,강원,강릉시,운정동,,19500
210-230,강원,강릉시,월호평동,,19501
210-220,강원,강릉시,유산동,,19502
210-310,강원,강릉시,유천동,,19503
210-715,강원,강릉시,임당동 동아프라자,,19504
210-080,강원,강릉시,임당동,,19505
210-741,강원,강릉시,입암동 금호어울림아파트,(101∼115동),19506
210-733,강원,강릉시,입암동 녹원아파트,,19507
210-793,강원,강릉시,입암동 대우이안아파트,,19508
210-735,강원,강릉시,입암동 대인3차아파트,,19509
210-733,강원,강릉시,입암동 에버그린아파트,,19510
210-778,강원,강릉시,입암동 입암1주공아파트,(101∼114동),19511
210-730,강원,강릉시,입암동 주공아파트,(201∼304동),19512
210-731,강원,강릉시,입암동 주공아파트,(401∼504동),19513
210-730,강원,강릉시,입암동 주공아파트,(601∼620동),19514
210-735,강원,강릉시,입암동 태평양아파트,,19515
210-738,강원,강릉시,입암동 현대아파트,,19516
210-935,강원,강릉시,입암동,1∼442-(1),19517
210-937,강원,강릉시,입암동,443∼600,19518
210-938,강원,강릉시,입암동,601∼708,19519
210-936,강원,강릉시,입암동,709-(1),19520
210-938,강원,강릉시,입암동,710∼899,19521
210-250,강원,강릉시,입암동,,19522
210-180,강원,강릉시,장현동,,19523
210-740,강원,강릉시,저동 저동현대아파트,,19524
210-370,강원,강릉시,저동,,19525
210-330,강원,강릉시,죽헌동,,19526
210-702,강원,강릉시,지변동 강릉원주대학교,,19527
210-320,강원,강릉시,지변동,,19528
210-260,강원,강릉시,청량동,,19529
210-746,강원,강릉시,초당동 유화아파트,,19530
210-747,강원,강릉시,초당동 이화해변아파트,,19531
210-745,강원,강릉시,초당동 초당동부아파트,(101∼102동),19532
210-745,강원,강릉시,초당동 초당우성아파트,(101∼105동),19533
210-747,강원,강릉시,초당동 현대아파트,,19534
210-120,강원,강릉시,초당동,,19535
210-704,강원,강릉시,포남1동 강릉경찰서,,19536
210-732,강원,강릉시,포남1동 동남아파트,,19537
210-732,강원,강릉시,포남1동 삼우골든아파트,,19538
210-954,강원,강릉시,포남1동,554∼559-(1),19539
210-954,강원,강릉시,포남1동,646∼693,19540
210-944,강원,강릉시,포남1동,704∼891,19541
210-956,강원,강릉시,포남1동,892∼931,19542
210-956,강원,강릉시,포남1동,994∼996,19543
210-956,강원,강릉시,포남1동,999∼1005,19544
210-944,강원,강릉시,포남1동,1037∼1054,19545
210-954,강원,강릉시,포남1동,1092∼1117,19546
210-955,강원,강릉시,포남1동,1118∼1137,19547
210-956,강원,강릉시,포남1동,1138∼1145,19548
210-955,강원,강릉시,포남1동,1146∼1165,19549
210-953,강원,강릉시,포남1동,1166∼1197,19550
210-958,강원,강릉시,포남1동,1225∼1227,19551
210-954,강원,강릉시,포남1동,1231∼1239,19552
210-958,강원,강릉시,포남1동,1240∼1243,19553
210-946,강원,강릉시,포남1동,1257∼1287,19554
210-111,강원,강릉시,포남1동,,19555
210-705,강원,강릉시,포남2동 KT강릉지사,,19556
210-737,강원,강릉시,포남2동 송정주공아파트,,19557
210-736,강원,강릉시,포남2동 일송아파트,,19558
210-737,강원,강릉시,포남2동 청송아파트,,19559
210-734,강원,강릉시,포남2동 포남1주공아파트,,19560
210-734,강원,강릉시,포남2동 포남영진아파트,,19561
210-957,강원,강릉시,포남2동,1∼154,19562
210-957,강원,강릉시,포남2동,160∼475,19563
210-957,강원,강릉시,포남2동,511∼553,19564
210-957,강원,강릉시,포남2동,559-(2)∼611,19565
210-954,강원,강릉시,포남2동,612∼645,19566
210-954,강원,강릉시,포남2동,694∼703,19567
210-957,강원,강릉시,포남2동,932∼993,19568
210-945,강원,강릉시,포남2동,997∼998,19569
210-940,강원,강릉시,포남2동,1006∼1017,19570
210-940,강원,강릉시,포남2동,1036,19571
210-952,강원,강릉시,포남2동,1055∼1062,19572
210-957,강원,강릉시,포남2동,1063∼1086,19573
210-954,강원,강릉시,포남2동,1087∼1091,19574
210-939,강원,강릉시,포남2동,1198∼1224,19575
210-939,강원,강릉시,포남2동,1228∼1230,19576
210-939,강원,강릉시,포남2동,1244∼1256,19577
210-953,강원,강릉시,포남2동,1288∼1295,19578
210-952,강원,강릉시,포남2동,1296∼1311,19579
210-953,강원,강릉시,포남2동,1312∼1322,19580
210-957,강원,강릉시,포남2동,산3∼248,19581
210-112,강원,강릉시,포남2동,,19582
210-110,강원,강릉시,포남동,,19583
210-899,강원,강릉시,학동 사서함,334,19584
210-280,강원,강릉시,학동,,19585
210-703,강원,강릉시,홍제동 강릉시청,,19586
210-792,강원,강릉시,홍제동 강릉영동대학,,19587
210-721,강원,강릉시,홍제동 푸르지오아파트,(101∼106동),19588
210-722,강원,강릉시,홍제동 힐스테이트아파트,(101∼107동),19589
210-948,강원,강릉시,홍제동,1∼270,19590
210-949,강원,강릉시,홍제동,271∼1300,19591
210-010,강원,강릉시,홍제동,,19592
210-774,강원,강릉시,회산동 주공아파트,(101∼106동),19593
210-170,강원,강릉시,회산동,,19594
210-801,강원,강릉시,주문진읍 교항1리,,19595
210-801,강원,강릉시,주문진읍 교항2리,,19596
210-801,강원,강릉시,주문진읍 교항3리,,19597
210-802,강원,강릉시,주문진읍 교항4리,,19598
210-802,강원,강릉시,주문진읍 교항5리,,19599
210-802,강원,강릉시,주문진읍 교항6리,,19600
210-802,강원,강릉시,주문진읍 교항7리,,19601
210-803,강원,강릉시,주문진읍 교항8리,,19602
210-803,강원,강릉시,주문진읍 교항9리,,19603
210-803,강원,강릉시,주문진읍 교항10리,,19604
210-804,강원,강릉시,주문진읍 교항11리,,19605
210-804,강원,강릉시,주문진읍 교항12리,,19606
210-804,강원,강릉시,주문진읍 교항13리,,19607
210-804,강원,강릉시,주문진읍 교항14리,,19608
210-761,강원,강릉시,주문진읍 교항리 우신그린피아아파트,(101∼108동),19609
210-801,강원,강릉시,주문진읍 교항리,,19610
210-805,강원,강릉시,주문진읍 삼교리,,19611
210-805,강원,강릉시,주문진읍 장덕리,,19612
210-806,강원,강릉시,주문진읍 주문1리,,19613
210-806,강원,강릉시,주문진읍 주문2리,,19614
210-806,강원,강릉시,주문진읍 주문3리,,19615
210-806,강원,강릉시,주문진읍 주문4리,,19616
210-807,강원,강릉시,주문진읍 주문5리,,19617
210-807,강원,강릉시,주문진읍 주문6리,,19618
210-808,강원,강릉시,주문진읍 주문7리,,19619
210-808,강원,강릉시,주문진읍 주문8리,,19620
210-808,강원,강릉시,주문진읍 주문9리,,19621
210-809,강원,강릉시,주문진읍 주문10리,,19622
210-809,강원,강릉시,주문진읍 주문11리,,19623
210-809,강원,강릉시,주문진읍 주문12리,,19624
210-806,강원,강릉시,주문진읍 주문리,,19625
210-808,강원,강릉시,주문진읍 향호리,,19626
210-800,강원,강릉시,주문진읍,,19627
210-821,강원,강릉시,강동면 모전리,,19628
210-822,강원,강릉시,강동면 산성우리,,19629
210-821,강원,강릉시,강동면 상시동리,,19630
210-822,강원,강릉시,강동면 심곡리,,19631
210-824,강원,강릉시,강동면 안인리,,19632
210-824,강원,강릉시,강동면 안인진리,,19633
210-821,강원,강릉시,강동면 언별리,,19634
210-824,강원,강릉시,강동면 임곡리,,19635
210-824,강원,강릉시,강동면 정동진1리,,19636
210-822,강원,강릉시,강동면 정동진2리,,19637
210-822,강원,강릉시,강동면 정동진3리,,19638
210-824,강원,강릉시,강동면 정동진리,,19639
210-823,강원,강릉시,강동면 하시동리,,19640
210-820,강원,강릉시,강동면,,19641
210-811,강원,강릉시,구정면 구정리,,19642
210-812,강원,강릉시,구정면 금광리,,19643
210-813,강원,강릉시,구정면 덕현리,,19644
210-812,강원,강릉시,구정면 어단리,,19645
210-811,강원,강릉시,구정면 여찬리,,19646
210-814,강원,강릉시,구정면 제비리,,19647
210-811,강원,강릉시,구정면 학산리,,19648
210-810,강원,강릉시,구정면,,19649
210-851,강원,강릉시,사천면 노동리,,19650
210-851,강원,강릉시,사천면 덕실리,,19651
210-852,강원,강릉시,사천면 미노리,,19652
210-711,강원,강릉시,사천면 방동리 강릉아산병원,,19653
210-852,강원,강릉시,사천면 방동리,,19654
210-851,강원,강릉시,사천면 사기막리,,19655
210-853,강원,강릉시,사천면 사천진리,,19656
210-852,강원,강릉시,사천면 산대월리,,19657
210-851,강원,강릉시,사천면 석교리,,19658
210-853,강원,강릉시,사천면 판교리,,19659
210-853,강원,강릉시,사천면 하평리,,19660
210-850,강원,강릉시,사천면,,19661
210-842,강원,강릉시,성산면 관음리,,19662
210-842,강원,강릉시,성산면 구산리,,19663
210-842,강원,강릉시,성산면 금산리,,19664
210-843,강원,강릉시,성산면 보광리,,19665
210-841,강원,강릉시,성산면 산북리,,19666
210-842,강원,강릉시,성산면 송암리,,19667
210-843,강원,강릉시,성산면 어흘리,,19668
210-843,강원,강릉시,성산면 오봉리,,19669
210-842,강원,강릉시,성산면 위촌리,,19670
210-840,강원,강릉시,성산면,,19671
210-861,강원,강릉시,연곡면 동덕리,,19672
210-862,강원,강릉시,연곡면 방내리,,19673
210-863,강원,강릉시,연곡면 삼산1리,,19674
210-863,강원,강릉시,연곡면 삼산2리,,19675
210-863,강원,강릉시,연곡면 삼산3리,,19676
210-864,강원,강릉시,연곡면 삼산4리,,19677
210-863,강원,강릉시,연곡면 삼산리,,19678
210-862,강원,강릉시,연곡면 송림리,,19679
210-862,강원,강릉시,연곡면 신왕리,,19680
210-762,강원,강릉시,연곡면 영진리 연곡부영사랑으로아파트,(101∼306동),19681
210-861,강원,강릉시,연곡면 영진리,,19682
210-865,강원,강릉시,연곡면 유등리,,19683
210-865,강원,강릉시,연곡면 퇴곡리,,19684
210-865,강원,강릉시,연곡면 행정리,,19685
210-860,강원,강릉시,연곡면,,19686
210-831,강원,강릉시,옥계면 금진리,,19687
210-832,강원,강릉시,옥계면 낙풍리,,19688
210-833,강원,강릉시,옥계면 남양리,,19689
210-833,강원,강릉시,옥계면 도직리,,19690
210-832,강원,강릉시,옥계면 북동리,,19691
210-834,강원,강릉시,옥계면 산계리,,19692
210-831,강원,강릉시,옥계면 조산리,,19693
210-833,강원,강릉시,옥계면 주수리,,19694
210-833,강원,강릉시,옥계면 천남리,,19695
210-834,강원,강릉시,옥계면 현내리,,19696
210-830,강원,강릉시,옥계면,,19697
210-914,강원,강릉시,왕산면 고단리,,19698
210-913,강원,강릉시,왕산면 대기리,,19699
210-911,강원,강릉시,왕산면 도마1리,,19700
210-912,강원,강릉시,왕산면 도마2리,,19701
210-911,강원,강릉시,왕산면 도마리,,19702
210-912,강원,강릉시,왕산면 목계리,,19703
210-914,강원,강릉시,왕산면 송현리,,19704
210-911,강원,강릉시,왕산면 왕산리,,19705
210-910,강원,강릉시,왕산면,,19706
210-600,강원,강릉시,강릉우체국사서함,,19707
240-110,강원,동해시,괴란동,,19708
240-729,강원,동해시,구미동 주공아파트,(1∼205동),19709
240-210,강원,동해시,구미동,,19710
240-230,강원,동해시,구호동,,19711
240-300,강원,동해시,귀운동,,19712
240-170,강원,동해시,나안동,,19713
240-260,강원,동해시,내동,,19714
245-899,강원,동해시,단봉동 사서함,73,19715
240-270,강원,동해시,단봉동,,19716
240-330,강원,동해시,달방동,,19717
240-240,강원,동해시,대구동,,19718
240-070,강원,동해시,대진동,,19719
240-733,강원,동해시,동호동 경민아파트,,19720
240-801,강원,동해시,동호동,129∼139,19721
240-801,강원,동해시,동호동,182∼184,19722
240-801,강원,동해시,동호동,216∼220,19723
240-801,강원,동해시,동호동,225∼228,19724
240-801,강원,동해시,동호동,230,19725
240-801,강원,동해시,동호동,232∼234,19726
240-800,강원,동해시,동호동,498∼522,19727
240-800,강원,동해시,동호동,530∼584,19728
240-043,강원,동해시,동호동,,19729
240-719,강원,동해시,동회동 대동아파트,,19730
240-180,강원,동해시,동회동,,19731
240-120,강원,동해시,만우동,,19732
240-080,강원,동해시,망상동,,19733
240-816,강원,동해시,묵호진동,1∼14,19734
240-817,강원,동해시,묵호진동,15,19735
240-816,강원,동해시,묵호진동,16∼21,19736
240-817,강원,동해시,묵호진동,28∼38,19737
240-818,강원,동해시,묵호진동,40∼41,19738
240-817,강원,동해시,묵호진동,42∼70,19739
240-818,강원,동해시,묵호진동,71∼98,19740
240-816,강원,동해시,묵호진동,산1∼33,19741
240-818,강원,동해시,묵호진동,산35∼96,19742
240-050,강원,동해시,묵호진동,,19743
240-804,강원,동해시,발한동,1∼127,19744
240-804,강원,동해시,발한동,140∼181,19745
240-804,강원,동해시,발한동,199∼209,19746
240-802,강원,동해시,발한동,239∼261,19747
240-802,강원,동해시,발한동,288∼299,19748
240-803,강원,동해시,발한동,300∼310,19749
240-803,강원,동해시,발한동,327∼330,19750
240-041,강원,동해시,발한동,,19751
240-815,강원,동해시,부곡동,1∼7,19752
240-814,강원,동해시,부곡동,9∼12,19753
240-815,강원,동해시,부곡동,15∼23,19754
240-814,강원,동해시,부곡동,28∼42,19755
240-815,강원,동해시,부곡동,43∼47,19756
240-814,강원,동해시,부곡동,48∼54,19757
240-813,강원,동해시,부곡동,56∼75,19758
240-815,강원,동해시,부곡동,77∼79,19759
240-814,강원,동해시,부곡동,80∼93,19760
240-813,강원,동해시,부곡동,95,19761
240-814,강원,동해시,부곡동,105∼123,19762
240-815,강원,동해시,부곡동,126∼128,19763
240-814,강원,동해시,부곡동,134∼140,19764
240-815,강원,동해시,부곡동,143,19765
240-813,강원,동해시,부곡동,144∼155,19766
240-814,강원,동해시,부곡동,166,19767
240-813,강원,동해시,부곡동,169∼439,19768
240-815,강원,동해시,부곡동,440,19769
240-814,강원,동해시,부곡동,441∼442,19770
240-813,강원,동해시,부곡동,443∼475,19771
240-030,강원,동해시,부곡동,,19772
240-717,강원,동해시,북평동 동해화력발전처,,19773
240-200,강원,동해시,북평동,,19774
240-320,강원,동해시,비천동,,19775
240-712,강원,동해시,삼화동 쌍용양회동해공장,,19776
240-350,강원,동해시,삼화동,,19777
240-716,강원,동해시,송정동 동해지방해양항만청,,19778
240-899,강원,동해시,송정동 사서함,604,19779
240-806,강원,동해시,송정동,1∼848,19780
240-805,강원,동해시,송정동,849,19781
240-806,강원,동해시,송정동,850∼853,19782
240-805,강원,동해시,송정동,854,19783
240-806,강원,동해시,송정동,855∼1682,19784
240-806,강원,동해시,송정동,산1∼8,19785
240-130,강원,동해시,송정동,,19786
240-718,강원,동해시,쇄운동 부영아파트,(101∼113동),19787
240-190,강원,동해시,쇄운동,,19788
240-310,강원,동해시,신흥동,,19789
240-090,강원,동해시,심곡동,,19790
240-060,강원,동해시,어달동,,19791
240-140,강원,동해시,용정동,,19792
240-360,강원,동해시,이기동,,19793
240-290,강원,동해시,이도동,,19794
240-340,강원,동해시,이로동,,19795
240-280,강원,동해시,지가동,,19796
240-713,강원,동해시,지흥동 한중대학교,,19797
240-150,강원,동해시,지흥동,,19798
240-702,강원,동해시,천곡동 동해경찰서,,19799
240-701,강원,동해시,천곡동 동해시청,,19800
240-010,강원,동해시,천곡동 동해우체국,,19801
240-727,강원,동해시,천곡동 롯데아파트,,19802
240-735,강원,동해시,천곡동 센트로빌아파트,,19803
240-722,강원,동해시,천곡동 주공1차아파트,(1∼9동),19804
240-735,강원,동해시,천곡동 주공2차아파트,(201∼206동),19805
240-722,강원,동해시,천곡동 주공3차아파트,(301∼310동),19806
240-725,강원,동해시,천곡동 주공4차아파트,(401∼419동),19807
240-726,강원,동해시,천곡동 주공5차아파트,(501∼507동),19808
240-736,강원,동해시,천곡동 주공6차아파트,(601∼606동),19809
240-734,강원,동해시,천곡동 한양아파트,,19810
240-734,강원,동해시,천곡동 한움빌리지아파트,,19811
240-727,강원,동해시,천곡동 현대아파트,,19812
240-715,강원,동해시,천곡동 흥국생명빌딩,,19813
240-807,강원,동해시,천곡동,1∼306,19814
240-808,강원,동해시,천곡동,307∼420,19815
240-809,강원,동해시,천곡동,421∼780,19816
240-810,강원,동해시,천곡동,781∼790,19817
240-811,강원,동해시,천곡동,791∼794,19818
240-810,강원,동해시,천곡동,795∼825,19819
240-812,강원,동해시,천곡동,826∼994,19820
240-807,강원,동해시,천곡동,995∼1043,19821
240-809,강원,동해시,천곡동,1044∼1073,19822
240-810,강원,동해시,천곡동,1074∼1200,19823
240-010,강원,동해시,천곡동,,19824
240-100,강원,동해시,초구동,,19825
240-220,강원,동해시,추암동,,19826
240-711,강원,동해시,평릉동 동인병원,,19827
240-710,강원,동해시,평릉동 동해엘리시아아파트,(101∼105동),19828
240-710,강원,동해시,평릉동 동해하나리움아파트,(101∼106동),19829
240-899,강원,동해시,평릉동 사서함,604,19830
240-714,강원,동해시,평릉동 산재의료관리원동해병원,,19831
240-020,강원,동해시,평릉동,,19832
240-250,강원,동해시,호현동,,19833
240-160,강원,동해시,효가동,,19834
240-600,강원,동해시,동해우체국사서함,,19835
245-712,강원,삼척시,갈천동 삼척문화방송,,19836
245-090,강원,삼척시,갈천동,,19837
245-729,강원,삼척시,건지동 건지주공아파트,(101∼106동),19838
245-240,강원,삼척시,건지동,,19839
245-725,강원,삼척시,교동 강부2차아파트,(101∼103동),19840
245-711,강원,삼척시,교동 강원대학교삼척캠퍼스,,19841
245-714,강원,삼척시,교동 동부아파트,,19842
245-899,강원,삼척시,교동 사서함,73,19843
245-705,강원,삼척시,교동 삼척세무서,,19844
245-701,강원,삼척시,교동 삼척시청,,19845
245-715,강원,삼척시,교동 신동아아파트,,19846
245-721,강원,삼척시,교동 청솔2차아파트,(201∼204동),19847
245-724,강원,삼척시,교동 코아루아파트,(301∼309동),19848
245-930,강원,삼척시,교동,1∼499,19849
245-931,강원,삼척시,교동,500∼591,19850
245-933,강원,삼척시,교동,593∼726,19851
245-080,강원,삼척시,교동,,19852
245-230,강원,삼척시,근산동,,19853
245-010,강원,삼척시,남양동 삼척우체국,,19854
245-722,강원,삼척시,남양동 중앙시장,,19855
245-934,강원,삼척시,남양동,1∼4,19856
245-935,강원,삼척시,남양동,5∼32,19857
245-936,강원,삼척시,남양동,33∼100,19858
245-937,강원,삼척시,남양동,101∼149,19859
245-938,강원,삼척시,남양동,150∼425,19860
245-010,강원,삼척시,남양동,,19861
245-939,강원,삼척시,당저동,1∼159,19862
245-940,강원,삼척시,당저동,160∼180,19863
245-070,강원,삼척시,당저동,,19864
245-200,강원,삼척시,도경동,,19865
245-190,강원,삼척시,등봉동,,19866
245-120,강원,삼척시,마달동,,19867
245-210,강원,삼척시,마평동,,19868
245-713,강원,삼척시,사직동 동양시멘트,,19869
245-150,강원,삼척시,사직동,,19870
245-060,강원,삼척시,성남동,,19871
245-941,강원,삼척시,성내동,1∼24,19872
245-942,강원,삼척시,성내동,25∼124,19873
245-050,강원,삼척시,성내동,,19874
245-040,강원,삼척시,성북동,,19875
245-160,강원,삼척시,오분동,,19876
245-220,강원,삼척시,오사동,,19877
245-110,강원,삼척시,우지동,,19878
245-727,강원,삼척시,원당동 주공아파트,(101∼109동),19879
245-728,강원,삼척시,원당동 한양아파트,(101∼105동),19880
245-726,강원,삼척시,원당동 현대아파트,(101∼104동),19881
245-943,강원,삼척시,원당동,1∼116,19882
245-943,강원,삼척시,원당동,118∼242,19883
245-250,강원,삼척시,원당동,,19884
245-020,강원,삼척시,읍상동,,19885
245-030,강원,삼척시,읍중동,,19886
245-260,강원,삼척시,자원동,,19887
245-180,강원,삼척시,적노동,,19888
245-719,강원,삼척시,정상동 강부3차아파트,(101∼103동),19889
245-716,강원,삼척시,정상동 경림아파트,,19890
245-703,강원,삼척시,정상동 삼척경찰서,,19891
245-717,강원,삼척시,정상동 석미아파트,,19892
245-720,강원,삼척시,정상동 유성아파트,(101∼105동),19893
245-718,강원,삼척시,정상동 청솔아파트,,19894
245-723,강원,삼척시,정상동 현진에버빌아파트,(101∼108동),19895
245-945,강원,삼척시,정상동,1∼69,19896
245-946,강원,삼척시,정상동,70∼455,19897
245-130,강원,삼척시,정상동,,19898
245-140,강원,삼척시,정하동,,19899
245-170,강원,삼척시,조비동,,19900
245-100,강원,삼척시,증산동,,19901
245-270,강원,삼척시,평전동,,19902
245-783,강원,삼척시,도계읍 새마을아파트,,19903
245-782,강원,삼척시,도계읍 협동아파트,,19904
245-901,강원,삼척시,도계읍 고사리,,19905
245-902,강원,삼척시,도계읍 구사리,,19906
245-904,강원,삼척시,도계읍 늑구리,,19907
245-905,강원,삼척시,도계읍 도계1리,,19908
245-905,강원,삼척시,도계읍 도계2리,,19909
245-905,강원,삼척시,도계읍 도계3리,,19910
245-906,강원,삼척시,도계읍 도계4리,,19911
245-906,강원,삼척시,도계읍 도계5리,,19912
245-781,강원,삼척시,도계읍 도계리 달전경동아파트,(12∼22동),19913
245-905,강원,삼척시,도계읍 도계리,,19914
245-904,강원,삼척시,도계읍 마교리,,19915
245-901,강원,삼척시,도계읍 무건리,,19916
245-901,강원,삼척시,도계읍 발이리,,19917
245-901,강원,삼척시,도계읍 산기리,,19918
245-907,강원,삼척시,도계읍 상덕리,,19919
245-902,강원,삼척시,도계읍 신리,,19920
245-903,강원,삼척시,도계읍 심포리,,19921
245-907,강원,삼척시,도계읍 재도리,,19922
245-908,강원,삼척시,도계읍 전두리,,19923
245-904,강원,삼척시,도계읍 점리,,19924
245-901,강원,삼척시,도계읍 차구리,,19925
245-901,강원,삼척시,도계읍 하고사리,,19926
245-901,강원,삼척시,도계읍 한내리,,19927
245-710,강원,삼척시,도계읍 황조리 강원대학교삼척제2캠퍼스,,19928
245-907,강원,삼척시,도계읍 황조리,,19929
245-909,강원,삼척시,도계읍 흥전리,,19930
245-900,강원,삼척시,도계읍,,19931
245-804,강원,삼척시,원덕읍 갈남리,,19932
245-802,강원,삼척시,원덕읍 기곡리,,19933
245-802,강원,삼척시,원덕읍 노경리,,19934
245-804,강원,삼척시,원덕읍 노곡리,,19935
245-802,강원,삼척시,원덕읍 사곡리,,19936
245-802,강원,삼척시,원덕읍 산양리,,19937
245-804,강원,삼척시,원덕읍 옥원1리,,19938
245-804,강원,삼척시,원덕읍 옥원2리,,19939
245-801,강원,삼척시,원덕읍 옥원3리,,19940
245-803,강원,삼척시,원덕읍 월천리,,19941
245-805,강원,삼척시,원덕읍 이천리,,19942
245-801,강원,삼척시,원덕읍 임원리,,19943
245-803,강원,삼척시,원덕읍 호산리,,19944
245-800,강원,삼척시,원덕읍,,19945
245-811,강원,삼척시,가곡면 동활리,,19946
245-812,강원,삼척시,가곡면 오목리,,19947
245-812,강원,삼척시,가곡면 오저리,,19948
245-813,강원,삼척시,가곡면 탕곡리,,19949
245-811,강원,삼척시,가곡면 풍곡리,,19950
245-810,강원,삼척시,가곡면,,19951
245-831,강원,삼척시,근덕면 광태리,,19952
245-832,강원,삼척시,근덕면 교가리,,19953
245-899,강원,삼척시,근덕면 교곡리 사서함,73,19954
245-832,강원,삼척시,근덕면 교곡리,,19955
245-831,강원,삼척시,근덕면 궁촌리,,19956
245-833,강원,삼척시,근덕면 금계리,,19957
245-833,강원,삼척시,근덕면 덕산리,,19958
245-838,강원,삼척시,근덕면 동막1리,,19959
245-838,강원,삼척시,근덕면 동막2리,,19960
245-839,강원,삼척시,근덕면 동막3리,,19961
245-839,강원,삼척시,근덕면 동막4리,,19962
245-839,강원,삼척시,근덕면 동막5리,,19963
245-839,강원,삼척시,근덕면 동막6리,,19964
245-839,강원,삼척시,근덕면 동막7리,,19965
245-834,강원,삼척시,근덕면 동막리,,19966
245-831,강원,삼척시,근덕면 매원리,,19967
245-899,강원,삼척시,근덕면 부남리 사서함,73,19968
245-834,강원,삼척시,근덕면 부남리,,19969
245-833,강원,삼척시,근덕면 상맹방리,,19970
245-836,강원,삼척시,근덕면 용화리,,19971
245-836,강원,삼척시,근덕면 장호리,,19972
245-836,강원,삼척시,근덕면 초곡리,,19973
245-833,강원,삼척시,근덕면 하맹방리,,19974
245-830,강원,삼척시,근덕면,,19975
245-841,강원,삼척시,노곡면 개산리,,19976
245-842,강원,삼척시,노곡면 고자리,,19977
245-841,강원,삼척시,노곡면 둔달리,,19978
245-841,강원,삼척시,노곡면 상군천리,,19979
245-835,강원,삼척시,노곡면 상마읍리,,19980
245-842,강원,삼척시,노곡면 상반천리,,19981
245-841,강원,삼척시,노곡면 상월산리,,19982
245-842,강원,삼척시,노곡면 상천기리,,19983
245-842,강원,삼척시,노곡면 여삼리,,19984
245-837,강원,삼척시,노곡면 우발리,,19985
245-835,강원,삼척시,노곡면 주지리,,19986
245-835,강원,삼척시,노곡면 중마읍리,,19987
245-841,강원,삼척시,노곡면 하군천리,,19988
245-835,강원,삼척시,노곡면 하마읍리,,19989
245-842,강원,삼척시,노곡면 하반천리,,19990
245-842,강원,삼척시,노곡면 하월산리,,19991
245-840,강원,삼척시,노곡면,,19992
245-821,강원,삼척시,미로면 고천리,,19993
245-821,강원,삼척시,미로면 내미로리,,19994
245-822,강원,삼척시,미로면 동산리,,19995
245-821,강원,삼척시,미로면 무사리,,19996
245-821,강원,삼척시,미로면 사둔리,,19997
245-822,강원,삼척시,미로면 삼거리,,19998
245-823,강원,삼척시,미로면 상거노리,,19999
245-822,강원,삼척시,미로면 상사전리,,20000
245-823,강원,삼척시,미로면 상정리,,20001
245-823,강원,삼척시,미로면 천기리,,20002
245-825,강원,삼척시,미로면 하거노1리,,20003
245-826,강원,삼척시,미로면 하거노2리,,20004
245-821,강원,삼척시,미로면 하거노리,,20005
245-822,강원,삼척시,미로면 하사전리,,20006
245-823,강원,삼척시,미로면 하정리,,20007
245-823,강원,삼척시,미로면 활기리,,20008
245-820,강원,삼척시,미로면,,20009
245-921,강원,삼척시,신기면 고무릉리,,20010
245-921,강원,삼척시,신기면 대기리,,20011
245-921,강원,삼척시,신기면 대이리,,20012
245-921,강원,삼척시,신기면 대평리,,20013
245-922,강원,삼척시,신기면 마차리,,20014
245-921,강원,삼척시,신기면 서하리,,20015
245-921,강원,삼척시,신기면 신기리,,20016
245-921,강원,삼척시,신기면 안의리,,20017
245-920,강원,삼척시,신기면,,20018
245-911,강원,삼척시,하장면 갈전리,,20019
245-911,강원,삼척시,하장면 공전리,,20020
245-912,강원,삼척시,하장면 광동리,,20021
245-913,강원,삼척시,하장면 대전리,,20022
245-914,강원,삼척시,하장면 둔전리,,20023
245-912,강원,삼척시,하장면 번천리,,20024
245-912,강원,삼척시,하장면 숙암리,,20025
245-914,강원,삼척시,하장면 어리,,20026
245-913,강원,삼척시,하장면 역둔리,,20027
245-914,강원,삼척시,하장면 용연리,,20028
245-912,강원,삼척시,하장면 장전리,,20029
245-911,강원,삼척시,하장면 중봉리,,20030
245-914,강원,삼척시,하장면 추동리,,20031
245-911,강원,삼척시,하장면 토산리,,20032
245-913,강원,삼척시,하장면 판문리,,20033
245-913,강원,삼척시,하장면 한소리,,20034
245-910,강원,삼척시,하장면,,20035
245-600,강원,삼척시,삼척우체국사서함,,20036
217-756,강원,속초시,교동 남광하우스토리,(101∼107동),20037
217-755,강원,속초시,교동 대명늘푸른아파트,,20038
217-753,강원,속초시,교동 대우아파트,,20039
217-758,강원,속초시,교동 동부아파트,,20040
217-760,강원,속초시,교동 명지미래힐아파트,(101∼106동),20041
217-754,강원,속초시,교동 삼환아파트,,20042
217-763,강원,속초시,교동 설악현대아파트,(101∼104동),20043
217-757,강원,속초시,교동 주공아파트,(201∼217동),20044
217-765,강원,속초시,교동 주공3차아파트,,20045
217-750,강원,속초시,교동 현대아파트,(101∼305동),20046
217-800,강원,속초시,교동,1∼619,20047
217-801,강원,속초시,교동,620∼629,20048
217-802,강원,속초시,교동,630∼634,20049
217-803,강원,속초시,교동,635∼690,20050
217-804,강원,속초시,교동,691∼766,20051
217-805,강원,속초시,교동,767∼800,20052
217-806,강원,속초시,교동,801∼978,20053
217-060,강원,속초시,교동,,20054
217-761,강원,속초시,금호동 대림e편한세상아파트,(101∼107동),20055
217-807,강원,속초시,금호동,1∼619,20056
217-808,강원,속초시,금호동,620∼781,20057
217-040,강원,속초시,금호동,,20058
217-711,강원,속초시,노학동 동우대학,,20059
217-703,강원,속초시,노학동 속초경찰서,,20060
217-704,강원,속초시,노학동 속초세무서,,20061
217-070,강원,속초시,노학동,,20062
219-839,강원,속초시,대포동 사서함,71,20063
217-100,강원,속초시,대포동,,20064
217-110,강원,속초시,도문동,,20065
217-702,강원,속초시,동명동 춘천지방검찰청속초지청,,20066
217-702,강원,속초시,동명동 춘천지방법원속초지원,,20067
217-809,강원,속초시,동명동,1∼452,20068
217-810,강원,속초시,동명동,453∼595,20069
217-020,강원,속초시,동명동,,20070
217-120,강원,속초시,설악동,,20071
217-010,강원,속초시,영랑동,,20072
217-130,강원,속초시,장사동,,20073
217-767,강원,속초시,조양동 대광로제비앙아파트,(101∼106동),20074
217-752,강원,속초시,조양동 부영아파트1단지,,20075
217-752,강원,속초시,조양동 부영아파트2단지,,20076
217-751,강원,속초시,조양동 부영아파트3단지,,20077
217-751,강원,속초시,조양동 부영아파트5단지,,20078
217-751,강원,속초시,조양동 부영아파트6단지,,20079
217-752,강원,속초시,조양동 부영아파트9단지,,20080
217-762,강원,속초시,조양동 삼성쉐르빌아파트,(101∼105동),20081
217-764,강원,속초시,조양동 성호아파트,,20082
217-769,강원,속초시,조양동 속초조양코아루아파트,,20083
217-766,강원,속초시,조양동 속초청대주공아파트,(101∼105동),20084
217-759,강원,속초시,조양동 주공4차아파트,,20085
217-768,강원,속초시,조양동 청초제일프라자,,20086
217-811,강원,속초시,조양동,1∼1377,20087
217-812,강원,속초시,조양동,1378∼1499,20088
217-813,강원,속초시,조양동,1500∼1560,20089
217-080,강원,속초시,조양동,,20090
217-701,강원,속초시,중앙동 속초시청,,20091
217-030,강원,속초시,중앙동 속초우체국,,20092
217-030,강원,속초시,중앙동,,20093
217-050,강원,속초시,청학동,,20094
217-090,강원,속초시,청호동,,20095
217-600,강원,속초시,속초우체국사서함,,20096
220-899,강원,원주시,가현동 사서함,502,20097
220-140,강원,원주시,가현동,,20098
220-986,강원,원주시,개운동 원주개운2단지엘에이치아파트,(201∼204동),20099
220-986,강원,원주시,개운동 원주개운3단지엘에이치아파트,(301∼304동),20100
220-721,강원,원주시,개운동 원주종합고용지원센터,,20101
220-725,강원,원주시,개운동 원주힐스테이트아파트,(101∼104동),20102
220-709,강원,원주시,개운동 지방공사강원도원주의료원,,20103
220-762,강원,원주시,개운동 한신휴플러스1차아파트,(101∼107동),20104
220-763,강원,원주시,개운동 현대아파트,,20105
220-723,강원,원주시,개운동 휴먼시아원주개운1단지아파트,(101∼108동),20106
220-930,강원,원주시,개운동,1∼202,20107
220-931,강원,원주시,개운동,203∼420,20108
220-932,강원,원주시,개운동,421∼577,20109
220-930,강원,원주시,개운동,산1,20110
220-110,강원,원주시,개운동,,20111
220-706,강원,원주시,관설동 KT강원본부,,20112
220-771,강원,원주시,관설동 청솔5차아파트,(501∼504동),20113
220-771,강원,원주시,관설동 청솔6차아파트,,20114
220-739,강원,원주시,관설동 청솔아파트,(801∼806동),20115
220-733,강원,원주시,관설동 코아루아파트,(101∼106동),20116
220-733,강원,원주시,관설동 현진에버빌4차아파트,(401∼404동),20117
220-933,강원,원주시,관설동,1∼600,20118
220-934,강원,원주시,관설동,601∼1900,20119
220-933,강원,원주시,관설동,산1,20120
220-180,강원,원주시,관설동,,20121
220-751,강원,원주시,단계동 단계아파트,,20122
220-798,강원,원주시,단계동 단계이안아파트,(101∼205동),20123
220-764,강원,원주시,단계동 동보렉스3차아파트,(101∼202동),20124
220-764,강원,원주시,단계동 동보렉스4차아파트,(101∼202동),20125
220-765,강원,원주시,단계동 라이프아파트,(101∼106동),20126
220-765,강원,원주시,단계동 벽산아파트,(101∼107동),20127
220-884,강원,원주시,단계동 봉화산e-편한세상아파트,(101∼108동),20128
220-766,강원,원주시,단계동 세경3차아파트,,20129
220-799,강원,원주시,단계동 원주봉화산주공아파트,(101∼106동),20130
220-718,강원,원주시,단계동 원주세무서,,20131
220-003,강원,원주시,단계동 원주우편집중국,,20132
220-719,강원,원주시,단계동 원주지방합동청사,,20133
220-767,강원,원주시,단계동 은행아파트,(101∼103동),20134
220-752,강원,원주시,단계동 코오롱아파트,,20135
220-936,강원,원주시,단계동 현대아파트,(101∼104동),20136
220-935,강원,원주시,단계동,1∼506,20137
220-937,강원,원주시,단계동,508∼805,20138
220-938,강원,원주시,단계동,807∼878,20139
220-939,강원,원주시,단계동,879∼1093,20140
220-100,강원,원주시,단계동,,20141
220-714,강원,원주시,단구동 강원지방우정청,,20142
220-976,강원,원주시,단구동 개운2차한신휴플러스아파트,(201∼206동),20143
220-753,강원,원주시,단구동 대림아파트,,20144
220-768,강원,원주시,단구동 대흥아파트,,20145
220-728,강원,원주시,단구동 두산아파트,(101∼105동),20146
220-769,강원,원주시,단구동 성일아파트,,20147
220-770,강원,원주시,단구동 세경5차아파트,,20148
220-730,강원,원주시,단구동 세경6차웰러스아파트,(601∼604동),20149
220-768,강원,원주시,단구동 신성미소지움아파트,(101∼105동),20150
220-974,강원,원주시,단구동 원주단관중앙하이츠아파트,(101∼112동),20151
220-090,강원,원주시,단구동 원주우체국,,20152
220-740,강원,원주시,단구동 유승아파트,,20153
220-759,강원,원주시,단구동 청솔아파트,(101∼404동),20154
220-741,강원,원주시,단구동 청솔아파트,(701∼704동),20155
220-772,강원,원주시,단구동 통일아파트,,20156
220-773,강원,원주시,단구동 한일아파트,,20157
220-730,강원,원주시,단구동 현대2차아파트,(201∼204동),20158
220-754,강원,원주시,단구동 현대아파트,,20159
220-774,강원,원주시,단구동 현진에버빌아파트,(101∼105동),20160
220-729,강원,원주시,단구동 현진에버빌아파트,(501∼607동),20161
220-940,강원,원주시,단구동,1∼540,20162
220-941,강원,원주시,단구동,541∼542,20163
220-942,강원,원주시,단구동,543∼1000,20164
220-943,강원,원주시,단구동,1001∼1465,20165
220-944,강원,원주시,단구동,1466∼1516,20166
220-941,강원,원주시,단구동,1517,20167
220-944,강원,원주시,단구동,1518∼1593,20168
220-965,강원,원주시,단구동,1594∼2026,20169
220-090,강원,원주시,단구동,,20170
220-776,강원,원주시,명륜1동 대성현대아파트,,20171
220-761,강원,원주시,명륜1동 성원아파트,,20172
220-727,강원,원주시,명륜1동 원주교육지원청,,20173
220-708,강원,원주시,명륜1동 원주지방환경청,,20174
220-775,강원,원주시,명륜1동 현대1차아파트,(101∼105동),20175
220-945,강원,원주시,명륜1동,1∼152,20176
220-947,강원,원주시,명륜1동,153∼266,20177
220-945,강원,원주시,명륜1동,267∼268,20178
220-947,강원,원주시,명륜1동,269∼374,20179
220-947,강원,원주시,명륜1동,555∼599,20180
220-945,강원,원주시,명륜1동,790∼792,20181
220-947,강원,원주시,명륜1동,793,20182
220-945,강원,원주시,명륜1동,795∼813,20183
220-945,강원,원주시,명륜1동,산2∼6,20184
220-945,강원,원주시,명륜1동,산163∼165,20185
220-041,강원,원주시,명륜1동,,20186
220-777,강원,원주시,명륜2동 단구1차아파트,(101∼211동),20187
220-777,강원,원주시,명륜2동 단구2차아파트,(101∼211동),20188
220-778,강원,원주시,명륜2동 동보노빌리티,,20189
220-755,강원,원주시,명륜2동 명륜2차아파트,,20190
220-780,강원,원주시,명륜2동 명륜행운아파트,,20191
220-756,강원,원주시,명륜2동 청구아파트,,20192
220-731,강원,원주시,명륜2동 한솔솔파크아파트,(101∼106동),20193
220-779,강원,원주시,명륜2동 현대2차아파트,(201∼204동),20194
220-724,강원,원주시,명륜2동 현진에버빌아파트,(301∼304동),20195
220-948,강원,원주시,명륜2동,375∼553,20196
220-948,강원,원주시,명륜2동,600∼789,20197
220-948,강원,원주시,명륜2동,814∼850,20198
220-948,강원,원주시,명륜2동,산17∼162,20199
220-948,강원,원주시,명륜2동,산166∼193,20200
220-042,강원,원주시,명륜2동,,20201
220-040,강원,원주시,명륜동,,20202
220-720,강원,원주시,무실동 국민연금공단원주지사,,20203
220-784,강원,원주시,무실동 무실6단지휴먼시아아파트,(601∼611동),20204
220-981,강원,원주시,무실동 무실이편한세상아파트,(201∼208동),20205
220-738,강원,원주시,무실동 요진보네르카운티아파트,(101∼109동),20206
220-704,강원,원주시,무실동 원주교도소,,20207
220-978,강원,원주시,무실동 원주무실5단지아파트,(501∼506동),20208
220-979,강원,원주시,무실동 원주무실7단지아파트,(701∼708동),20209
220-982,강원,원주시,무실동 원주무실8단지엘에이치아파트,(801∼810동),20210
220-700,강원,원주시,무실동 원주무실부영아파트,(101∼110동),20211
220-703,강원,원주시,무실동 원주시청,,20212
220-915,강원,원주시,무실동 원주지방고용노동청원주지청,,20213
220-744,강원,원주시,무실동 주공아파트,(101∼109동),20214
220-732,강원,원주시,무실동 주공뜨란채아파트,(201∼208동),20215
220-742,강원,원주시,무실동 주공아파트,(301∼311동),20216
220-781,강원,원주시,무실동 주공아파트,(401∼410동),20217
220-715,강원,원주시,무실동 춘천지방법원원주지원,,20218
220-150,강원,원주시,무실동,,20219
220-788,강원,원주시,반곡동 도로교통공단TBN강원교통방송,,20220
220-970,강원,원주시,반곡동 반곡아이파크아파트,(101∼119동),20221
220-972,강원,원주시,반곡동 벽산블루밍아파트,(101∼204동),20222
220-838,강원,원주시,반곡동 사서함,87,20223
220-170,강원,원주시,반곡동,,20224
220-734,강원,원주시,봉산동 동신아파트,(101∼105동),20225
220-782,강원,원주시,봉산동 삼익아파트,,20226
220-722,강원,원주시,봉산동 아포리배말타운아파트,(101∼105동),20227
220-707,강원,원주시,봉산동 원주경찰서,,20228
220-950,강원,원주시,봉산동,1∼1000,20229
220-951,강원,원주시,봉산동,1001∼1104,20230
220-950,강원,원주시,봉산동,1105∼1202,20231
220-951,강원,원주시,봉산동,산1∼5,20232
220-080,강원,원주시,봉산동,,20233
220-736,강원,원주시,우산동 강원도산업경제진흥원,,20234
220-783,강원,원주시,우산동 동보렉스아파트,(101∼206동),20235
220-717,강원,원주시,우산동 상지대학교부속한방병원,,20236
220-702,강원,원주시,우산동 상지대학교,,20237
220-713,강원,원주시,우산동 상지영서대학,,20238
220-914,강원,원주시,우산동 신일유토빌아파트,(101∼115동),20239
220-726,강원,원주시,우산동 한라비발디아파트,(101∼113동),20240
220-952,강원,원주시,우산동,1∼129,20241
220-953,강원,원주시,우산동,130-(1),20242
220-954,강원,원주시,우산동,131∼156,20243
220-953,강원,원주시,우산동,157,20244
220-955,강원,원주시,우산동,158∼399,20245
220-952,강원,원주시,우산동,400∼810,20246
220-130,강원,원주시,우산동,,20247
220-760,강원,원주시,원동 원동1단지아파트,(101∼112동),20248
220-760,강원,원주시,원동 원동2단지아파트,(201∼217동),20249
220-901,강원,원주시,원동,1∼243,20250
220-902,강원,원주시,원동,244∼310,20251
220-060,강원,원주시,원동,,20252
220-070,강원,원주시,인동,,20253
220-785,강원,원주시,일산동 국제아파트,,20254
220-701,강원,원주시,일산동 연세대학교원주의과대학기독병원,,20255
220-786,강원,원주시,일산동 우보삼성아파트,,20256
220-956,강원,원주시,일산동,1∼180,20257
220-957,강원,원주시,일산동,181∼282,20258
220-958,강원,원주시,일산동,283∼356,20259
220-050,강원,원주시,일산동,,20260
220-903,강원,원주시,중앙동,1∼81,20261
220-904,강원,원주시,중앙동,82∼273,20262
220-880,강원,원주시,중앙동 한화생명보험,,20263
220-010,강원,원주시,중앙동,,20264
220-757,강원,원주시,태장1동 성호아파트,(101∼104동),20265
220-757,강원,원주시,태장1동 성호샤인힐즈아파트,(201∼205동),20266
220-787,강원,원주시,태장1동 태장동보아파트,(701∼803동),20267
220-789,강원,원주시,태장1동 현대아파트,,20268
220-737,강원,원주시,태장1동 흥화브라운빌,(101∼108동),20269
220-967,강원,원주시,태장1동,1∼347,20270
220-966,강원,원주시,태장1동,620∼642,20271
220-966,강원,원주시,태장1동,663∼881,20272
220-966,강원,원주시,태장1동,산97∼125,20273
220-966,강원,원주시,태장1동,산142∼197,20274
220-121,강원,원주시,태장1동,,20275
220-735,강원,원주시,태장2동 금광포란재아파트,(101∼119동),20276
220-790,강원,원주시,태장2동 대흥아파트,,20277
220-791,강원,원주시,태장2동 두진백로아파트,,20278
220-792,강원,원주시,태장2동 백운아파트,(201∼304동),20279
220-793,강원,원주시,태장2동 삼정백조아파트,,20280
220-874,강원,원주시,태장2동 상록프라자아파트,(1∼7동),20281
220-794,강원,원주시,태장2동 영진2차아파트,,20282
220-973,강원,원주시,태장2동 요진보네르카운티2차아파트,(101∼107동),20283
220-873,강원,원주시,태장2동 정암아파트,(1∼5동),20284
220-758,강원,원주시,태장2동 주공아파트,,20285
220-870,강원,원주시,태장2동 진우아파트,(1∼8동),20286
220-871,강원,원주시,태장2동 태봉우성2차아파트,(201∼205동),20287
220-975,강원,원주시,태장2동 태장주공4단지아파트,(401∼407동),20288
220-960,강원,원주시,태장2동,350∼619,20289
220-960,강원,원주시,태장2동,643∼652,20290
220-959,강원,원주시,태장2동,821∼842,20291
220-959,강원,원주시,태장2동,882∼898,20292
220-961,강원,원주시,태장2동,902∼1328,20293
220-961,강원,원주시,태장2동,1331∼1334,20294
220-962,강원,원주시,태장2동,1347∼2712,20295
220-962,강원,원주시,태장2동,산1∼87,20296
220-962,강원,원주시,태장2동,산200∼334,20297
220-122,강원,원주시,태장2동,,20298
220-899,강원,원주시,태장동 사서함,502,20299
220-120,강원,원주시,태장동,,20300
220-020,강원,원주시,평원동,,20301
220-705,강원,원주시,학성동 KT원주지사,,20302
220-716,강원,원주시,학성동 MBC원주문화방송(주),,20303
220-898,강원,원주시,학성동 사서함,133,20304
220-795,강원,원주시,학성동 삼천리아파트,(101∼303동),20305
220-796,강원,원주시,학성동 영진로얄맨션,,20306
220-715,강원,원주시,학성동 춘천지방검찰청원주지청,,20307
220-963,강원,원주시,학성동,1∼213,20308
220-964,강원,원주시,학성동,214∼310,20309
220-963,강원,원주시,학성동,311∼430,20310
220-964,강원,원주시,학성동,431∼488,20311
220-963,강원,원주시,학성동,489∼1201,20312
220-030,강원,원주시,학성동,,20313
220-797,강원,원주시,행구동 건영아파트,,20314
220-971,강원,원주시,행구동 금강아미움아파트,(101∼108동),20315
220-743,강원,원주시,행구동 현대아파트,,20316
220-977,강원,원주시,행구동 효성백년가약아파트,(101∼111동),20317
220-160,강원,원주시,행구동,,20318
220-801,강원,원주시,문막읍 건등1리,,20319
220-801,강원,원주시,문막읍 건등2리,,20320
220-801,강원,원주시,문막읍 건등3리,,20321
220-802,강원,원주시,문막읍 건등4리,,20322
220-802,강원,원주시,문막읍 건등5리,,20323
220-802,강원,원주시,문막읍 건등6리,,20324
220-803,강원,원주시,문막읍 건등7리,,20325
220-803,강원,원주시,문막읍 건등8리,,20326
220-808,강원,원주시,문막읍 건등9리,,20327
220-746,강원,원주시,문막읍 건등리 덕원아파트,(101∼102동),20328
220-886,강원,원주시,문막읍 건등리 문막극동스타클래스아파트,(101∼107동),20329
220-801,강원,원주시,문막읍 건등리,,20330
220-804,강원,원주시,문막읍 궁촌리,,20331
220-805,강원,원주시,문막읍 대둔리,,20332
220-801,강원,원주시,문막읍 동화1리,,20333
220-801,강원,원주시,문막읍 동화2리,,20334
220-801,강원,원주시,문막읍 동화3리,,20335
220-876,강원,원주시,문막읍 동화4리 만도사원아파트,(101∼111동),20336
220-803,강원,원주시,문막읍 동화4리,,20337
220-803,강원,원주시,문막읍 동화5리,,20338
220-803,강원,원주시,문막읍 동화6리,,20339
220-803,강원,원주시,문막읍 동화7리,,20340
220-802,강원,원주시,문막읍 동화8리,,20341
220-802,강원,원주시,문막읍 동화9리,,20342
220-747,강원,원주시,문막읍 동화10리 현진아파트,(101∼106동),20343
220-802,강원,원주시,문막읍 동화10리,,20344
220-802,강원,원주시,문막읍 동화11리,,20345
220-802,강원,원주시,문막읍 동화12리,,20346
220-746,강원,원주시,문막읍 동화리 동보6차아파트,(101∼102동),20347
220-878,강원,원주시,문막읍 동화리 동화첨단의료기기산업단지,,20348
220-745,강원,원주시,문막읍 동화리 부영아파트,(101∼115동),20349
220-801,강원,원주시,문막읍 동화리,,20350
220-806,강원,원주시,문막읍 문막리,,20351
220-805,강원,원주시,문막읍 반계리,,20352
220-804,강원,원주시,문막읍 비두리,,20353
220-807,강원,원주시,문막읍 취병리,,20354
220-807,강원,원주시,문막읍 포진리,,20355
220-804,강원,원주시,문막읍 후용리,,20356
220-800,강원,원주시,문막읍,,20357
220-851,강원,원주시,귀래면 귀래리,,20358
220-852,강원,원주시,귀래면 용암리,,20359
220-851,강원,원주시,귀래면 운계리,,20360
220-853,강원,원주시,귀래면 운남리,,20361
220-852,강원,원주시,귀래면 주포리,,20362
220-850,강원,원주시,귀래면,,20363
220-811,강원,원주시,부론면 노림리,,20364
220-812,강원,원주시,부론면 단강리,,20365
220-811,강원,원주시,부론면 법천1리,,20366
220-813,강원,원주시,부론면 법천2리,,20367
220-814,강원,원주시,부론면 법천3리,,20368
220-811,강원,원주시,부론면 법천리,,20369
220-813,강원,원주시,부론면 손곡리,,20370
220-812,강원,원주시,부론면 정산1리,,20371
220-814,강원,원주시,부론면 정산2리,,20372
220-814,강원,원주시,부론면 정산3리,,20373
220-814,강원,원주시,부론면 정산4리,,20374
220-812,강원,원주시,부론면 정산리,,20375
220-811,강원,원주시,부론면 흥호리,,20376
220-810,강원,원주시,부론면,,20377
220-831,강원,원주시,소초면 교항리,,20378
220-832,강원,원주시,소초면 둔둔리,,20379
220-838,강원,원주시,소초면 수암리 사서함,87,20380
220-833,강원,원주시,소초면 수암리,,20381
220-839,강원,원주시,소초면 의관리 사서함,323,20382
220-832,강원,원주시,소초면 의관리,,20383
220-833,강원,원주시,소초면 장양1리,,20384
220-833,강원,원주시,소초면 장양2리,,20385
220-834,강원,원주시,소초면 장양3리,,20386
220-834,강원,원주시,소초면 장양4리,,20387
220-834,강원,원주시,소초면 장양5리,,20388
220-834,강원,원주시,소초면 장양6리,,20389
220-834,강원,원주시,소초면 장양7리,,20390
220-834,강원,원주시,소초면 장양8리,,20391
220-749,강원,원주시,소초면 장양리 영진1차아파트,(101∼103동),20392
220-749,강원,원주시,소초면 장양리 영진4차아파트,(101∼103동),20393
220-833,강원,원주시,소초면 장양리,,20394
220-835,강원,원주시,소초면 평장리,,20395
220-831,강원,원주시,소초면 학곡리,,20396
220-836,강원,원주시,소초면 흥양리,,20397
220-830,강원,원주시,소초면,,20398
220-861,강원,원주시,신림면 구학리,,20399
220-862,강원,원주시,신림면 금창리,,20400
220-863,강원,원주시,신림면 성남리,,20401
220-864,강원,원주시,신림면 송계리,,20402
220-862,강원,원주시,신림면 신림리,,20403
220-861,강원,원주시,신림면 용암리,,20404
220-864,강원,원주시,신림면 황둔리,,20405
220-860,강원,원주시,신림면,,20406
220-821,강원,원주시,지정면 가곡리,,20407
220-822,강원,원주시,지정면 간현리,,20408
220-822,강원,원주시,지정면 보통리,,20409
220-823,강원,원주시,지정면 신평리,,20410
220-824,강원,원주시,지정면 안창리,,20411
220-821,강원,원주시,지정면 월송리,,20412
220-824,강원,원주시,지정면 판대리,,20413
220-820,강원,원주시,지정면,,20414
220-913,강원,원주시,판부면 금대리,,20415
220-750,강원,원주시,판부면 서곡리 거장2차아파트,(101∼105동),20416
220-899,강원,원주시,판부면 서곡리 사서함,502,20417
220-885,강원,원주시,판부면 서곡리 포스코더샵아파트,(101∼110동),20418
220-912,강원,원주시,판부면 서곡리,,20419
220-911,강원,원주시,판부면 신촌리,,20420
220-910,강원,원주시,판부면,,20421
220-921,강원,원주시,호저면 고산리,,20422
220-922,강원,원주시,호저면 광격리,,20423
220-923,강원,원주시,호저면 대덕리,,20424
220-924,강원,원주시,호저면 만종리,,20425
220-925,강원,원주시,호저면 매호리,,20426
220-925,강원,원주시,호저면 무장리,,20427
220-925,강원,원주시,호저면 산현리,,20428
220-923,강원,원주시,호저면 옥산리,,20429
220-925,강원,원주시,호저면 용곡리,,20430
220-926,강원,원주시,호저면 주산리,,20431
220-920,강원,원주시,호저면,,20432
220-841,강원,원주시,흥업면 대안리,,20433
220-710,강원,원주시,흥업면 매지리 연세대학교원주캠퍼스,,20434
220-748,강원,원주시,흥업면 매지리 원주매지청솔아파트,(101∼104동),20435
220-748,강원,원주시,흥업면 매지리 현대아파트,(101∼106동),20436
220-842,강원,원주시,흥업면 매지리,,20437
220-843,강원,원주시,흥업면 사제리,,20438
220-711,강원,원주시,흥업면 흥업리 강릉원주대학교원주캠퍼스,,20439
220-980,강원,원주시,흥업면 흥업리 남원주두산위브아파트,(101∼109동),20440
220-712,강원,원주시,흥업면 흥업리 한라대학교,,20441
220-844,강원,원주시,흥업면 흥업리,,20442
220-840,강원,원주시,흥업면,,20443
220-600,강원,원주시,원주우체국사서함,,20444
200-704,강원,춘천시,교동 춘천성심병원,,20445
200-060,강원,춘천시,교동,,20446
200-720,강원,춘천시,근화동 국민건강보험공단춘천지사,,20447
200-780,강원,춘천시,근화동 신성미소지움아파트,(101∼112동),20448
200-930,강원,춘천시,근화동,1∼235,20449
200-931,강원,춘천시,근화동,236∼802,20450
200-930,강원,춘천시,근화동,803,20451
200-130,강원,춘천시,근화동,,20452
200-100,강원,춘천시,낙원동,,20453
200-700,강원,춘천시,봉의동 강원도청,,20454
200-020,강원,춘천시,봉의동,,20455
200-713,강원,춘천시,사농동 강원도교육청,,20456
200-741,강원,춘천시,사농동 롯데캐슬더퍼스트1단지아파트,(101∼104동),20457
200-741,강원,춘천시,사농동 롯데캐슬더퍼스트2단지아파트,(201∼204동),20458
200-764,강원,춘천시,사농동 현대아파트,,20459
200-140,강원,춘천시,사농동,,20460
200-718,강원,춘천시,삼천동 MBC춘천문화방송,,20461
200-200,강원,춘천시,삼천동,,20462
200-765,강원,춘천시,석사동 그랜드아파트,,20463
200-765,강원,춘천시,석사동 대우아파트,,20464
200-726,강원,춘천시,석사동 두산아파트,(101∼106동),20465
200-768,강원,춘천시,석사동 삼익아파트,(101∼202동),20466
200-766,강원,춘천시,석사동 석사3지구부영아파트,(101∼105동),20467
200-773,강원,춘천시,석사동 진흥아파트,(101∼105동),20468
200-703,강원,춘천시,석사동 춘천교육대학교,,20469
200-761,강원,춘천시,석사동 퇴계주공아파트,(301∼521동),20470
200-767,강원,춘천시,석사동 현대3차아파트,(301∼308동),20471
200-776,강원,춘천시,석사동 현진에버빌아파트,(101∼213동),20472
200-932,강원,춘천시,석사동,1∼34,20473
200-933,강원,춘천시,석사동,35∼339,20474
200-934,강원,춘천시,석사동,340∼495,20475
200-935,강원,춘천시,석사동,496∼683,20476
200-936,강원,춘천시,석사동,684∼827,20477
200-933,강원,춘천시,석사동,828∼860,20478
200-972,강원,춘천시,석사동,861∼867,20479
200-936,강원,춘천시,석사동,868,20480
200-972,강원,춘천시,석사동,869∼1036,20481
200-932,강원,춘천시,석사동,산13∼44,20482
200-972,강원,춘천시,석사동,산64∼75,20483
200-180,강원,춘천시,석사동,,20484
200-111,강원,춘천시,소양로1가,,20485
200-729,강원,춘천시,소양로2가 소양로현대아파트,(101∼107동),20486
200-112,강원,춘천시,소양로2가,,20487
200-709,강원,춘천시,소양로3가 KT춘천지사,,20488
200-113,강원,춘천시,소양로3가,,20489
200-114,강원,춘천시,소양로4가,,20490
200-210,강원,춘천시,송암동,,20491
200-829,강원,춘천시,신동 사서함,114,20492
200-240,강원,춘천시,신동,,20493
200-120,강원,춘천시,약사동,,20494
200-708,강원,춘천시,옥천동 춘천시청,,20495
200-702,강원,춘천시,옥천동 한림대학교,,20496
200-010,강원,춘천시,옥천동,,20497
200-721,강원,춘천시,온의동 국민연금공단춘천지사,,20498
200-769,강원,춘천시,온의동 금호아파트,(101∼303동),20499
200-937,강원,춘천시,온의동,1∼326,20500
200-938,강원,춘천시,온의동,327∼571,20501
200-937,강원,춘천시,온의동,572,20502
200-937,강원,춘천시,온의동,산10,20503
200-937,강원,춘천시,온의동,산76,20504
200-190,강원,춘천시,온의동,,20505
200-030,강원,춘천시,요선동,,20506
200-779,강원,춘천시,우두동 강변코아루아파트,(101∼117동),20507
200-789,강원,춘천시,우두동 도로교통공단강원도지부,,20508
200-770,강원,춘천시,우두동 동부아파트,,20509
200-772,강원,춘천시,우두동 두미르아파트,,20510
200-778,강원,춘천시,우두동 롯데인벤스아파트,(101∼116동),20511
200-829,강원,춘천시,우두동 사서함,114,20512
200-770,강원,춘천시,우두동 삼성아파트,,20513
200-939,강원,춘천시,우두동,1∼763,20514
200-940,강원,춘천시,우두동,764∼1068,20515
200-150,강원,춘천시,우두동,,20516
200-706,강원,춘천시,운교동 신한은행강원영업부지점,,20517
200-080,강원,춘천시,운교동,,20518
200-942,강원,춘천시,조양동 지하상가,,20519
200-941,강원,춘천시,조양동,1∼33,20520
200-942,강원,춘천시,조양동,34,20521
200-941,강원,춘천시,조양동,35∼147,20522
200-070,강원,춘천시,조양동,,20523
200-050,강원,춘천시,죽림동,,20524
200-230,강원,춘천시,중도동,,20525
200-705,강원,춘천시,중앙로1가 강원일보사,,20526
200-041,강원,춘천시,중앙로1가,,20527
200-042,강원,춘천시,중앙로2가,,20528
200-043,강원,춘천시,중앙로3가,,20529
200-829,강원,춘천시,칠전동 사서함,114,20530
200-763,강원,춘천시,칠전동 칠전대우아파트,(101∼209동),20531
200-220,강원,춘천시,칠전동,,20532
200-943,강원,춘천시,퇴계동 11토지,1∼53블록,20533
200-717,강원,춘천시,퇴계동 KBS춘천방송총국,,20534
200-752,강원,춘천시,퇴계동 그린타운아파트,,20535
200-751,강원,춘천시,퇴계동 금호2차아파트,(201∼208동),20536
200-760,강원,춘천시,퇴계동 주공1차아파트,(101∼108동),20537
200-760,강원,춘천시,퇴계동 주공2차아파트,(201∼217동),20538
200-762,강원,춘천시,퇴계동 주공6차아파트,(601∼608동),20539
200-783,강원,춘천시,퇴계동 중앙하이츠빌1단지아파트,(101∼107동),20540
200-783,강원,춘천시,퇴계동 중앙하이츠빌2단지아파트,(201∼204동),20541
200-783,강원,춘천시,퇴계동 중앙하이츠빌3단지아파트,(301∼307동),20542
200-775,강원,춘천시,퇴계동 퇴계뜨란채아파트,(1001∼1011동),20543
200-777,강원,춘천시,퇴계동 퇴계이안아파트,(101∼112동),20544
200-774,강원,춘천시,퇴계동 퇴계주공아파트,(701∼806동),20545
200-753,강원,춘천시,퇴계동 현대아파트,(101∼209동),20546
200-785,강원,춘천시,퇴계동 휴먼시아남춘천1단지아파트,(101∼110동),20547
200-785,강원,춘천시,퇴계동 휴먼시아남춘천2단지아파트,(201∼205동),20548
200-943,강원,춘천시,퇴계동,1∼620,20549
200-944,강원,춘천시,퇴계동,621∼912,20550
200-945,강원,춘천시,퇴계동,913∼914,20551
200-946,강원,춘천시,퇴계동,915∼917,20552
200-945,강원,춘천시,퇴계동,918∼983,20553
200-965,강원,춘천시,퇴계동,984∼1040,20554
200-966,강원,춘천시,퇴계동,1041∼1134,20555
200-943,강원,춘천시,퇴계동,1135∼1193,20556
200-943,강원,춘천시,퇴계동,산1∼31,20557
200-944,강원,춘천시,퇴계동,산34∼71,20558
200-170,강원,춘천시,퇴계동,,20559
200-799,강원,춘천시,효자1동 춘천경찰서,,20560
200-091,강원,춘천시,효자1동 춘천우체국,,20561
200-949,강원,춘천시,효자1동,427∼474,20562
200-949,강원,춘천시,효자1동,483∼589,20563
200-954,강원,춘천시,효자1동,590∼597,20564
200-949,강원,춘천시,효자1동,660∼662,20565
200-949,강원,춘천시,효자1동,670,20566
200-954,강원,춘천시,효자1동,671∼691,20567
200-949,강원,춘천시,효자1동,818,20568
200-949,강원,춘천시,효자1동,산40,20569
200-091,강원,춘천시,효자1동,,20570
200-701,강원,춘천시,효자2동 강원대학교,,20571
200-724,강원,춘천시,효자2동 동보아파트,(101∼103동),20572
200-716,강원,춘천시,효자2동 춘천지방검찰청,,20573
200-715,강원,춘천시,효자2동 춘천지방법원,,20574
200-951,강원,춘천시,효자2동,63∼113,20575
200-951,강원,춘천시,효자2동,115∼148,20576
200-952,강원,춘천시,효자2동,149∼166,20577
200-948,강원,춘천시,효자2동,167∼176,20578
200-952,강원,춘천시,효자2동,177∼183,20579
200-948,강원,춘천시,효자2동,184∼249,20580
200-953,강원,춘천시,효자2동,250∼278,20581
200-948,강원,춘천시,효자2동,279∼299,20582
200-953,강원,춘천시,효자2동,300∼308,20583
200-948,강원,춘천시,효자2동,309∼359,20584
200-953,강원,춘천시,효자2동,360∼396,20585
200-948,강원,춘천시,효자2동,397∼401,20586
200-952,강원,춘천시,효자2동,402∼426,20587
200-952,강원,춘천시,효자2동,475∼482,20588
200-951,강원,춘천시,효자2동,598∼603,20589
200-951,강원,춘천시,효자2동,608∼611,20590
200-952,강원,춘천시,효자2동,647∼659,20591
200-953,강원,춘천시,효자2동,663∼664,20592
200-952,강원,춘천시,효자2동,665∼669,20593
200-953,강원,춘천시,효자2동,692∼739,20594
200-952,강원,춘천시,효자2동,820,20595
200-948,강원,춘천시,효자2동,산25∼29,20596
200-952,강원,춘천시,효자2동,산32,20597
200-092,강원,춘천시,효자2동,,20598
200-722,강원,춘천시,효자3동 강원대학교병원,,20599
200-947,강원,춘천시,효자3동,1∼18,20600
200-950,강원,춘천시,효자3동,19∼46,20601
200-947,강원,춘천시,효자3동,47∼62,20602
200-947,강원,춘천시,효자3동,114-(1∼359),20603
200-947,강원,춘천시,효자3동,604∼607,20604
200-947,강원,춘천시,효자3동,612∼634,20605
200-950,강원,춘천시,효자3동,635∼646,20606
200-950,강원,춘천시,효자3동,740∼741,20607
200-950,강원,춘천시,효자3동,742∼759,20608
200-950,강원,춘천시,효자3동,760∼817,20609
200-947,강원,춘천시,효자3동,819,20610
200-947,강원,춘천시,효자3동,산7,20611
200-093,강원,춘천시,효자3동,,20612
200-090,강원,춘천시,효자동,,20613
200-707,강원,춘천시,후평1동 도민일보사,,20614
200-756,강원,춘천시,후평1동 세경3차아파트,(301∼302동),20615
200-723,강원,춘천시,후평1동 춘천지방합동청사,,20616
200-957,강원,춘천시,후평1동,99∼413,20617
200-959,강원,춘천시,후평1동,507∼559,20618
200-957,강원,춘천시,후평1동,560∼677,20619
200-959,강원,춘천시,후평1동,684∼686,20620
200-959,강원,춘천시,후평1동,693,20621
200-959,강원,춘천시,후평1동,704∼711,20622
200-959,강원,춘천시,후평1동,713∼719,20623
200-959,강원,춘천시,후평1동,720∼726,20624
200-959,강원,춘천시,후평1동,728∼789,20625
200-959,강원,춘천시,후평1동,842∼862,20626
200-957,강원,춘천시,후평1동,산11,20627
200-960,강원,춘천시,후평1동,산14∼16,20628
200-161,강원,춘천시,후평1동,,20629
200-755,강원,춘천시,후평2동 주공5단지아파트,(501∼513동),20630
200-755,강원,춘천시,후평3동 주공6단지아파트,(601∼610동),20631
200-755,강원,춘천시,후평3동 주공7단지아파트,(701∼714동),20632
200-781,강원,춘천시,후평2동 포스코더샵아파트,(101∼112동),20633
200-754,강원,춘천시,후평2동 한신아파트,(1∼5동),20634
200-955,강원,춘천시,후평2동,21∼42,20635
200-955,강원,춘천시,후평2동,67∼69,20636
200-958,강원,춘천시,후평2동,442∼445,20637
200-958,강원,춘천시,후평2동,474∼506,20638
200-969,강원,춘천시,후평2동,678∼683,20639
200-969,강원,춘천시,후평2동,687∼692,20640
200-961,강원,춘천시,후평2동,694∼699,20641
200-961,강원,춘천시,후평2동,790∼793,20642
200-961,강원,춘천시,후평2동,796∼800,20643
200-961,강원,춘천시,후평2동,832∼835,20644
200-961,강원,춘천시,후평2동,837∼841,20645
200-964,강원,춘천시,후평2동,863∼865,20646
200-992,강원,춘천시,후평2동,901∼902,20647
200-992,강원,춘천시,후평2동,산32,20648
200-162,강원,춘천시,후평2동,,20649
200-759,강원,춘천시,후평3동 석사2지구아파트,(201∼206동),20650
200-759,강원,춘천시,후평3동 석사3지구아파트,(301∼304동),20651
200-757,강원,춘천시,후평3동 주공3차아파트,(301∼328동),20652
200-758,강원,춘천시,후평3동 현대아파트,(201∼401동),20653
200-963,강원,춘천시,후평3동,1∼20,20654
200-963,강원,춘천시,후평3동,43∼66,20655
200-956,강원,춘천시,후평3동,70∼98,20656
200-956,강원,춘천시,후평3동,414∼441,20657
200-956,강원,춘천시,후평3동,446∼473,20658
200-956,강원,춘천시,후평3동,700∼703,20659
200-956,강원,춘천시,후평3동,727,20660
200-956,강원,춘천시,후평3동,794∼795,20661
200-962,강원,춘천시,후평3동,801∼831,20662
200-962,강원,춘천시,후평3동,836,20663
200-963,강원,춘천시,후평3동,866∼899,20664
200-993,강원,춘천시,후평3동,900,20665
200-163,강원,춘천시,후평3동,,20666
200-160,강원,춘천시,후평동,,20667
200-821,강원,춘천시,신북읍 발산리,,20668
200-829,강원,춘천시,신북읍 산천리 사서함,114,20669
200-822,강원,춘천시,신북읍 산천리,,20670
200-829,강원,춘천시,신북읍 용산리 사서함,114,20671
200-823,강원,춘천시,신북읍 용산리,,20672
200-824,강원,춘천시,신북읍 유포리,,20673
200-829,강원,춘천시,신북읍 율문리 사서함,114,20674
200-821,강원,춘천시,신북읍 율문리,,20675
200-822,강원,춘천시,신북읍 지내리,,20676
200-829,강원,춘천시,신북읍 천전리 사서함,114,20677
200-824,강원,춘천시,신북읍 천전리,,20678
200-820,강원,춘천시,신북읍,,20679
200-921,강원,춘천시,남면 가정리,,20680
200-921,강원,춘천시,남면 관천리,,20681
200-921,강원,춘천시,남면 박암리,,20682
200-922,강원,춘천시,남면 발산리,,20683
200-922,강원,춘천시,남면 추곡리,,20684
250-857,강원,춘천시,남면 한덕리,,20685
200-922,강원,춘천시,남면 후동리,,20686
200-920,강원,춘천시,남면,,20687
200-911,강원,춘천시,남산면 강촌1리,,20688
200-912,강원,춘천시,남산면 강촌2리,,20689
200-911,강원,춘천시,남산면 강촌리,,20690
200-913,강원,춘천시,남산면 광판리,,20691
200-911,강원,춘천시,남산면 방곡리,,20692
200-914,강원,춘천시,남산면 방하리,,20693
200-914,강원,춘천시,남산면 백양리,,20694
250-858,강원,춘천시,남산면 산수리,,20695
200-914,강원,춘천시,남산면 서천리,,20696
200-915,강원,춘천시,남산면 수동리,,20697
200-911,강원,춘천시,남산면 창촌리,,20698
200-913,강원,춘천시,남산면 행촌리,,20699
200-910,강원,춘천시,남산면,,20700
200-851,강원,춘천시,동면 감정리,,20701
200-784,강원,춘천시,동면 만천리 춘천만천LH아파트,(101∼109동),20702
200-782,강원,춘천시,동면 만천리 한일유앤아이아파트,(101∼107동),20703
200-852,강원,춘천시,동면 만천리,,20704
200-851,강원,춘천시,동면 상걸리,,20705
200-851,강원,춘천시,동면 신이리,,20706
200-853,강원,춘천시,동면 월곡리,,20707
200-795,강원,춘천시,동면 장학리 두산위브아파트,(101∼108동),20708
200-719,강원,춘천시,동면 장학리 주식회사지원(G1),,20709
200-711,강원,춘천시,동면 장학리 한림성심대학,,20710
200-853,강원,춘천시,동면 장학리,,20711
200-853,강원,춘천시,동면 지내리,,20712
200-851,강원,춘천시,동면 평촌리,,20713
200-854,강원,춘천시,동면 품걸리,,20714
200-854,강원,춘천시,동면 품안리,,20715
200-850,강원,춘천시,동면,,20716
200-714,강원,춘천시,동내면 거두리 강원지방경찰청,,20717
200-771,강원,춘천시,동내면 거두리 부영아파트,,20718
200-710,강원,춘천시,동내면 거두리 춘천교도소,,20719
200-883,강원,춘천시,동내면 거두리,,20720
200-881,강원,춘천시,동내면 고은리,,20721
200-882,강원,춘천시,동내면 사암리,,20722
200-881,강원,춘천시,동내면 신촌리,,20723
200-829,강원,춘천시,동내면 학곡리 사서함,114,20724
200-882,강원,춘천시,동내면 학곡리,,20725
200-880,강원,춘천시,동내면,,20726
200-841,강원,춘천시,동산면 군자리,,20727
200-842,강원,춘천시,동산면 봉명리,,20728
200-712,강원,춘천시,동산면 원창리 한국폴리텍Ⅲ대학,,20729
200-843,강원,춘천시,동산면 원창리,,20730
200-842,강원,춘천시,동산면 조양1리,,20731
200-842,강원,춘천시,동산면 조양2리,,20732
200-842,강원,춘천시,동산면 조양3리,,20733
200-841,강원,춘천시,동산면 조양4리,,20734
200-842,강원,춘천시,동산면 조양리,,20735
200-840,강원,춘천시,동산면,,20736
209-826,강원,춘천시,북산면 내평리,,20737
209-828,강원,춘천시,북산면 대곡리,,20738
209-828,강원,춘천시,북산면 대동리,,20739
250-826,강원,춘천시,북산면 물로리,,20740
209-826,강원,춘천시,북산면 부귀리,,20741
209-826,강원,춘천시,북산면 오항리,,20742
250-826,강원,춘천시,북산면 조교리,,20743
209-825,강원,춘천시,북산면 청평1리,,20744
200-871,강원,춘천시,북산면 청평2리,,20745
209-824,강원,춘천시,북산면 추곡리,,20746
209-826,강원,춘천시,북산면 추전리,,20747
200-870,강원,춘천시,북산면,,20748
200-861,강원,춘천시,사북면 가일리,,20749
200-862,강원,춘천시,사북면 고성리,,20750
200-862,강원,춘천시,사북면 고탄리,,20751
200-862,강원,춘천시,사북면 송암리,,20752
209-838,강원,춘천시,사북면 신포리 사서함,93-(10),20753
200-861,강원,춘천시,사북면 신포리,,20754
200-863,강원,춘천시,사북면 오탄리,,20755
200-864,강원,춘천시,사북면 원평리,,20756
200-862,강원,춘천시,사북면 인람리,,20757
200-864,강원,춘천시,사북면 지암리,,20758
200-863,강원,춘천시,사북면 지촌리,,20759
200-860,강원,춘천시,사북면,,20760
200-831,강원,춘천시,서면 금산리,,20761
200-832,강원,춘천시,서면 당림리,,20762
200-833,강원,춘천시,서면 덕두원리,,20763
200-831,강원,춘천시,서면 방동리,,20764
200-835,강원,춘천시,서면 서상리,,20765
200-835,강원,춘천시,서면 신매리,,20766
200-832,강원,춘천시,서면 안보리,,20767
200-829,강원,춘천시,서면 오월리 사서함,114,20768
200-834,강원,춘천시,서면 오월리,,20769
200-831,강원,춘천시,서면 월송리,,20770
200-831,강원,춘천시,서면 현암리,,20771
200-830,강원,춘천시,서면,,20772
200-811,강원,춘천시,신동면 의암리,,20773
200-812,강원,춘천시,신동면 정족리,,20774
200-829,강원,춘천시,신동면 증리 사서함,114,20775
200-812,강원,춘천시,신동면 증리,,20776
200-829,강원,춘천시,신동면 팔미리 사서함,114,20777
200-811,강원,춘천시,신동면 팔미리,,20778
200-812,강원,춘천시,신동면 혈동리,,20779
200-810,강원,춘천시,신동면,,20780
200-600,강원,춘천시,춘천우체국사서함,,20781
235-290,강원,태백시,구문소동,,20782
235-110,강원,태백시,금천동,,20783
235-210,강원,태백시,동점동,,20784
235-120,강원,태백시,문곡동,,20785
235-220,강원,태백시,백산동,,20786
235-270,강원,태백시,삼수동,,20787
235-240,강원,태백시,상사미동,,20788
235-716,강원,태백시,상장동 유진2차아파트,,20789
235-715,강원,태백시,상장동 유진아파트,,20790
235-712,강원,태백시,상장동 주공아파트,(101∼109동),20791
235-713,강원,태백시,상장동 주공아파트,(201∼214동),20792
235-719,강원,태백시,상장동 청솔아파트,,20793
235-701,강원,태백시,상장동 태백시청,,20794
235-714,강원,태백시,상장동 현대아파트,,20795
235-800,강원,태백시,황지동,1∼250,20796
235-801,강원,태백시,황지동,251∼340,20797
235-802,강원,태백시,황지동,341∼500,20798
235-803,강원,태백시,황지동,501∼673,20799
235-019,강원,태백시,상장동,,20800
235-030,강원,태백시,소도동,,20801
235-230,강원,태백시,원동,,20802
235-704,강원,태백시,장성동 대한석탄공사,,20803
235-717,강원,태백시,장성동 문화아파트,,20804
235-702,강원,태백시,장성동 태백경찰서,,20805
235-703,강원,태백시,장성동 태백중앙병원,,20806
235-100,강원,태백시,장성동,,20807
235-060,강원,태백시,적각동,,20808
235-260,강원,태백시,조탄동,,20809
235-070,강원,태백시,창죽동,,20810
235-718,강원,태백시,철암동 상철암아파트,,20811
235-200,강원,태백시,철암동,,20812
235-050,강원,태백시,통동,,20813
235-250,강원,태백시,하사미동,,20814
235-040,강원,태백시,혈동,,20815
235-705,강원,태백시,화전동 태백운전면허시험장,,20816
235-020,강원,태백시,화전동,,20817
235-280,강원,태백시,황연동,,20818
235-711,강원,태백시,황지동 강원관광대학,,20819
235-707,강원,태백시,황지동 국민건강보험공단태백지사,,20820
235-706,강원,태백시,황지동 근로복지공단태백지사,,20821
235-708,강원,태백시,황지동 서울지방노동청태백지청,,20822
235-722,강원,태백시,황지동 이원예채아파트,(101∼104동),20823
235-721,강원,태백시,황지동 중앙하이츠아파트,(101∼109동),20824
235-011,강원,태백시,황지동 태백우체국,,20825
235-720,강원,태백시,황지동 태백황지주공3단지아파트,(301∼305동),20826
235-010,강원,태백시,황지동,,20827
235-600,강원,태백시,태백우체국사서함,,20828
219-801,강원,고성군,간성읍 간촌리,,20829
219-839,강원,고성군,간성읍 광산리 사서함,71,20830
219-802,강원,고성군,간성읍 광산리,,20831
219-839,강원,고성군,간성읍 교동리 사서함,71,20832
219-801,강원,고성군,간성읍 교동리,,20833
219-803,강원,고성군,간성읍 금수리,,20834
219-839,강원,고성군,간성읍 동호리 사서함,71,20835
219-803,강원,고성군,간성읍 동호리,,20836
219-803,강원,고성군,간성읍 봉호리,,20837
219-801,강원,고성군,간성읍 상리,,20838
219-700,강원,고성군,간성읍 신안리 삼익아파트,(101∼108동),20839
219-803,강원,고성군,간성읍 신안리,,20840
219-801,강원,고성군,간성읍 어천리,,20841
219-839,강원,고성군,간성읍 장신리 사서함,71,20842
219-802,강원,고성군,간성읍 장신리,,20843
219-804,강원,고성군,간성읍 진부리,,20844
219-839,강원,고성군,간성읍 탑동리 사서함,71,20845
219-803,강원,고성군,간성읍 탑동리,,20846
219-801,강원,고성군,간성읍 하리,,20847
219-839,강원,고성군,간성읍 해상리 사서함,71,20848
219-802,강원,고성군,간성읍 해상리,,20849
219-804,강원,고성군,간성읍 흘리,,20850
219-800,강원,고성군,간성읍,,20851
219-901,강원,고성군,거진읍 거진1리,,20852
219-901,강원,고성군,거진읍 거진2리,,20853
219-901,강원,고성군,거진읍 거진3리,,20854
219-901,강원,고성군,거진읍 거진4리,,20855
219-901,강원,고성군,거진읍 거진5리,,20856
219-901,강원,고성군,거진읍 거진6리,,20857
219-902,강원,고성군,거진읍 거진7리,,20858
219-902,강원,고성군,거진읍 거진8리,,20859
219-902,강원,고성군,거진읍 거진9리,,20860
219-902,강원,고성군,거진읍 거진10리,,20861
219-902,강원,고성군,거진읍 거진11리,,20862
219-901,강원,고성군,거진읍 거진리,,20863
219-839,강원,고성군,거진읍 냉천리 사서함,71,20864
219-903,강원,고성군,거진읍 냉천리,,20865
219-903,강원,고성군,거진읍 대대리,,20866
219-839,강원,고성군,거진읍 반암리 사서함,71,20867
219-903,강원,고성군,거진읍 반암리,,20868
219-904,강원,고성군,거진읍 봉평리,,20869
219-904,강원,고성군,거진읍 산북리,,20870
219-903,강원,고성군,거진읍 석문리,,20871
219-904,강원,고성군,거진읍 송강리,,20872
219-904,강원,고성군,거진읍 송정리,,20873
219-903,강원,고성군,거진읍 송죽리,,20874
219-903,강원,고성군,거진읍 송포리,,20875
219-903,강원,고성군,거진읍 오정리,,20876
219-904,강원,고성군,거진읍 용하리,,20877
219-904,강원,고성군,거진읍 원당리,,20878
219-904,강원,고성군,거진읍 자산리,,20879
219-903,강원,고성군,거진읍 초계리,,20880
219-904,강원,고성군,거진읍 화포리,,20881
219-900,강원,고성군,거진읍,,20882
219-839,강원,고성군,죽왕면 가진리 사서함,71,20883
219-821,강원,고성군,죽왕면 가진리,,20884
219-839,강원,고성군,죽왕면 공현진리 사서함,71,20885
219-821,강원,고성군,죽왕면 공현진리,,20886
219-839,강원,고성군,죽왕면 구성리 사서함,71,20887
219-822,강원,고성군,죽왕면 구성리,,20888
219-823,강원,고성군,죽왕면 문암진리,,20889
219-823,강원,고성군,죽왕면 삼포리,,20890
219-822,강원,고성군,죽왕면 서성리,,20891
219-822,강원,고성군,죽왕면 석교리,,20892
219-823,강원,고성군,죽왕면 송암리,,20893
219-823,강원,고성군,죽왕면 야촌리,,20894
219-821,강원,고성군,죽왕면 오봉리,,20895
219-839,강원,고성군,죽왕면 오호리 사서함,71,20896
219-822,강원,고성군,죽왕면 오호리,,20897
219-822,강원,고성군,죽왕면 인정리,,20898
219-821,강원,고성군,죽왕면 향목리,,20899
219-820,강원,고성군,죽왕면,,20900
219-831,강원,고성군,토성면 교암리,,20901
219-831,강원,고성군,토성면 금화정리,,20902
219-831,강원,고성군,토성면 도원리,,20903
219-831,강원,고성군,토성면 백촌리,,20904
219-705,강원,고성군,토성면 봉포리 경동대학교,,20905
219-839,강원,고성군,토성면 봉포리 사서함,71,20906
219-832,강원,고성군,토성면 봉포리,,20907
219-833,강원,고성군,토성면 성대리,,20908
219-832,강원,고성군,토성면 성천리,,20909
219-832,강원,고성군,토성면 신평리,,20910
219-839,강원,고성군,토성면 아야진리 사서함,71,20911
219-833,강원,고성군,토성면 아야진리,,20912
219-831,강원,고성군,토성면 용암리,,20913
219-832,강원,고성군,토성면 용촌리,,20914
219-831,강원,고성군,토성면 운봉리,,20915
219-832,강원,고성군,토성면 원암리,,20916
219-832,강원,고성군,토성면 인흥리,,20917
219-833,강원,고성군,토성면 천진리,,20918
219-833,강원,고성군,토성면 청간리,,20919
219-839,강원,고성군,토성면 학야리 사서함,71,20920
219-831,강원,고성군,토성면 학야리,,20921
219-830,강원,고성군,토성면,,20922
219-811,강원,고성군,현내면 대진1리,,20923
219-811,강원,고성군,현내면 대진2리,,20924
219-812,강원,고성군,현내면 대진3리,,20925
219-812,강원,고성군,현내면 대진4리,,20926
219-812,강원,고성군,현내면 대진5리,,20927
219-811,강원,고성군,현내면 대진리,,20928
219-813,강원,고성군,현내면 마달리,,20929
219-811,강원,고성군,현내면 마차진리,,20930
219-811,강원,고성군,현내면 명파리,,20931
219-811,강원,고성군,현내면 배봉리,,20932
219-813,강원,고성군,현내면 산학리,,20933
219-813,강원,고성군,현내면 죽정리,,20934
219-812,강원,고성군,현내면 철통리,,20935
219-812,강원,고성군,현내면 초도리,,20936
219-813,강원,고성군,현내면 화곡리,,20937
219-810,강원,고성군,현내면,,20938
255-800,강원,양구군,양구읍 양구우체국,,20939
255-805,강원,양구군,양구읍 고대리,,20940
255-806,강원,양구군,양구읍 공리,,20941
255-803,강원,양구군,양구읍 공수리,,20942
255-805,강원,양구군,양구읍 군량리,,20943
255-808,강원,양구군,양구읍 도사리 사서함,97-(4∼11),20944
255-805,강원,양구군,양구읍 도사리,,20945
255-803,강원,양구군,양구읍 동수리,,20946
255-804,강원,양구군,양구읍 상1리,,20947
255-802,강원,양구군,양구읍 상2리,,20948
255-804,강원,양구군,양구읍 상3리,,20949
255-802,강원,양구군,양구읍 상4리,,20950
255-802,강원,양구군,양구읍 상5리,,20951
255-802,강원,양구군,양구읍 상6리,,20952
255-804,강원,양구군,양구읍 상리,,20953
255-807,강원,양구군,양구읍 상무룡리,,20954
255-806,강원,양구군,양구읍 석현리,,20955
255-804,강원,양구군,양구읍 송청리,,20956
255-806,강원,양구군,양구읍 수인리,,20957
255-809,강원,양구군,양구읍 안대리 사서함,108,20958
255-806,강원,양구군,양구읍 안대리,,20959
255-806,강원,양구군,양구읍 웅진리,,20960
255-803,강원,양구군,양구읍 월명리,,20961
255-809,강원,양구군,양구읍 이리 사서함,108,20962
255-806,강원,양구군,양구읍 이리,,20963
255-809,강원,양구군,양구읍 정림리 사서함,108,20964
255-806,강원,양구군,양구읍 정림리,,20965
255-808,강원,양구군,양구읍 죽곡리 사서함,97,20966
255-805,강원,양구군,양구읍 죽곡리,,20967
255-801,강원,양구군,양구읍 중리,,20968
255-801,강원,양구군,양구읍 하1리,,20969
255-801,강원,양구군,양구읍 하2리,,20970
255-803,강원,양구군,양구읍 하3리,,20971
255-808,강원,양구군,양구읍 하리 사서함,97-(7∼25),20972
255-801,강원,양구군,양구읍 하리,,20973
255-809,강원,양구군,양구읍 학조리 사서함,108,20974
255-806,강원,양구군,양구읍 학조리,,20975
255-808,강원,양구군,양구읍 한전리 사서함,97,20976
255-805,강원,양구군,양구읍 한전리,,20977
255-800,강원,양구군,양구읍,,20978
255-811,강원,양구군,남면 가오작리,,20979
255-809,강원,양구군,남면 구암리 사서함,108,20980
255-812,강원,양구군,남면 구암리,,20981
255-809,강원,양구군,남면 대월리 사서함,108,20982
255-812,강원,양구군,남면 대월리,,20983
255-813,강원,양구군,남면 도촌리,,20984
255-814,강원,양구군,남면 두무리,,20985
255-813,강원,양구군,남면 송우리,,20986
255-812,강원,양구군,남면 심포리,,20987
255-811,강원,양구군,남면 야촌리,,20988
255-809,강원,양구군,남면 용하리 사서함,108,20989
255-815,강원,양구군,남면 용하리,,20990
255-814,강원,양구군,남면 원리,,20991
255-808,강원,양구군,남면 적리 사서함,97-(14),20992
255-811,강원,양구군,남면 적리,,20993
255-813,강원,양구군,남면 창리,,20994
255-809,강원,양구군,남면 청1리 사서함,108,20995
255-813,강원,양구군,남면 청1리,,20996
255-815,강원,양구군,남면 청2리,,20997
255-814,강원,양구군,남면 청3리,,20998
255-809,강원,양구군,남면 청4리 사서함,108,20999
255-814,강원,양구군,남면 청4리,,21000
255-815,강원,양구군,남면 청리,,21001
255-813,강원,양구군,남면 황강리,,21002
255-810,강원,양구군,남면,,21003
255-808,강원,양구군,동면 덕곡리 사서함,97-(24),21004
255-821,강원,양구군,동면 덕곡리,,21005
255-808,강원,양구군,동면 원당리 사서함,97-(16∼23),21006
255-821,강원,양구군,동면 원당리,,21007
255-822,강원,양구군,동면 월운리,,21008
255-808,강원,양구군,동면 임당리 사서함,97-(17∼18),21009
255-822,강원,양구군,동면 임당리,,21010
255-821,강원,양구군,동면 지석리,,21011
255-808,강원,양구군,동면 팔랑리 사서함,97-(19),21012
255-809,강원,양구군,동면 팔랑리 사서함,108,21013
255-822,강원,양구군,동면 팔랑리,,21014
255-821,강원,양구군,동면 후곡리,,21015
255-820,강원,양구군,동면,,21016
255-831,강원,양구군,방산면 금악리,,21017
255-808,강원,양구군,방산면 송현리 사서함,97-(15∼26),21018
255-832,강원,양구군,방산면 송현리,,21019
255-831,강원,양구군,방산면 오미리,,21020
255-833,강원,양구군,방산면 장평리,,21021
255-831,강원,양구군,방산면 천미리,,21022
255-831,강원,양구군,방산면 현리,,21023
255-830,강원,양구군,방산면,,21024
255-841,강원,양구군,해안면 만대리,,21025
255-842,강원,양구군,해안면 오유리,,21026
255-843,강원,양구군,해안면 현리,,21027
255-840,강원,양구군,해안면,,21028
215-801,강원,양양군,양양읍 감곡리,,21029
215-802,강원,양양군,양양읍 거마리,,21030
215-803,강원,양양군,양양읍 구교리,,21031
215-701,강원,양양군,양양읍 군행리 양양군청,,21032
215-804,강원,양양군,양양읍 군행리,,21033
215-801,강원,양양군,양양읍 기리,,21034
215-801,강원,양양군,양양읍 기정리,,21035
215-804,강원,양양군,양양읍 남문1리,1∼114,21036
215-806,강원,양양군,양양읍 남문1리,115∼300,21037
215-804,강원,양양군,양양읍 남문2리,,21038
215-804,강원,양양군,양양읍 남문3리,,21039
215-804,강원,양양군,양양읍 남문4리,,21040
215-800,강원,양양군,양양읍 남문리 양양우체국,,21041
215-802,강원,양양군,양양읍 내곡리,,21042
215-801,강원,양양군,양양읍 사천리,,21043
215-805,강원,양양군,양양읍 서문리,,21044
215-803,강원,양양군,양양읍 성내리,,21045
215-803,강원,양양군,양양읍 송암리,,21046
215-803,강원,양양군,양양읍 연창리,,21047
215-703,강원,양양군,양양읍 월리 명지푸르미아파트,(101∼106동),21048
215-807,강원,양양군,양양읍 월리,,21049
215-802,강원,양양군,양양읍 임천리,,21050
215-801,강원,양양군,양양읍 정손리,,21051
215-801,강원,양양군,양양읍 조산리,,21052
215-801,강원,양양군,양양읍 청곡1리,,21053
215-801,강원,양양군,양양읍 청곡2리,,21054
215-829,강원,양양군,양양읍 청곡리 사서함,31,21055
215-802,강원,양양군,양양읍 청곡리,,21056
215-801,강원,양양군,양양읍 포월리,,21057
215-802,강원,양양군,양양읍 화일리,,21058
215-800,강원,양양군,양양읍,,21059
215-851,강원,양양군,강현면 간곡리,,21060
215-829,강원,양양군,강현면 강선리 사서함,31,21061
215-852,강원,양양군,강현면 강선리,,21062
215-853,강원,양양군,강현면 광석리,,21063
215-853,강원,양양군,강현면 금풍리,,21064
215-853,강원,양양군,강현면 답리,,21065
215-851,강원,양양군,강현면 둔전리,,21066
215-853,강원,양양군,강현면 물갑리,,21067
215-852,강원,양양군,강현면 물치리,,21068
215-853,강원,양양군,강현면 방축리,,21069
215-853,강원,양양군,강현면 사교리,,21070
215-851,강원,양양군,강현면 상복리,,21071
215-851,강원,양양군,강현면 석교리,,21072
215-852,강원,양양군,강현면 용호리,,21073
215-829,강원,양양군,강현면 장산리 사서함,31,21074
215-859,강원,양양군,강현면 장산리 사서함,123,21075
215-851,강원,양양군,강현면 장산리,,21076
215-853,강원,양양군,강현면 적은리,,21077
215-854,강원,양양군,강현면 전진1리,,21078
215-852,강원,양양군,강현면 전진2리,,21079
215-853,강원,양양군,강현면 전진리,,21080
215-829,강원,양양군,강현면 정암리 사서함,31,21081
215-859,강원,양양군,강현면 정암리 사서함,123,21082
215-852,강원,양양군,강현면 정암리,,21083
215-854,강원,양양군,강현면 주청리,,21084
215-851,강원,양양군,강현면 중복리,,21085
215-853,강원,양양군,강현면 침교리,,21086
215-851,강원,양양군,강현면 하복리,,21087
215-859,강원,양양군,강현면 회룡리 사서함,123,21088
215-851,강원,양양군,강현면 회룡리,,21089
215-850,강원,양양군,강현면,,21090
215-814,강원,양양군,서면 가라피리,,21091
215-811,강원,양양군,서면 갈천리,,21092
215-811,강원,양양군,서면 공수전리,,21093
215-815,강원,양양군,서면 내현리,,21094
215-811,강원,양양군,서면 논화리,,21095
215-811,강원,양양군,서면 미천리,,21096
215-813,강원,양양군,서면 범부리,,21097
215-814,강원,양양군,서면 북암리,,21098
215-813,강원,양양군,서면 북평리,,21099
215-813,강원,양양군,서면 상평리,,21100
215-811,강원,양양군,서면 서림리,,21101
215-812,강원,양양군,서면 서선리,,21102
215-814,강원,양양군,서면 송어리,,21103
215-811,강원,양양군,서면 송천리,,21104
215-829,강원,양양군,서면 수리 사서함,31,21105
215-816,강원,양양군,서면 수리,,21106
215-812,강원,양양군,서면 수상리,,21107
215-811,강원,양양군,서면 영덕리,,21108
215-814,강원,양양군,서면 오색리,,21109
215-811,강원,양양군,서면 용소리,,21110
215-813,강원,양양군,서면 용천리,,21111
215-812,강원,양양군,서면 장승리,,21112
215-811,강원,양양군,서면 황이리,,21113
215-810,강원,양양군,서면,,21114
215-821,강원,양양군,손양면 가평리,,21115
215-829,강원,양양군,손양면 간리 사서함,31,21116
215-821,강원,양양군,손양면 간리,,21117
215-821,강원,양양군,손양면 금강리,,21118
215-822,강원,양양군,손양면 남양리,,21119
215-823,강원,양양군,손양면 도화리,,21120
215-709,강원,양양군,손양면 동호리 양양국제공항,,21121
215-823,강원,양양군,손양면 동호리,,21122
215-822,강원,양양군,손양면 밀양리,,21123
215-824,강원,양양군,손양면 부소치리,,21124
215-822,강원,양양군,손양면 삽존리,,21125
215-822,강원,양양군,손양면 상양혈리,,21126
215-822,강원,양양군,손양면 상왕도리,,21127
215-823,강원,양양군,손양면 상운리,,21128
215-822,강원,양양군,손양면 석계리,,21129
215-821,강원,양양군,손양면 송전리,,21130
215-821,강원,양양군,손양면 송현리,,21131
215-823,강원,양양군,손양면 수산리,,21132
215-821,강원,양양군,손양면 수여리,,21133
215-823,강원,양양군,손양면 여운포리,,21134
215-825,강원,양양군,손양면 오산리,,21135
215-822,강원,양양군,손양면 와리,,21136
215-822,강원,양양군,손양면 우암리,,21137
215-822,강원,양양군,손양면 주리,,21138
215-823,강원,양양군,손양면 하양혈리,,21139
215-822,강원,양양군,손양면 하왕도리,,21140
215-825,강원,양양군,손양면 학포리,,21141
215-820,강원,양양군,손양면,,21142
215-841,강원,양양군,현남면 견불리,,21143
215-841,강원,양양군,현남면 광진리,,21144
215-841,강원,양양군,현남면 남애리,,21145
215-842,강원,양양군,현남면 동산리,,21146
215-842,강원,양양군,현남면 두리,,21147
215-842,강원,양양군,현남면 북분리,,21148
215-843,강원,양양군,현남면 상월천리,,21149
215-842,강원,양양군,현남면 시변리,,21150
215-843,강원,양양군,현남면 원포리,,21151
215-842,강원,양양군,현남면 인구1리,,21152
215-843,강원,양양군,현남면 인구2리,,21153
215-843,강원,양양군,현남면 임호정리,,21154
215-843,강원,양양군,현남면 입암리,,21155
215-841,강원,양양군,현남면 전포매리,,21156
215-843,강원,양양군,현남면 정자리,,21157
215-843,강원,양양군,현남면 주리,,21158
215-843,강원,양양군,현남면 죽리,,21159
215-843,강원,양양군,현남면 죽정자리,,21160
215-843,강원,양양군,현남면 지경리,,21161
215-843,강원,양양군,현남면 지리,,21162
215-842,강원,양양군,현남면 창리,,21163
215-843,강원,양양군,현남면 하월천리,,21164
215-841,강원,양양군,현남면 후포매리,,21165
215-840,강원,양양군,현남면,,21166
215-831,강원,양양군,현북면 기사문리,,21167
215-833,강원,양양군,현북면 대치리,,21168
215-832,강원,양양군,현북면 도리,,21169
215-836,강원,양양군,현북면 말곡리,,21170
215-834,강원,양양군,현북면 면옥치리,,21171
215-833,강원,양양군,현북면 명지리,,21172
215-834,강원,양양군,현북면 법수치리,,21173
215-833,강원,양양군,현북면 상광정리,,21174
215-835,강원,양양군,현북면 어성전리,,21175
215-832,강원,양양군,현북면 원일전리,,21176
215-831,강원,양양군,현북면 잔교리,,21177
215-832,강원,양양군,현북면 장리,,21178
215-710,강원,양양군,현북면 중광정리 심미아파트,(101∼103동),21179
215-833,강원,양양군,현북면 중광정리,,21180
215-829,강원,양양군,현북면 하광정리 사서함,31,21181
215-833,강원,양양군,현북면 하광정리,,21182
215-830,강원,양양군,현북면,,21183
230-901,강원,영월군,상동읍 구래리,,21184
230-902,강원,영월군,상동읍 내덕1리,,21185
230-902,강원,영월군,상동읍 내덕2리,,21186
230-903,강원,영월군,상동읍 내덕3리,,21187
230-903,강원,영월군,상동읍 내덕4리,,21188
230-903,강원,영월군,상동읍 내덕5리,,21189
230-903,강원,영월군,상동읍 내덕6리,,21190
230-902,강원,영월군,상동읍 내덕리,,21191
230-902,강원,영월군,상동읍 덕구리,,21192
230-902,강원,영월군,상동읍 천평리,,21193
230-900,강원,영월군,상동읍,,21194
230-713,강원,영월군,영월읍 영월군청,,21195
230-800,강원,영월군,영월읍 영월우체국,,21196
230-890,강원,영월군,영월읍 거운리,,21197
230-802,강원,영월군,영월읍 덕포리,,21198
230-889,강원,영월군,영월읍 문산리,,21199
230-887,강원,영월군,영월읍 방절리,,21200
230-888,강원,영월군,영월읍 삼옥리,,21201
230-809,강원,영월군,영월읍 연하리,,21202
230-801,강원,영월군,영월읍 영흥1리,,21203
230-803,강원,영월군,영월읍 영흥2리,,21204
230-804,강원,영월군,영월읍 영흥3리,,21205
230-805,강원,영월군,영월읍 영흥4리,,21206
230-805,강원,영월군,영월읍 영흥5리,,21207
230-804,강원,영월군,영월읍 영흥6리,,21208
230-805,강원,영월군,영월읍 영흥7리,,21209
230-805,강원,영월군,영월읍 영흥8리,,21210
230-801,강원,영월군,영월읍 영흥9리,,21211
230-801,강원,영월군,영월읍 영흥10리,,21212
230-801,강원,영월군,영월읍 영흥11리,,21213
230-806,강원,영월군,영월읍 영흥12리,,21214
230-807,강원,영월군,영월읍 영흥13리,,21215
230-806,강원,영월군,영월읍 영흥14리,,21216
230-808,강원,영월군,영월읍 영흥15리,,21217
230-711,강원,영월군,영월읍 영흥리 삼호아파트,(1∼5동),21218
230-805,강원,영월군,영월읍 영흥리,,21219
230-886,강원,영월군,영월읍 정양리,,21220
230-884,강원,영월군,영월읍 팔괴리,,21221
230-880,강원,영월군,영월읍 하송1리,,21222
230-880,강원,영월군,영월읍 하송2리,,21223
230-880,강원,영월군,영월읍 하송3리,,21224
230-881,강원,영월군,영월읍 하송4리,,21225
230-882,강원,영월군,영월읍 하송5리,,21226
230-880,강원,영월군,영월읍 하송6리,,21227
230-881,강원,영월군,영월읍 하송7리,,21228
230-880,강원,영월군,영월읍 하송8리,,21229
230-883,강원,영월군,영월읍 하송9리,,21230
230-883,강원,영월군,영월읍 하송10리,,21231
230-714,강원,영월군,영월읍 하송리 세경대학,,21232
230-712,강원,영월군,영월읍 하송리 주공아파트,(1∼11동),21233
230-715,강원,영월군,영월읍 하송리 주공아파트,(201∼208동),21234
230-716,강원,영월군,영월읍 하송리 주공아파트,(301∼406동),21235
230-808,강원,영월군,영월읍 하송리,,21236
230-885,강원,영월군,영월읍 흥월리,,21237
230-800,강원,영월군,영월읍,,21238
230-821,강원,영월군,김삿갓면 각동리,,21239
230-824,강원,영월군,김삿갓면 내리,,21240
230-821,강원,영월군,김삿갓면 대야리,,21241
230-823,강원,영월군,김삿갓면 예밀리,,21242
230-822,강원,영월군,김삿갓면 옥동리,,21243
230-822,강원,영월군,김삿갓면 와석리,,21244
230-824,강원,영월군,김삿갓면 외룡리,,21245
230-823,강원,영월군,김삿갓면 주문리,,21246
230-821,강원,영월군,김삿갓면 진별리,,21247
230-820,강원,영월군,김삿갓면,,21248
230-831,강원,영월군,남면 광천리,,21249
230-832,강원,영월군,남면 북쌍리,,21250
230-838,강원,영월군,남면 연당1리,,21251
230-838,강원,영월군,남면 연당2리,,21252
230-838,강원,영월군,남면 연당3리,,21253
230-839,강원,영월군,남면 연당4리,,21254
230-833,강원,영월군,남면 연당5리,,21255
230-832,강원,영월군,남면 연당리,,21256
230-831,강원,영월군,남면 조전리,,21257
230-833,강원,영월군,남면 창원리,,21258
230-834,강원,영월군,남면 토교리,,21259
230-830,강원,영월군,남면,,21260
230-871,강원,영월군,북면 공기리,,21261
230-871,강원,영월군,북면 덕상리,,21262
230-872,강원,영월군,북면 마차리,,21263
230-874,강원,영월군,북면 문곡리,,21264
230-871,강원,영월군,북면 연덕리,,21265
230-870,강원,영월군,북면,,21266
230-861,강원,영월군,수주면 도원리,,21267
230-861,강원,영월군,수주면 두산리,,21268
230-862,강원,영월군,수주면 무릉리,,21269
230-862,강원,영월군,수주면 법흥리,,21270
230-863,강원,영월군,수주면 운학리,,21271
230-860,강원,영월군,수주면,,21272
230-851,강원,영월군,주천면 금마1리,,21273
230-852,강원,영월군,주천면 금마2리,,21274
230-852,강원,영월군,주천면 금마3리,,21275
230-852,강원,영월군,주천면 금마4리,,21276
230-851,강원,영월군,주천면 금마리,,21277
230-853,강원,영월군,주천면 도천리,,21278
230-851,강원,영월군,주천면 신일리,,21279
230-852,강원,영월군,주천면 용석리,,21280
230-854,강원,영월군,주천면 주천리,,21281
230-855,강원,영월군,주천면 판운리,,21282
230-850,강원,영월군,주천면,,21283
230-812,강원,영월군,중동면 녹전1리,,21284
230-812,강원,영월군,중동면 녹전2리,,21285
230-811,강원,영월군,중동면 녹전3리,,21286
230-812,강원,영월군,중동면 녹전4리,,21287
230-811,강원,영월군,중동면 녹전리,,21288
233-829,강원,영월군,중동면 석항리,,21289
233-829,강원,영월군,중동면 연상리,,21290
230-811,강원,영월군,중동면 이목리,,21291
230-812,강원,영월군,중동면 직동리,,21292
233-829,강원,영월군,중동면 화원리,,21293
230-810,강원,영월군,중동면,,21294
230-841,강원,영월군,한반도면 광전리,,21295
230-842,강원,영월군,한반도면 신천리,,21296
230-835,강원,영월군,한반도면 쌍용1리,,21297
230-835,강원,영월군,한반도면 쌍용2리,,21298
230-835,강원,영월군,한반도면 쌍용3리,,21299
230-835,강원,영월군,한반도면 쌍용4리,,21300
230-836,강원,영월군,한반도면 쌍용5리,,21301
230-836,강원,영월군,한반도면 쌍용6리,,21302
230-836,강원,영월군,한반도면 쌍용7리,,21303
230-836,강원,영월군,한반도면 쌍용8리,,21304
230-835,강원,영월군,한반도면 쌍용리,,21305
230-841,강원,영월군,한반도면 옹정리,,21306
230-837,강원,영월군,한반도면 후탄리,,21307
230-840,강원,영월군,한반도면,,21308
252-800,강원,인제군,인제읍 인제우체국,,21309
252-849,강원,인제군,인제읍 가리산리 사서함,116-(11),21310
252-801,강원,인제군,인제읍 가리산리,,21311
252-802,강원,인제군,인제읍 가아리,,21312
252-803,강원,인제군,인제읍 고사리,,21313
252-849,강원,인제군,인제읍 귀둔리 사서함,116-(20),21314
252-804,강원,인제군,인제읍 귀둔리,,21315
252-829,강원,인제군,인제읍 남북리 사서함,100-(37∼39),21316
252-805,강원,인제군,인제읍 남북리,,21317
252-829,강원,인제군,인제읍 덕산리 사서함,100-(22),21318
252-801,강원,인제군,인제읍 덕산리,,21319
252-829,강원,인제군,인제읍 덕적리 사서함,100-(36),21320
252-801,강원,인제군,인제읍 덕적리,,21321
252-806,강원,인제군,인제읍 상동1리,,21322
252-806,강원,인제군,인제읍 상동2리,,21323
252-807,강원,인제군,인제읍 상동3리,,21324
252-807,강원,인제군,인제읍 상동4리,,21325
252-807,강원,인제군,인제읍 상동5리,,21326
252-710,강원,인제군,인제읍 상동리 인제군청,,21327
252-806,강원,인제군,인제읍 상동리,,21328
252-903,강원,인제군,인제읍 원대리,,21329
252-902,강원,인제군,인제읍 하추리,,21330
252-829,강원,인제군,인제읍 합강리 사서함,100-(6),21331
252-808,강원,인제군,인제읍 합강리,,21332
252-800,강원,인제군,인제읍,,21333
252-849,강원,인제군,기린면 방동리 사서함,116-(13),21334
252-841,강원,인제군,기린면 방동리,,21335
252-849,강원,인제군,기린면 북리 사서함,116-(7),21336
252-842,강원,인제군,기린면 북리,,21337
252-843,강원,인제군,기린면 서리,,21338
252-844,강원,인제군,기린면 진동리,,21339
252-845,강원,인제군,기린면 현1리,,21340
252-940,강원,인제군,기린면 현2리,,21341
252-941,강원,인제군,기린면 현3리,,21342
252-942,강원,인제군,기린면 현4리,,21343
252-700,강원,인제군,기린면 현5리 현리군인아파트,(1∼18동),21344
252-846,강원,인제군,기린면 현5리,,21345
252-847,강원,인제군,기린면 현6리,,21346
252-849,강원,인제군,기린면 현2리 사서함,116,21347
252-849,강원,인제군,기린면 현4리 사서함,116,21348
252-849,강원,인제군,기린면 현5리 사서함,116,21349
252-845,강원,인제군,기린면 현리,,21350
252-840,강원,인제군,기린면,,21351
252-811,강원,인제군,남면 갑둔리,,21352
252-812,강원,인제군,남면 관대리,,21353
252-813,강원,인제군,남면 남전리,,21354
252-813,강원,인제군,남면 부평리,,21355
252-812,강원,인제군,남면 상하수내리,,21356
252-814,강원,인제군,남면 수산리,,21357
252-819,강원,인제군,남면 신남리 사서함,1,21358
250-819,강원,인제군,남면 신남리 사서함,81,21359
252-815,강원,인제군,남면 신남리,,21360
252-812,강원,인제군,남면 신월리,,21361
250-819,강원,인제군,남면 신풍리 사서함,81,21362
252-816,강원,인제군,남면 신풍리,,21363
250-819,강원,인제군,남면 어론리 사서함,81,21364
252-814,강원,인제군,남면 어론리,,21365
252-811,강원,인제군,남면 정자리,,21366
252-810,강원,인제군,남면,,21367
252-829,강원,인제군,북면 용대리 사서함,100-(14∼48),21368
252-821,강원,인제군,북면 용대리,,21369
252-822,강원,인제군,북면 원통1리,,21370
252-823,강원,인제군,북면 원통2리,,21371
252-823,강원,인제군,북면 원통3리,,21372
252-824,강원,인제군,북면 원통4리,,21373
252-923,강원,인제군,북면 원통5리,,21374
252-924,강원,인제군,북면 원통6리,,21375
252-825,강원,인제군,북면 원통7리,,21376
252-921,강원,인제군,북면 원통8리,,21377
252-829,강원,인제군,북면 원통리 사서함,100-(1∼212),21378
252-822,강원,인제군,북면 원통리,,21379
252-829,강원,인제군,북면 월학리 사서함,100-(9∼46),21380
252-826,강원,인제군,북면 월학리,,21381
252-829,강원,인제군,북면 한계리 사서함,100,21382
252-827,강원,인제군,북면 한계리,,21383
252-820,강원,인제군,북면,,21384
252-851,강원,인제군,상남면 미산리,,21385
252-849,강원,인제군,상남면 상남리 사서함,116,21386
252-852,강원,인제군,상남면 상남리,,21387
252-849,강원,인제군,상남면 하남1리 사서함,116,21388
252-853,강원,인제군,상남면 하남1리,,21389
252-849,강원,인제군,상남면 하남2리 사서함,116,21390
252-854,강원,인제군,상남면 하남2리,,21391
252-854,강원,인제군,상남면 하남3리,,21392
252-853,강원,인제군,상남면 하남리,,21393
252-850,강원,인제군,상남면,,21394
252-829,강원,인제군,서화면 서화리 사서함,100-(4∼47),21395
252-831,강원,인제군,서화면 서화리,,21396
252-829,강원,인제군,서화면 서흥리 사서함,100-(11∼34),21397
252-832,강원,인제군,서화면 서흥리,,21398
252-829,강원,인제군,서화면 천도리 사서함,100-(15∼29),21399
252-833,강원,인제군,서화면 천도리,,21400
252-830,강원,인제군,서화면,,21401
233-811,강원,정선군,고한읍 고한1리,,21402
233-816,강원,정선군,고한읍 고한2리,,21403
233-816,강원,정선군,고한읍 고한3리,,21404
233-811,강원,정선군,고한읍 고한4리,,21405
233-816,강원,정선군,고한읍 고한5리,,21406
233-811,강원,정선군,고한읍 고한6리,,21407
233-817,강원,정선군,고한읍 고한7리,,21408
233-817,강원,정선군,고한읍 고한8리,,21409
233-817,강원,정선군,고한읍 고한9리,,21410
233-815,강원,정선군,고한읍 고한10리,,21411
233-815,강원,정선군,고한읍 고한11리,,21412
233-812,강원,정선군,고한읍 고한12리,,21413
233-812,강원,정선군,고한읍 고한13리,,21414
233-812,강원,정선군,고한읍 고한14리,,21415
233-815,강원,정선군,고한읍 고한15리,,21416
233-813,강원,정선군,고한읍 고한16리,,21417
233-813,강원,정선군,고한읍 고한17리,,21418
233-813,강원,정선군,고한읍 고한18리,,21419
233-814,강원,정선군,고한읍 고한19리,,21420
233-811,강원,정선군,고한읍 고한리,,21421
233-810,강원,정선군,고한읍,,21422
233-904,강원,정선군,사북읍 사북1리,,21423
233-703,강원,정선군,사북읍 사북2리 선명소라파크아파트,(1∼6동),21424
233-703,강원,정선군,사북읍 사북2리 선명스카이빌아파트,,21425
233-703,강원,정선군,사북읍 사북2리 선명아파트,(1∼5동),21426
233-906,강원,정선군,사북읍 사북2리,,21427
233-909,강원,정선군,사북읍 사북3리,,21428
233-903,강원,정선군,사북읍 사북4리,,21429
233-902,강원,정선군,사북읍 사북5리,,21430
233-903,강원,정선군,사북읍 사북6리,,21431
233-904,강원,정선군,사북읍 사북7리,,21432
233-903,강원,정선군,사북읍 사북8리,,21433
233-903,강원,정선군,사북읍 사북9리,,21434
233-907,강원,정선군,사북읍 사북10리,,21435
233-908,강원,정선군,사북읍 사북11리,,21436
233-904,강원,정선군,사북읍 사북12리,,21437
233-901,강원,정선군,사북읍 사북리,,21438
233-905,강원,정선군,사북읍 직전리,,21439
233-900,강원,정선군,사북읍,,21440
233-822,강원,정선군,신동읍 가사리,,21441
233-821,강원,정선군,신동읍 고성리,,21442
233-821,강원,정선군,신동읍 덕천리,,21443
233-827,강원,정선군,신동읍 방제1리,,21444
233-825,강원,정선군,신동읍 방제2리,,21445
233-823,강원,정선군,신동읍 방제리,,21446
233-822,강원,정선군,신동읍 예미리,,21447
233-821,강원,정선군,신동읍 운치리,,21448
233-825,강원,정선군,신동읍 조동1리,,21449
233-825,강원,정선군,신동읍 조동2리,,21450
233-826,강원,정선군,신동읍 조동3리,,21451
233-826,강원,정선군,신동읍 조동4리,,21452
233-825,강원,정선군,신동읍 조동5리,,21453
233-826,강원,정선군,신동읍 조동6리,,21454
233-825,강원,정선군,신동읍 조동7리,,21455
233-825,강원,정선군,신동읍 조동8리,,21456
233-826,강원,정선군,신동읍 조동9리,,21457
233-827,강원,정선군,신동읍 조동리,,21458
233-828,강원,정선군,신동읍 천포리,,21459
233-820,강원,정선군,신동읍,,21460
233-800,강원,정선군,정선읍 정선우체국,,21461
233-801,강원,정선군,정선읍 가수리,,21462
233-801,강원,정선군,정선읍 광하1리,,21463
233-802,강원,정선군,정선읍 광하2리,,21464
233-802,강원,정선군,정선읍 광하리,,21465
233-801,강원,정선군,정선읍 귤암리,,21466
233-809,강원,정선군,정선읍 덕송리,,21467
233-808,강원,정선군,정선읍 덕우리,,21468
233-804,강원,정선군,정선읍 봉양1리,,21469
233-804,강원,정선군,정선읍 봉양2리,,21470
233-804,강원,정선군,정선읍 봉양3리,,21471
233-805,강원,정선군,정선읍 봉양4리,,21472
233-806,강원,정선군,정선읍 봉양5리,,21473
233-805,강원,정선군,정선읍 봉양6리,,21474
233-805,강원,정선군,정선읍 봉양7리,,21475
233-806,강원,정선군,정선읍 봉양8리,,21476
233-806,강원,정선군,정선읍 봉양9리,,21477
233-807,강원,정선군,정선읍 봉양10리,,21478
233-701,강원,정선군,정선읍 봉양리 정선군청,,21479
233-804,강원,정선군,정선읍 봉양리,,21480
233-807,강원,정선군,정선읍 북실리,,21481
233-808,강원,정선군,정선읍 신월1리,,21482
233-803,강원,정선군,정선읍 신월2리,,21483
233-803,강원,정선군,정선읍 신월리,,21484
233-803,강원,정선군,정선읍 애산1리,,21485
233-806,강원,정선군,정선읍 애산2리,,21486
233-803,강원,정선군,정선읍 애산3리,,21487
233-803,강원,정선군,정선읍 애산4리,,21488
233-806,강원,정선군,정선읍 애산5리,,21489
233-808,강원,정선군,정선읍 애산리,,21490
233-803,강원,정선군,정선읍 여탄리,,21491
233-805,강원,정선군,정선읍 용탄1리,,21492
233-802,강원,정선군,정선읍 용탄2리,,21493
233-805,강원,정선군,정선읍 용탄3리,,21494
233-802,강원,정선군,정선읍 용탄리,,21495
233-802,강원,정선군,정선읍 회동리,,21496
233-800,강원,정선군,정선읍,,21497
233-831,강원,정선군,남면 광덕리,,21498
233-831,강원,정선군,남면 낙동리,,21499
233-833,강원,정선군,남면 무릉1리,,21500
233-833,강원,정선군,남면 무릉2리,,21501
233-834,강원,정선군,남면 무릉3리,,21502
233-834,강원,정선군,남면 무릉4리,,21503
233-836,강원,정선군,남면 무릉5리,,21504
233-833,강원,정선군,남면 무릉리,,21505
233-832,강원,정선군,남면 문곡1리,,21506
233-834,강원,정선군,남면 문곡2리,,21507
233-833,강원,정선군,남면 문곡3리,,21508
233-835,강원,정선군,남면 문곡리,,21509
233-832,강원,정선군,남면 유평리,,21510
233-830,강원,정선군,남면,,21511
233-851,강원,정선군,북평면 나전리,,21512
233-852,강원,정선군,북평면 남평리,,21513
233-852,강원,정선군,북평면 문곡리,,21514
233-851,강원,정선군,북평면 북평1리,,21515
233-853,강원,정선군,북평면 북평2리,,21516
233-853,강원,정선군,북평면 북평3리,,21517
233-851,강원,정선군,북평면 북평4리,,21518
233-853,강원,정선군,북평면 북평5리,,21519
233-853,강원,정선군,북평면 북평6리,,21520
233-851,강원,정선군,북평면 북평리,,21521
233-851,강원,정선군,북평면 숙암리,,21522
233-853,강원,정선군,북평면 장열리,,21523
233-850,강원,정선군,북평면,,21524
233-841,강원,정선군,여량면 고양리,,21525
233-842,강원,정선군,여량면 구절리,,21526
233-843,강원,정선군,여량면 남곡리,,21527
233-844,강원,정선군,여량면 봉정리,,21528
233-845,강원,정선군,여량면 여량1리,,21529
233-845,강원,정선군,여량면 여량2리,,21530
233-845,강원,정선군,여량면 여량3리,,21531
233-846,강원,정선군,여량면 여량4리,,21532
233-845,강원,정선군,여량면 여량5리,,21533
233-845,강원,정선군,여량면 여량리,,21534
233-848,강원,정선군,여량면 유천1리,,21535
233-847,강원,정선군,여량면 유천2리,,21536
233-848,강원,정선군,여량면 유천3리,,21537
233-841,강원,정선군,여량면 유천리,,21538
233-840,강원,정선군,여량면,,21539
233-871,강원,정선군,임계면 가목리,,21540
233-849,강원,정선군,임계면 고양리,,21541
233-875,강원,정선군,임계면 낙천리,,21542
233-874,강원,정선군,임계면 덕암리,,21543
233-871,강원,정선군,임계면 도전리,,21544
233-874,강원,정선군,임계면 문래리,,21545
233-849,강원,정선군,임계면 반천리,,21546
233-875,강원,정선군,임계면 봉산1리,,21547
233-875,강원,정선군,임계면 봉산2리,,21548
233-878,강원,정선군,임계면 봉산3리,,21549
233-875,강원,정선군,임계면 봉산리,,21550
233-879,강원,정선군,임계면 송계1리,,21551
233-872,강원,정선군,임계면 송계2리,,21552
233-872,강원,정선군,임계면 송계3리,,21553
233-872,강원,정선군,임계면 송계4리,,21554
233-872,강원,정선군,임계면 송계5리,,21555
233-872,강원,정선군,임계면 송계6리,,21556
233-872,강원,정선군,임계면 송계7리,,21557
233-872,강원,정선군,임계면 송계8리,,21558
233-872,강원,정선군,임계면 송계리,,21559
233-874,강원,정선군,임계면 용산리,,21560
233-876,강원,정선군,임계면 임계1리,,21561
233-877,강원,정선군,임계면 임계2리,,21562
233-876,강원,정선군,임계면 임계3리,,21563
233-877,강원,정선군,임계면 임계4리,,21564
233-876,강원,정선군,임계면 임계리,,21565
233-871,강원,정선군,임계면 직원리,,21566
233-870,강원,정선군,임계면,,21567
233-866,강원,정선군,화암면 건천리,,21568
233-864,강원,정선군,화암면 몰운1리,,21569
233-865,강원,정선군,화암면 몰운2리,,21570
233-910,강원,정선군,화암면 백전리,,21571
233-863,강원,정선군,화암면 북동리,,21572
233-863,강원,정선군,화암면 석곡리,,21573
233-862,강원,정선군,화암면 호촌리,,21574
233-861,강원,정선군,화암면 화암리,,21575
233-860,강원,정선군,화암면,,21576
269-800,강원,철원군,갈말읍 철원우체국,,21577
269-801,강원,철원군,갈말읍 강포리,,21578
269-802,강원,철원군,갈말읍 군탄리,,21579
269-803,강원,철원군,갈말읍 내대리,,21580
269-803,강원,철원군,갈말읍 동막리,,21581
487-839,강원,철원군,갈말읍 문혜리 사서함,105,21582
269-849,강원,철원군,갈말읍 문혜리 사서함,107,21583
269-804,강원,철원군,갈말읍 문혜리,,21584
487-839,강원,철원군,갈말읍 상사리 사서함,105,21585
269-803,강원,철원군,갈말읍 상사리,,21586
269-805,강원,철원군,갈말읍 신철원1리,,21587
269-805,강원,철원군,갈말읍 신철원2리,,21588
269-801,강원,철원군,갈말읍 신철원3리,,21589
269-801,강원,철원군,갈말읍 신철원4리,,21590
269-701,강원,철원군,갈말읍 신철원리 철원군청,,21591
269-805,강원,철원군,갈말읍 신철원리,,21592
269-915,강원,철원군,갈말읍 정연리,,21593
269-849,강원,철원군,갈말읍 지경리 사서함,107,21594
269-806,강원,철원군,갈말읍 지경리,,21595
269-802,강원,철원군,갈말읍 지포리,,21596
269-806,강원,철원군,갈말읍 토성리,,21597
269-800,강원,철원군,갈말읍,,21598
269-831,강원,철원군,김화읍 도창리,,21599
269-832,강원,철원군,김화읍 생창리,,21600
269-849,강원,철원군,김화읍 청양리 사서함,107,21601
269-833,강원,철원군,김화읍 청양리,,21602
269-849,강원,철원군,김화읍 학사리 사서함,107,21603
269-831,강원,철원군,김화읍 학사리,,21604
269-830,강원,철원군,김화읍,,21605
487-839,강원,철원군,동송읍 관우리 사서함,105,21606
487-839,강원,철원군,동송읍 상노2리 사서함,105,21607
487-839,강원,철원군,동송읍 양지리 사서함,105,21608
487-839,강원,철원군,동송읍 오덕2리 사서함,105,21609
269-703,강원,철원군,동송읍 오덕리 세륭아파트,(가∼마동),21610
487-839,강원,철원군,동송읍 오지리 사서함,105,21611
487-839,강원,철원군,동송읍 이평2리 사서함,105,21612
487-839,강원,철원군,동송읍 이평7리 사서함,105,21613
269-702,강원,철원군,동송읍 이평리 개나리아파트,,21614
269-704,강원,철원군,동송읍 이평리 유명아파트,(101∼102동),21615
487-839,강원,철원군,동송읍 장흥리 사서함,105,21616
269-813,강원,철원군,동송읍 대위리,,21617
269-812,강원,철원군,동송읍 상노리,,21618
269-813,강원,철원군,동송읍 양지리,,21619
269-814,강원,철원군,동송읍 오덕1리,,21620
269-814,강원,철원군,동송읍 오덕2리,,21621
269-814,강원,철원군,동송읍 오덕3리,,21622
269-814,강원,철원군,동송읍 오덕4리,,21623
269-812,강원,철원군,동송읍 오덕5리,,21624
269-812,강원,철원군,동송읍 오덕6리,,21625
269-812,강원,철원군,동송읍 오덕7리,,21626
269-815,강원,철원군,동송읍 오덕8리,,21627
269-814,강원,철원군,동송읍 오덕리,,21628
269-816,강원,철원군,동송읍 오지리,,21629
269-813,강원,철원군,동송읍 이길리,,21630
269-911,강원,철원군,동송읍 이평1리,,21631
269-912,강원,철원군,동송읍 이평2리,,21632
269-914,강원,철원군,동송읍 이평3리,,21633
269-817,강원,철원군,동송읍 이평4리,,21634
269-817,강원,철원군,동송읍 이평5리,,21635
269-815,강원,철원군,동송읍 이평6리,,21636
269-912,강원,철원군,동송읍 이평7리,,21637
269-912,강원,철원군,동송읍 이평8리,,21638
269-818,강원,철원군,동송읍 이평9리,,21639
269-913,강원,철원군,동송읍 이평10리,,21640
269-818,강원,철원군,동송읍 이평11리,,21641
269-819,강원,철원군,동송읍 이평12리,,21642
269-819,강원,철원군,동송읍 이평13리,,21643
269-819,강원,철원군,동송읍 이평14리,,21644
269-816,강원,철원군,동송읍 이평리,,21645
269-811,강원,철원군,동송읍 장흥리,,21646
269-810,강원,철원군,동송읍,,21647
269-821,강원,철원군,철원읍 관전리,,21648
269-822,강원,철원군,철원읍 대마리,,21649
269-821,강원,철원군,철원읍 월하리,,21650
269-823,강원,철원군,철원읍 화지1리,,21651
269-823,강원,철원군,철원읍 화지2리,,21652
269-823,강원,철원군,철원읍 화지3리,,21653
269-823,강원,철원군,철원읍 화지4리,,21654
269-824,강원,철원군,철원읍 화지5리,,21655
269-824,강원,철원군,철원읍 화지6리,,21656
269-824,강원,철원군,철원읍 화지7리,,21657
269-824,강원,철원군,철원읍 화지8리,,21658
269-824,강원,철원군,철원읍 화지9리,,21659
269-824,강원,철원군,철원읍 화지10리,,21660
269-824,강원,철원군,철원읍 화지11리,,21661
269-821,강원,철원군,철원읍 화지리,,21662
269-820,강원,철원군,철원읍,,21663
209-839,강원,철원군,근남면 마현리 사서함,99,21664
269-851,강원,철원군,근남면 마현리,,21665
269-851,강원,철원군,근남면 사곡리,,21666
209-839,강원,철원군,근남면 육단리 사서함,99-(18),21667
269-852,강원,철원군,근남면 육단리,,21668
269-852,강원,철원군,근남면 잠곡리,,21669
269-850,강원,철원군,근남면,,21670
269-861,강원,철원군,근북면 유곡리,,21671
269-860,강원,철원군,근북면,,21672
269-705,강원,철원군,서면 삼성아파트,,21673
269-841,강원,철원군,서면 와수1리,,21674
269-845,강원,철원군,서면 와수2리,,21675
269-845,강원,철원군,서면 와수3리,,21676
269-849,강원,철원군,서면 와수4리 사서함,107,21677
269-843,강원,철원군,서면 와수4리,,21678
269-846,강원,철원군,서면 와수5리,,21679
269-842,강원,철원군,서면 와수6리,,21680
269-841,강원,철원군,서면 와수7리,,21681
269-841,강원,철원군,서면 와수리,,21682
269-843,강원,철원군,서면 자등1리,,21683
269-849,강원,철원군,서면 자등2리 사서함,107,21684
269-843,강원,철원군,서면 자등2리,,21685
269-849,강원,철원군,서면 자등3리 사서함,107,21686
269-844,강원,철원군,서면 자등3리,,21687
269-849,강원,철원군,서면 자등4리 사서함,107,21688
269-844,강원,철원군,서면 자등4리,,21689
269-849,강원,철원군,서면 자등5리 사서함,107,21690
269-844,강원,철원군,서면 자등5리,,21691
269-849,강원,철원군,서면 자등6리 사서함,107,21692
269-844,강원,철원군,서면 자등6리,,21693
269-843,강원,철원군,서면 자등리,,21694
269-840,강원,철원군,서면,,21695
232-800,강원,평창군,평창읍 평창우체국,,21696
232-803,강원,평창군,평창읍 계장리,,21697
232-802,강원,평창군,평창읍 고길리,,21698
232-802,강원,평창군,평창읍 노론리,,21699
232-801,강원,평창군,평창읍 뇌운리,,21700
232-801,강원,평창군,평창읍 다수리,,21701
232-804,강원,평창군,평창읍 대상리,,21702
232-804,강원,평창군,평창읍 대하리,,21703
232-804,강원,평창군,평창읍 도돈리,,21704
232-804,강원,평창군,평창읍 마지리,,21705
232-802,강원,평창군,평창읍 상리,,21706
232-805,강원,평창군,평창읍 약수리,,21707
232-803,강원,평창군,평창읍 여만리,,21708
232-803,강원,평창군,평창읍 용항리,,21709
232-801,강원,평창군,평창읍 원당리,,21710
232-805,강원,평창군,평창읍 유동리,,21711
232-804,강원,평창군,평창읍 응암리,,21712
232-802,강원,평창군,평창읍 이곡리,,21713
232-803,강원,평창군,평창읍 임하리,,21714
232-804,강원,평창군,평창읍 입탄리,,21715
232-802,강원,평창군,평창읍 조동리,,21716
232-805,강원,평창군,평창읍 조둔리,,21717
232-809,강원,평창군,평창읍 종부리,,21718
232-803,강원,평창군,평창읍 주진리,,21719
232-806,강원,평창군,평창읍 중리,,21720
232-802,강원,평창군,평창읍 지동리,,21721
232-805,강원,평창군,평창읍 천동리,,21722
232-806,강원,평창군,평창읍 천변리,,21723
232-808,강원,평창군,평창읍 하1리,,21724
232-804,강원,평창군,평창읍 하2리,,21725
232-808,강원,평창군,평창읍 하3리,,21726
232-807,강원,평창군,평창읍 하4리,,21727
232-807,강원,평창군,평창읍 하5리,,21728
232-807,강원,평창군,평창읍 하6리,,21729
232-807,강원,평창군,평창읍 하리,,21730
232-700,강원,평창군,평창읍 하리 평창군청,,21731
232-801,강원,평창군,평창읍 하일리,,21732
232-806,강원,평창군,평창읍 향동리,,21733
232-803,강원,평창군,평창읍 후평리,,21734
232-800,강원,평창군,평창읍,,21735
232-953,강원,평창군,대관령면 병내리,,21736
232-951,강원,평창군,대관령면 수하리,,21737
232-952,강원,평창군,대관령면 용산리,,21738
232-953,강원,평창군,대관령면 유천리,,21739
232-952,강원,평창군,대관령면 차항1리,,21740
232-956,강원,평창군,대관령면 차항2리,,21741
232-954,강원,평창군,대관령면 횡계1리,,21742
232-954,강원,평창군,대관령면 횡계2리,,21743
232-955,강원,평창군,대관령면 횡계3리,,21744
232-955,강원,평창군,대관령면 횡계4리,,21745
232-951,강원,평창군,대관령면 횡계5리,,21746
232-956,강원,평창군,대관령면 횡계6리,,21747
232-956,강원,평창군,대관령면 횡계7리,,21748
232-951,강원,평창군,대관령면 횡계8리,,21749
232-951,강원,평창군,대관령면 횡계9리,,21750
232-954,강원,평창군,대관령면 횡계10리,,21751
232-954,강원,평창군,대관령면 횡계11리,,21752
232-955,강원,평창군,대관령면 횡계12리,,21753
232-955,강원,평창군,대관령면 횡계13리,,21754
232-954,강원,평창군,대관령면 횡계리,,21755
232-950,강원,평창군,대관령면,,21756
232-911,강원,평창군,대화면 개수리,,21757
232-912,강원,평창군,대화면 대화1리,,21758
232-913,강원,평창군,대화면 대화2리,,21759
232-917,강원,평창군,대화면 대화3리,,21760
232-917,강원,평창군,대화면 대화4리,,21761
232-913,강원,평창군,대화면 대화5리,,21762
232-913,강원,평창군,대화면 대화6리,,21763
232-917,강원,평창군,대화면 대화7리,,21764
232-913,강원,평창군,대화면 대화8리,,21765
232-917,강원,평창군,대화면 대화9리,,21766
232-913,강원,평창군,대화면 대화10리,,21767
232-917,강원,평창군,대화면 대화11리,,21768
232-912,강원,평창군,대화면 대화리,,21769
232-914,강원,평창군,대화면 상안미리,,21770
232-916,강원,평창군,대화면 신리,,21771
232-913,강원,평창군,대화면 하안미3리,,21772
232-918,강원,평창군,대화면 하안미4리,,21773
232-918,강원,평창군,대화면 하안미5리,,21774
232-918,강원,평창군,대화면 하안미6리,,21775
232-910,강원,평창군,대화면,,21776
232-821,강원,평창군,미탄면 기화리,,21777
232-821,강원,평창군,미탄면 마하리,,21778
232-824,강원,평창군,미탄면 백운리,,21779
232-821,강원,평창군,미탄면 수청리,,21780
232-825,강원,평창군,미탄면 율치리,,21781
232-822,강원,평창군,미탄면 창리,,21782
232-824,강원,평창군,미탄면 평안리,,21783
232-821,강원,평창군,미탄면 한탄리,,21784
232-822,강원,평창군,미탄면 회동리,,21785
232-820,강원,평창군,미탄면,,21786
232-811,강원,평창군,방림면 계촌1리,,21787
232-812,강원,평창군,방림면 계촌2리,,21788
232-812,강원,평창군,방림면 계촌3리,,21789
232-812,강원,평창군,방림면 계촌4리,,21790
232-812,강원,평창군,방림면 계촌5리,,21791
232-813,강원,평창군,방림면 계촌6리,,21792
232-811,강원,평창군,방림면 계촌리,,21793
232-816,강원,평창군,방림면 방림1리,,21794
232-817,강원,평창군,방림면 방림2리,,21795
232-813,강원,평창군,방림면 방림3리,,21796
232-814,강원,평창군,방림면 방림4리,,21797
232-814,강원,평창군,방림면 방림5리,,21798
232-813,강원,평창군,방림면 방림리,,21799
232-815,강원,평창군,방림면 운교리,,21800
232-810,강원,평창군,방림면,,21801
232-921,강원,평창군,봉평면 덕거리,,21802
232-711,강원,평창군,봉평면 면온리 보광휘닉스파크,,21803
232-922,강원,평창군,봉평면 면온리,,21804
232-923,강원,평창군,봉평면 무이리,,21805
232-921,강원,평창군,봉평면 원길리,,21806
232-924,강원,평창군,봉평면 유포리,,21807
232-922,강원,평창군,봉평면 진조리,,21808
232-925,강원,평창군,봉평면 창동리,,21809
232-924,강원,평창군,봉평면 평촌리,,21810
232-923,강원,평창군,봉평면 흥정리,,21811
232-920,강원,평창군,봉평면,,21812
232-936,강원,평창군,용평면 노동리,,21813
232-932,강원,평창군,용평면 도사리,,21814
232-937,강원,평창군,용평면 백옥포리,,21815
232-931,강원,평창군,용평면 속사리,,21816
232-932,강원,평창군,용평면 용전리,,21817
232-935,강원,평창군,용평면 이목정리,,21818
232-933,강원,평창군,용평면 장평리,,21819
232-934,강원,평창군,용평면 재산리,,21820
232-930,강원,평창군,용평면,,21821
232-941,강원,평창군,진부면 간평리,,21822
232-942,강원,평창군,진부면 거문리,,21823
232-941,강원,평창군,진부면 동산리,,21824
232-943,강원,평창군,진부면 두일리,,21825
232-944,강원,평창군,진부면 마평리,,21826
232-945,강원,평창군,진부면 막동리,,21827
232-946,강원,평창군,진부면 봉산리,,21828
232-942,강원,평창군,진부면 상월오개리,,21829
232-947,강원,평창군,진부면 상진부리,,21830
232-947,강원,평창군,진부면 송정1리,,21831
232-946,강원,평창군,진부면 송정2리,,21832
232-947,강원,평창군,진부면 송정3리,,21833
232-947,강원,평창군,진부면 송정4리,,21834
232-947,강원,평창군,진부면 송정5리,,21835
232-944,강원,평창군,진부면 수항리,,21836
232-946,강원,평창군,진부면 신기리,,21837
232-945,강원,평창군,진부면 장전리,,21838
232-943,강원,평창군,진부면 척천리,,21839
232-943,강원,평창군,진부면 탑동리,,21840
232-948,강원,평창군,진부면 하진부1리,,21841
232-942,강원,평창군,진부면 하진부2리,,21842
232-942,강원,평창군,진부면 하진부3리,,21843
232-948,강원,평창군,진부면 하진부4리,,21844
232-949,강원,평창군,진부면 하진부5리,,21845
232-949,강원,평창군,진부면 하진부6리,,21846
232-949,강원,평창군,진부면 하진부7리,,21847
232-949,강원,평창군,진부면 하진부8리,,21848
232-949,강원,평창군,진부면 하진부9리,,21849
232-948,강원,평창군,진부면 하진부리,,21850
232-947,강원,평창군,진부면 호명리,,21851
232-945,강원,평창군,진부면 화의리,,21852
232-940,강원,평창군,진부면,,21853
250-800,강원,홍천군,홍천읍 홍천우체국,,21854
250-889,강원,홍천군,홍천읍 갈마곡1리 사서함,101,21855
250-701,강원,홍천군,홍천읍 갈마곡리 주공아파트,(101∼110동),21856
250-702,강원,홍천군,홍천읍 갈마곡리 주공아파트,(201∼206동),21857
250-705,강원,홍천군,홍천읍 갈마곡리 홍천신성미소지움아파트,(101∼108동),21858
250-889,강원,홍천군,홍천읍 검율리 사서함,101,21859
250-889,강원,홍천군,홍천읍 결운리 사서함,101,21860
250-889,강원,홍천군,홍천읍 상오안리 사서함,101,21861
250-706,강원,홍천군,홍천읍 연봉리 연봉아이파크아파트,(101∼105동),21862
250-889,강원,홍천군,홍천읍 연봉4리 사서함,101,21863
250-704,강원,홍천군,홍천읍 연봉리 청솔아파트,(101∼104동),21864
250-703,강원,홍천군,홍천읍 연봉리 현대아파트,(101∼105동),21865
250-889,강원,홍천군,홍천읍 하안오리 사서함,101,21866
250-721,강원,홍천군,홍천읍 희망리 홍천군청,,21867
250-921,강원,홍천군,홍천읍 갈마곡1리,,21868
250-922,강원,홍천군,홍천읍 갈마곡2리,,21869
250-923,강원,홍천군,홍천읍 갈마곡3리,,21870
250-801,강원,홍천군,홍천읍 갈마곡리,,21871
250-801,강원,홍천군,홍천읍 검율리,,21872
250-802,강원,홍천군,홍천읍 결운리,,21873
250-803,강원,홍천군,홍천읍 삼마치리,,21874
250-920,강원,홍천군,홍천읍 상오안리,,21875
250-805,강원,홍천군,홍천읍 신장대리,,21876
250-931,강원,홍천군,홍천읍 연봉1리,,21877
250-932,강원,홍천군,홍천읍 연봉2리,,21878
250-933,강원,홍천군,홍천읍 연봉3리,,21879
250-934,강원,홍천군,홍천읍 연봉4리,,21880
250-935,강원,홍천군,홍천읍 연봉5리,,21881
250-936,강원,홍천군,홍천읍 연봉6리,,21882
250-807,강원,홍천군,홍천읍 연봉7리,,21883
250-807,강원,홍천군,홍천읍 연봉8리,,21884
250-930,강원,홍천군,홍천읍 연봉리,,21885
250-802,강원,홍천군,홍천읍 와동리,,21886
250-803,강원,홍천군,홍천읍 장전평리,,21887
250-808,강원,홍천군,홍천읍 진리,,21888
250-802,강원,홍천군,홍천읍 태학리,,21889
250-804,강원,홍천군,홍천읍 하오안리,,21890
250-901,강원,홍천군,홍천읍 희망1리,,21891
250-902,강원,홍천군,홍천읍 희망2리,,21892
250-903,강원,홍천군,홍천읍 희망3리,,21893
250-904,강원,홍천군,홍천읍 희망4리,,21894
250-905,강원,홍천군,홍천읍 희망5리,,21895
250-906,강원,홍천군,홍천읍 희망6리,,21896
250-907,강원,홍천군,홍천읍 희망7리,,21897
250-908,강원,홍천군,홍천읍 희망8리,,21898
250-909,강원,홍천군,홍천읍 희망9리,,21899
250-910,강원,홍천군,홍천읍 희망10리,,21900
250-911,강원,홍천군,홍천읍 희망11리,,21901
250-809,강원,홍천군,홍천읍 희망리,,21902
250-800,강원,홍천군,홍천읍,,21903
250-871,강원,홍천군,남면 남노일리,,21904
250-871,강원,홍천군,남면 명동리,,21905
250-872,강원,홍천군,남면 시동1리,,21906
250-889,강원,홍천군,남면 시동2리 사서함,101,21907
250-872,강원,홍천군,남면 시동2리,,21908
250-889,강원,홍천군,남면 시동3리 사서함,101,21909
250-873,강원,홍천군,남면 시동3리,,21910
250-872,강원,홍천군,남면 시동4리,,21911
250-873,강원,홍천군,남면 시동5리,,21912
250-872,강원,홍천군,남면 시동리,,21913
250-874,강원,홍천군,남면 신대1리,,21914
250-872,강원,홍천군,남면 신대2리,,21915
250-874,강원,홍천군,남면 신대리,,21916
250-889,강원,홍천군,남면 양덕원1리 사서함,101,21917
250-875,강원,홍천군,남면 양덕원1리,,21918
250-874,강원,홍천군,남면 양덕원2리,,21919
250-875,강원,홍천군,남면 양덕원리,,21920
250-871,강원,홍천군,남면 용수리,,21921
250-871,강원,홍천군,남면 월천리,,21922
250-889,강원,홍천군,남면 유목정리 사서함,101,21923
250-874,강원,홍천군,남면 유목정리,,21924
250-873,강원,홍천군,남면 유치리,,21925
250-871,강원,홍천군,남면 제곡리,,21926
250-889,강원,홍천군,남면 화전리 사서함,101,21927
250-875,강원,홍천군,남면 화전리,,21928
250-870,강원,홍천군,남면,,21929
250-841,강원,홍천군,내면 광원리,,21930
250-842,강원,홍천군,내면 명개리,,21931
250-843,강원,홍천군,내면 방내리,,21932
250-844,강원,홍천군,내면 율전리,,21933
250-845,강원,홍천군,내면 자운리,,21934
250-846,강원,홍천군,내면 창촌리,,21935
250-840,강원,홍천군,내면,,21936
250-861,강원,홍천군,내촌면 광암리,,21937
250-862,강원,홍천군,내촌면 답풍리,,21938
250-861,강원,홍천군,내촌면 도관리,,21939
250-863,강원,홍천군,내촌면 문현리,,21940
250-864,강원,홍천군,내촌면 물걸리,,21941
250-863,강원,홍천군,내촌면 서곡리,,21942
250-863,강원,홍천군,내촌면 와야리,,21943
250-862,강원,홍천군,내촌면 화상대리,,21944
250-860,강원,홍천군,내촌면,,21945
250-891,강원,홍천군,동면 개운리,,21946
250-892,강원,홍천군,동면 노천리,,21947
250-895,강원,홍천군,동면 덕치리,,21948
250-894,강원,홍천군,동면 방량리,,21949
250-894,강원,홍천군,동면 삼현리,,21950
250-894,강원,홍천군,동면 성수리,,21951
250-893,강원,홍천군,동면 속초리,,21952
250-895,강원,홍천군,동면 신봉리,,21953
250-891,강원,홍천군,동면 월운리,,21954
250-895,강원,홍천군,동면 좌운리,,21955
250-891,강원,홍천군,동면 후동리,,21956
250-890,강원,홍천군,동면,,21957
250-824,강원,홍천군,두촌면 괘석리,,21958
250-824,강원,홍천군,두촌면 역내리,,21959
250-823,강원,홍천군,두촌면 원동리,,21960
250-821,강원,홍천군,두촌면 자은리,,21961
250-823,강원,홍천군,두촌면 장남리,,21962
250-819,강원,홍천군,두촌면 장남리 사서함,81,21963
250-824,강원,홍천군,두촌면 천현리,,21964
250-822,강원,홍천군,두촌면 철정리,,21965
250-819,강원,홍천군,두촌면 철정리 사서함,81,21966
250-820,강원,홍천군,두촌면,,21967
250-882,강원,홍천군,북방면 구만리,,21968
250-881,강원,홍천군,북방면 굴지리,,21969
250-882,강원,홍천군,북방면 노일리,,21970
250-889,강원,홍천군,북방면 능평리 사서함,101,21971
250-883,강원,홍천군,북방면 능평리,,21972
250-883,강원,홍천군,북방면 도사곡리,,21973
250-881,강원,홍천군,북방면 본궁리,,21974
250-881,강원,홍천군,북방면 부사원리,,21975
250-884,강원,홍천군,북방면 북방리,,21976
250-885,강원,홍천군,북방면 상화계리,,21977
250-884,강원,홍천군,북방면 성동리,,21978
250-883,강원,홍천군,북방면 소매곡리,,21979
250-882,강원,홍천군,북방면 역전평리,,21980
250-882,강원,홍천군,북방면 원소리,,21981
250-881,강원,홍천군,북방면 장항리,,21982
250-882,강원,홍천군,북방면 전치곡리,,21983
250-885,강원,홍천군,북방면 중화계리,,21984
250-889,강원,홍천군,북방면 하화계리 사서함,101,21985
250-711,강원,홍천군,북방면 하화계리 하이트맥주(주),,21986
250-885,강원,홍천군,북방면 하화계리,,21987
250-884,강원,홍천군,북방면 화동리,,21988
250-880,강원,홍천군,북방면,,21989
250-751,강원,홍천군,서면 팔봉리 (주)대명레저산업,,21990
250-851,강원,홍천군,서면 개야리,,21991
250-852,강원,홍천군,서면 굴업리,,21992
250-853,강원,홍천군,서면 길곡리,,21993
250-852,강원,홍천군,서면 대곡리,,21994
250-853,강원,홍천군,서면 동막리,,21995
250-852,강원,홍천군,서면 두미리,,21996
250-855,강원,홍천군,서면 마곡리,,21997
250-855,강원,홍천군,서면 모곡리,,21998
250-854,강원,홍천군,서면 반곡리,,21999
250-856,강원,홍천군,서면 어유포리,,22000
250-853,강원,홍천군,서면 중방대리,,22001
250-856,강원,홍천군,서면 팔봉리,,22002
250-850,강원,홍천군,서면,,22003
250-831,강원,홍천군,서석면 검산리,,22004
250-832,강원,홍천군,서석면 상군두리,,22005
250-832,강원,홍천군,서석면 생곡리,,22006
250-833,강원,홍천군,서석면 수하리,,22007
250-833,강원,홍천군,서석면 어론리,,22008
250-834,강원,홍천군,서석면 청량리,,22009
250-835,강원,홍천군,서석면 풍암리,,22010
250-832,강원,홍천군,서석면 하군두리,,22011
250-830,강원,홍천군,서석면,,22012
250-889,강원,홍천군,화촌면 구성포리 사서함,101,22013
250-811,강원,홍천군,화촌면 구성포리,,22014
250-812,강원,홍천군,화촌면 군업리,,22015
250-813,강원,홍천군,화촌면 굴운리,,22016
250-814,강원,홍천군,화촌면 내삼포리,,22017
250-815,강원,홍천군,화촌면 성산리,,22018
250-889,강원,홍천군,화촌면 송정리 사서함,101,22019
250-813,강원,홍천군,화촌면 송정리,,22020
250-816,강원,홍천군,화촌면 야시대리,,22021
250-814,강원,홍천군,화촌면 외삼포리,,22022
250-812,강원,홍천군,화촌면 장평리,,22023
250-819,강원,홍천군,화촌면 주음치리 사서함,81,22024
250-816,강원,홍천군,화촌면 주음치리,,22025
250-811,강원,홍천군,화촌면 풍천리,,22026
250-810,강원,홍천군,화촌면,,22027
209-800,강원,화천군,화천읍 화천우체국,,22028
209-819,강원,화천군,화천읍 대이리 사서함,104,22029
209-809,강원,화천군,화천읍 대이리,,22030
209-801,강원,화천군,화천읍 동촌리,,22031
209-819,강원,화천군,화천읍 상리 사서함,104,22032
209-802,강원,화천군,화천읍 상리,,22033
209-819,강원,화천군,화천읍 신읍리 사서함,104,22034
209-803,강원,화천군,화천읍 신읍리,,22035
209-804,강원,화천군,화천읍 아리,,22036
209-802,강원,화천군,화천읍 중리,,22037
209-819,강원,화천군,화천읍 풍산리 사서함,104,22038
209-805,강원,화천군,화천읍 풍산리,,22039
209-804,강원,화천군,화천읍 하리,,22040
209-800,강원,화천군,화천읍,,22041
209-821,강원,화천군,간동면 간척리,,22042
209-806,강원,화천군,간동면 구만리,,22043
209-822,강원,화천군,간동면 도송리,,22044
209-821,강원,화천군,간동면 방천리,1∼1594,22045
209-823,강원,화천군,간동면 방천리,1595∼1862,22046
209-822,강원,화천군,간동면 오음리,,22047
209-822,강원,화천군,간동면 용호리,,22048
209-822,강원,화천군,간동면 유촌리,,22049
209-820,강원,화천군,간동면,,22050
209-838,강원,화천군,사내면 광덕1리 사서함,93,22051
209-831,강원,화천군,사내면 광덕1리,,22052
209-832,강원,화천군,사내면 광덕2리,,22053
209-831,강원,화천군,사내면 광덕3리,,22054
209-832,강원,화천군,사내면 광덕4리,,22055
209-831,강원,화천군,사내면 광덕리,,22056
209-838,강원,화천군,사내면 명월리 사서함,93-(14),22057
209-839,강원,화천군,사내면 명월리 사서함,99-(1∼29),22058
209-833,강원,화천군,사내면 명월리,,22059
209-838,강원,화천군,사내면 사창리 사서함,93,22060
209-834,강원,화천군,사내면 사창리,,22061
209-838,강원,화천군,사내면 삼일리 사서함,93,22062
209-835,강원,화천군,사내면 삼일리,,22063
209-838,강원,화천군,사내면 용담리 사서함,93-(13),22064
209-835,강원,화천군,사내면 용담리,,22065
209-830,강원,화천군,사내면,,22066
209-819,강원,화천군,상서면 구운리 사서함,104,22067
209-807,강원,화천군,상서면 구운리,,22068
209-819,강원,화천군,상서면 노동리 사서함,104,22069
209-811,강원,화천군,상서면 노동리,,22070
209-839,강원,화천군,상서면 다목리 사서함,99-(2∼25),22071
209-812,강원,화천군,상서면 다목리,,22072
209-819,강원,화천군,상서면 마현리 사서함,104,22073
209-813,강원,화천군,상서면 마현리,,22074
209-839,강원,화천군,상서면 봉오리 사서함,99-(16∼26),22075
209-819,강원,화천군,상서면 봉오리 사서함,104,22076
209-814,강원,화천군,상서면 봉오리,,22077
209-819,강원,화천군,상서면 부촌리 사서함,104,22078
209-815,강원,화천군,상서면 부촌리,,22079
209-819,강원,화천군,상서면 산양리 사서함,104,22080
209-815,강원,화천군,상서면 산양리,,22081
209-819,강원,화천군,상서면 신대리 사서함,104,22082
209-807,강원,화천군,상서면 신대리,,22083
209-819,강원,화천군,상서면 신풍리 사서함,104,22084
209-807,강원,화천군,상서면 신풍리,,22085
209-819,강원,화천군,상서면 장촌리 사서함,104,22086
209-807,강원,화천군,상서면 장촌리,,22087
209-811,강원,화천군,상서면 파포리,,22088
209-810,강원,화천군,상서면,,22089
209-808,강원,화천군,하남면 거례리,,22090
209-842,강원,화천군,하남면 계성리,,22091
209-819,강원,화천군,하남면 논미리 사서함,104,22092
209-841,강원,화천군,하남면 논미리,,22093
209-808,강원,화천군,하남면 삼화리,,22094
209-842,강원,화천군,하남면 서오지리,,22095
209-841,강원,화천군,하남면 안평리,,22096
209-808,강원,화천군,하남면 용암리,,22097
209-842,강원,화천군,하남면 원천리,,22098
209-808,강원,화천군,하남면 위라리,,22099
209-840,강원,화천군,하남면,,22100
225-700,강원,횡성군,횡성읍 묵계농공단지,,22101
225-800,강원,횡성군,횡성읍 횡성우체국,,22102
225-704,강원,횡성군,횡성읍 남산리 송호대학,,22103
225-702,강원,횡성군,횡성읍 읍하리 금광포란재아파트,(101∼105동),22104
225-701,강원,횡성군,횡성읍 읍하리 횡성군청,,22105
225-801,강원,횡성군,횡성읍 가담리,,22106
225-802,강원,횡성군,횡성읍 갈풍리,,22107
225-803,강원,횡성군,횡성읍 개전리,,22108
225-802,강원,횡성군,횡성읍 곡교리,,22109
225-809,강원,횡성군,횡성읍 교항리,,22110
225-803,강원,횡성군,횡성읍 궁천리,,22111
225-801,강원,횡성군,횡성읍 남산리,,22112
225-803,강원,횡성군,횡성읍 내지리,,22113
225-804,강원,횡성군,횡성읍 마산리,,22114
225-803,강원,횡성군,횡성읍 마옥리,,22115
225-802,강원,횡성군,횡성읍 모평리,,22116
225-802,강원,횡성군,횡성읍 묵계리,,22117
225-802,강원,횡성군,횡성읍 반곡리,,22118
225-805,강원,횡성군,횡성읍 북천리,,22119
225-806,강원,횡성군,횡성읍 생운리,,22120
225-803,강원,횡성군,횡성읍 송전리,,22121
225-891,강원,횡성군,횡성읍 영영포리,,22122
225-803,강원,횡성군,횡성읍 옥동리,,22123
225-807,강원,횡성군,횡성읍 읍상리,,22124
225-808,강원,횡성군,횡성읍 읍하리,,22125
225-801,강원,횡성군,횡성읍 입석리,,22126
225-806,강원,횡성군,횡성읍 정암리,,22127
225-806,강원,횡성군,횡성읍 조곡리,,22128
225-801,강원,횡성군,횡성읍 청용리,,22129
225-806,강원,횡성군,횡성읍 추동리,,22130
225-802,강원,횡성군,횡성읍 학곡리,,22131
225-800,강원,횡성군,횡성읍,,22132
225-841,강원,횡성군,갑천면 구방리,,22133
225-842,강원,횡성군,갑천면 대관대리,,22134
225-843,강원,횡성군,갑천면 매일리,,22135
225-842,강원,횡성군,갑천면 병지방리,,22136
225-841,강원,횡성군,갑천면 부동리,,22137
225-842,강원,횡성군,갑천면 삼거리,,22138
225-841,강원,횡성군,갑천면 상대리,,22139
225-844,강원,횡성군,갑천면 율동리,,22140
225-842,강원,횡성군,갑천면 전촌리,,22141
225-841,강원,횡성군,갑천면 중금리,,22142
225-842,강원,횡성군,갑천면 추동리,,22143
225-841,강원,횡성군,갑천면 포동리,,22144
225-841,강원,횡성군,갑천면 하대리,,22145
225-844,강원,횡성군,갑천면 화전리,,22146
225-840,강원,횡성군,갑천면,,22147
225-882,강원,횡성군,강림면 강림1리,,22148
225-881,강원,횡성군,강림면 강림2리,,22149
225-882,강원,횡성군,강림면 강림3리,,22150
225-881,강원,횡성군,강림면 강림4리,,22151
225-881,강원,횡성군,강림면 강림5리,,22152
225-882,강원,횡성군,강림면 강림리,,22153
225-881,강원,횡성군,강림면 부곡리,,22154
225-882,강원,횡성군,강림면 월현리,,22155
225-880,강원,횡성군,강림면,,22156
225-871,강원,횡성군,공근면 가곡리,,22157
225-872,강원,횡성군,공근면 공근리,,22158
225-873,강원,횡성군,공근면 덕촌리,,22159
225-873,강원,횡성군,공근면 도곡리,,22160
225-873,강원,횡성군,공근면 매곡리,,22161
225-871,강원,횡성군,공근면 부창리,,22162
225-871,강원,횡성군,공근면 삼배리,,22163
225-871,강원,횡성군,공근면 상동리,,22164
225-872,강원,횡성군,공근면 상창봉리,,22165
225-873,강원,횡성군,공근면 수백리,,22166
225-874,강원,횡성군,공근면 신촌리,,22167
225-872,강원,횡성군,공근면 어둔리,,22168
225-873,강원,횡성군,공근면 오산리,,22169
225-872,강원,횡성군,공근면 창봉리,,22170
225-871,강원,횡성군,공근면 청곡리,,22171
225-874,강원,횡성군,공근면 초원리,,22172
225-874,강원,횡성군,공근면 학담리,,22173
225-872,강원,횡성군,공근면 행정리,,22174
225-870,강원,횡성군,공근면,,22175
225-831,강원,횡성군,둔내면 궁종리,,22176
225-834,강원,횡성군,둔내면 두원리,,22177
225-831,강원,횡성군,둔내면 둔방내리,,22178
225-833,강원,횡성군,둔내면 마암리,,22179
225-834,강원,횡성군,둔내면 삽교리,,22180
225-833,강원,횡성군,둔내면 석문리,,22181
225-835,강원,횡성군,둔내면 영랑리,,22182
225-835,강원,횡성군,둔내면 우용리,,22183
225-832,강원,횡성군,둔내면 자포곡1리,,22184
225-834,강원,횡성군,둔내면 자포곡2리,,22185
225-832,강원,횡성군,둔내면 자포곡리,,22186
225-835,강원,횡성군,둔내면 조항리,,22187
225-837,강원,횡성군,둔내면 태기리,,22188
225-831,강원,횡성군,둔내면 현천리,,22189
225-833,강원,횡성군,둔내면 화동리,,22190
225-830,강원,횡성군,둔내면,,22191
225-863,강원,횡성군,서원면 금대리,,22192
225-862,강원,횡성군,서원면 석화1리,,22193
225-862,강원,횡성군,서원면 석화2리,,22194
225-863,강원,횡성군,서원면 석화3리,,22195
225-862,강원,횡성군,서원면 석화리,,22196
225-861,강원,횡성군,서원면 압곡리,,22197
225-862,강원,횡성군,서원면 옥계리,,22198
225-863,강원,횡성군,서원면 유현리,,22199
225-861,강원,횡성군,서원면 창촌리,,22200
225-860,강원,횡성군,서원면,,22201
225-825,강원,횡성군,안흥면 가천리,,22202
225-821,강원,횡성군,안흥면 상안리,,22203
225-823,강원,횡성군,안흥면 성산리,,22204
225-823,강원,횡성군,안흥면 소사리,,22205
225-823,강원,횡성군,안흥면 송한리,,22206
225-821,강원,횡성군,안흥면 안흥1리,,22207
225-824,강원,횡성군,안흥면 안흥2리,,22208
225-823,강원,횡성군,안흥면 안흥3리,,22209
225-823,강원,횡성군,안흥면 안흥4리,,22210
225-821,강원,횡성군,안흥면 안흥5리,,22211
225-821,강원,횡성군,안흥면 안흥리,,22212
225-822,강원,횡성군,안흥면 지구리,,22213
225-820,강원,횡성군,안흥면,,22214
225-703,강원,횡성군,우천면 우천농공단지,,22215
225-811,강원,횡성군,우천면 두곡리,,22216
225-811,강원,횡성군,우천면 문암리,,22217
225-812,강원,횡성군,우천면 백달리,,22218
225-811,강원,횡성군,우천면 법주리,,22219
225-813,강원,횡성군,우천면 산전리,,22220
225-812,강원,횡성군,우천면 상대리,,22221
225-812,강원,횡성군,우천면 상하가리,,22222
225-811,강원,횡성군,우천면 양적리,,22223
225-812,강원,횡성군,우천면 오원리,,22224
225-814,강원,횡성군,우천면 용둔리,,22225
225-814,강원,횡성군,우천면 우항리,,22226
225-815,강원,횡성군,우천면 정금리,,22227
225-815,강원,횡성군,우천면 하궁리,,22228
225-811,강원,횡성군,우천면 하대리,,22229
225-810,강원,횡성군,우천면,,22230
225-851,강원,횡성군,청일면 갑천리,,22231
225-852,강원,횡성군,청일면 고시리,,22232
225-853,강원,횡성군,청일면 봉명리,,22233
225-853,강원,횡성군,청일면 속실리,,22234
225-852,강원,횡성군,청일면 신대리,,22235
225-852,강원,횡성군,청일면 유동리,,22236
225-851,강원,횡성군,청일면 유평리,,22237
225-854,강원,횡성군,청일면 초현리,,22238
225-853,강원,횡성군,청일면 춘당리,,22239
225-850,강원,횡성군,청일면,,22240
