506-358,광주,광산구,고룡동,,16095
506-355,광주,광산구,광산동,,16096
506-400,광주,광산구,남산동,,16097
506-456,광주,광산구,내산동,,16098
506-457,광주,광산구,대산동,,16099
506-410,광주,광산구,덕림동,,16100
506-450,광주,광산구,도덕동,,16101
506-799,광주,광산구,도산동 사서함,305,16102
506-800,광주,광산구,도산동,57∼799,16103
506-801,광주,광산구,도산동,800∼1039,16104
506-800,광주,광산구,도산동,1040∼1061,16105
506-020,광주,광산구,도산동,,16106
506-864,광주,광산구,도천동 도천1단지중흥파크맨션,(101∼106동),16107
506-865,광주,광산구,도천동 도천2단지중흥파크맨션,(107∼112동),16108
506-301,광주,광산구,도천동,,16109
506-060,광주,광산구,도호동,,16110
506-407,광주,광산구,동림동,,16111
506-508,광주,광산구,동산동,,16112
506-409,광주,광산구,동호동,,16113
506-352,광주,광산구,두정동,,16114
506-357,광주,광산구,등임동,,16115
506-411,광주,광산구,명도동,,16116
506-509,광주,광산구,명화동,,16117
506-080,광주,광산구,박호동,,16118
506-555,광주,광산구,복룡동,,16119
506-552,광주,광산구,본덕동,,16120
506-401,광주,광산구,북산동,,16121
506-760,광주,광산구,비아동 호반아파트,,16122
506-300,광주,광산구,비아동,,16123
506-351,광주,광산구,사호동,,16124
506-356,광주,광산구,산막동,,16125
506-403,광주,광산구,산수동,,16126
506-705,광주,광산구,산월동 광주보훈병원,,16127
506-785,광주,광산구,산월동 부영아파트,(101∼116동),16128
506-786,광주,광산구,산월동 부영아파트,(201∼206동),16129
506-787,광주,광산구,산월동 부영아파트,(301∼307동),16130
506-720,광주,광산구,산월동 부영e그린아파트,(1101∼1105동),16131
506-720,광주,광산구,산월동 부영사랑으로아파트,(1201∼1308동),16132
506-710,광주,광산구,산월동 호반리젠시빌아파트,(301∼304동),16133
506-789,광주,광산구,산월동 호반리젠시빌아파트,(305∼312동),16134
506-790,광주,광산구,산월동 호반리젠시빌아파트,(313∼322동),16135
506-791,광주,광산구,산월동 호반리젠시빌아파트,(323∼329동),16136
506-305,광주,광산구,산월동,,16137
506-713,광주,광산구,산정동 광주여자대학교,,16138
506-845,광주,광산구,산정동 광주하남부영사랑으로1차아파트,(101∼109동),16139
506-846,광주,광산구,산정동 광주하남부영사랑으로2차아파트,(201∼212동),16140
506-848,광주,광산구,산정동 도시공사1단지아파트,(101∼109동),16141
506-849,광주,광산구,산정동 도시공사2단지아파트,(201∼207동),16142
506-715,광주,광산구,산정동 하남성심병원,,16143
506-053,광주,광산구,산정동,,16144
506-454,광주,광산구,삼거동,,16145
506-458,광주,광산구,삼도동,,16146
506-714,광주,광산구,서봉동 호남대학교광산캠퍼스,,16147
506-090,광주,광산구,서봉동,,16148
506-405,광주,광산구,선동,,16149
506-876,광주,광산구,선암동 선운지구휴먼시아아파트,(101∼121동),16150
506-100,광주,광산구,선암동,,16151
506-717,광주,광산구,소촌동 광주지방경찰청,,16152
506-711,광주,광산구,소촌동 금호타이어(주),,16153
506-761,광주,광산구,소촌동 라인1차아파트,(101∼126동),16154
506-762,광주,광산구,소촌동 라인2차아파트,(201∼208동),16155
506-797,광주,광산구,소촌동 모아드림1차아파트,,16156
506-797,광주,광산구,소촌동 모아드림2차아파트,,16157
506-795,광주,광산구,소촌동 성화파인빌아파트,,16158
506-794,광주,광산구,소촌동 스위트밸리1차아파트,,16159
506-794,광주,광산구,소촌동 스위트밸리2차아파트,,16160
506-794,광주,광산구,소촌동 스위트밸리3차아파트,,16161
506-759,광주,광산구,소촌동 온세계아파트,(101∼102동),16162
506-802,광주,광산구,소촌동,1∼454,16163
506-803,광주,광산구,소촌동,455,16164
506-802,광주,광산구,소촌동,456∼602,16165
506-803,광주,광산구,소촌동,603,16166
506-802,광주,광산구,소촌동,604∼609,16167
506-803,광주,광산구,소촌동,610∼860,16168
506-040,광주,광산구,소촌동,,16169
506-556,광주,광산구,송대동,,16170
506-451,광주,광산구,송산동,,16171
506-722,광주,광산구,송정1동 신세기통신(주),,16172
506-804,광주,광산구,송정1동,1∼561,16173
506-805,광주,광산구,송정1동,562∼565,16174
506-805,광주,광산구,송정1동,567∼803,16175
506-011,광주,광산구,송정1동,,16176
506-702,광주,광산구,송정2동 광산구청,,16177
506-832,광주,광산구,송정2동,566,16178
506-806,광주,광산구,송정2동,804∼851,16179
506-807,광주,광산구,송정2동,852∼1515,16180
506-012,광주,광산구,송정2동,,16181
506-010,광주,광산구,송정동,,16182
506-506,광주,광산구,송촌동,,16183
506-402,광주,광산구,송치동,,16184
506-460,광주,광산구,송학동,,16185
506-738,광주,광산구,수완동 광주수완코오롱하늘채아파트,(101∼110동),16186
506-741,광주,광산구,수완동 수완1차우미린아파트,(101∼106동),16187
506-719,광주,광산구,수완동 수완2차우미린아파트,(201∼211동),16188
506-877,광주,광산구,수완동 수완피오레6단지아파트,(601∼603동),16189
506-718,광주,광산구,수완동 은빛마을모아엘가아파트,(101∼107동),16190
506-870,광주,광산구,수완동 해솔마을대방노블랜드2차아파트,(201∼208동),16191
506-739,광주,광산구,수완동 해솔마을현진에버빌1단지아파트,(101∼110동),16192
506-304,광주,광산구,수완동,,16193
506-459,광주,광산구,신동,,16194
506-748,광주,광산구,신가동 대방노블랜드아파트,(101∼112동),16195
506-704,광주,광산구,신가동 도시공사아파트,,16196
506-736,광주,광산구,신가동 부영사랑으로아파트,(1201∼1207동),16197
506-737,광주,광산구,신가동 부영사랑으로아파트,(1301∼1310동),16198
506-747,광주,광산구,신가동 수완1단지중흥S클래스아파트,(101∼112동),16199
506-742,광주,광산구,신가동 수완한양수자인아파트,(101∼105동),16200
506-874,광주,광산구,신가동 수완지구호반베르디움1차아파트,(101∼113동),16201
506-842,광주,광산구,신가동 아름마을휴먼시아1단지아파트,(101∼108동),16202
506-843,광주,광산구,신가동 아름마을휴먼시아2단지아파트,(201∼213동),16203
506-844,광주,광산구,신가동 아름마을휴먼시아3단지아파트,(301∼314동),16204
506-798,광주,광산구,신가동 주공아파트,,16205
506-796,광주,광산구,신가동 중흥2차아파트,,16206
506-749,광주,광산구,신가동 호반리젠시빌아파트,,16207
506-743,광주,광산구,신창동 호반베르디움아파트,(301∼304동),16208
506-745,광주,광산구,신창동 호반베르디움아파트,(501∼513동),16209
506-746,광주,광산구,신가동 호반베르디움아파트,(601∼613동),16210
506-808,광주,광산구,신가동,832∼876,16211
506-809,광주,광산구,신가동,877∼889,16212
506-808,광주,광산구,신가동,890∼913,16213
506-809,광주,광산구,신가동,914∼930,16214
506-901,광주,광산구,신가동,931∼1019,16215
506-307,광주,광산구,신가동,,16216
506-354,광주,광산구,신룡동,,16217
506-701,광주,광산구,신창동 광주보건대학,,16218
506-744,광주,광산구,신창동 도시공사아파트,(101∼105동),16219
506-835,광주,광산구,신창동 부영사랑으로아파트,(301∼320동),16220
506-836,광주,광산구,신창동 부영사랑으로아파트,(1101∼1107동),16221
506-833,광주,광산구,신창동 부영아파트,(101∼112동),16222
506-834,광주,광산구,신창동 부영아파트,(201∼210동),16223
506-867,광주,광산구,신창동 삼능아파트,(101∼104동),16224
506-779,광주,광산구,신창동 신가부영아파트,(101∼113동),16225
506-878,광주,광산구,신창동 중흥1차아파트,(101∼103동),16226
506-838,광주,광산구,신창동,1∼980,16227
506-839,광주,광산구,신창동,981∼1130,16228
506-840,광주,광산구,신창동,1131∼1189,16229
506-841,광주,광산구,신창동,1190∼1260,16230
506-306,광주,광산구,신창동,,16231
506-793,광주,광산구,신촌동 대주아파트,,16232
506-792,광주,광산구,신촌동 중도다이아빌아파트,,16233
506-810,광주,광산구,신촌동,1∼1114,16234
506-811,광주,광산구,신촌동,1115∼1135,16235
506-070,광주,광산구,신촌동,,16236
506-750,광주,광산구,쌍암동 광주국도유지건설사무소,,16237
506-003,광주,광산구,쌍암동 광주우편집중국,,16238
506-788,광주,광산구,쌍암동 도로교통공단TBN광주교통방송,,16239
506-303,광주,광산구,쌍암동,,16240
506-258,광주,광산구,안청동,,16241
506-455,광주,광산구,양동,,16242
506-408,광주,광산구,양산동,,16243
506-502,광주,광산구,연산동,,16244
506-353,광주,광산구,오산동,,16245
506-723,광주,광산구,오선동 삼성전자(주),,16246
506-253,광주,광산구,오선동,,16247
506-453,광주,광산구,오운동,,16248
506-500,광주,광산구,옥동,,16249
506-406,광주,광산구,왕동,,16250
506-554,광주,광산구,요기동,,16251
506-504,광주,광산구,용곡동,,16252
506-503,광주,광산구,용동,,16253
506-553,광주,광산구,용봉동,,16254
506-709,광주,광산구,우산동 (주)케이티,,16255
506-050,광주,광산구,우산동 광주광산우체국,,16256
506-721,광주,광산구,우산동 광주무역회관빌딩,,16257
506-724,광주,광산구,우산동 국민연금공단광주지사,,16258
506-726,광주,광산구,우산동 농협중앙회광주지역본부,,16259
506-725,광주,광산구,우산동 수협중앙회전남영업본부,,16260
506-751,광주,광산구,우산동 시영1단지아파트,,16261
506-753,광주,광산구,우산동 시영2단지아파트,(201∼211동),16262
506-754,광주,광산구,우산동 어등하이빌,,16263
506-757,광주,광산구,우산동 주공아파트,,16264
506-752,광주,광산구,우산동 하남주공아파트,,16265
506-812,광주,광산구,우산동,1∼1021,16266
506-813,광주,광산구,우산동,1022∼1052,16267
506-812,광주,광산구,우산동,1053∼1065,16268
506-814,광주,광산구,우산동,1066∼1087,16269
506-815,광주,광산구,우산동,1571∼1572,16270
506-813,광주,광산구,우산동,1573∼1610,16271
506-050,광주,광산구,우산동,,16272
506-755,광주,광산구,운남동 삼성아파트,,16273
506-763,광주,광산구,운남동 주공아파트,(101∼210동),16274
506-764,광주,광산구,운남동 주공아파트,(301∼311동),16275
506-765,광주,광산구,운남동 주공아파트,(401∼416동),16276
506-766,광주,광산구,운남동 주공아파트,(501∼515동),16277
506-780,광주,광산구,운남동 주공아파트,(601∼616동),16278
506-781,광주,광산구,운남동 주공아파트,(701∼710동),16279
506-782,광주,광산구,운남동 주공아파트,(801∼816동),16280
506-816,광주,광산구,운남동,1∼510,16281
506-817,광주,광산구,운남동,511∼770,16282
506-818,광주,광산구,운남동,771∼777,16283
506-308,광주,광산구,운남동,,16284
506-703,광주,광산구,운수동 광주광산경찰서,,16285
506-110,광주,광산구,운수동,,16286
506-858,광주,광산구,월계동 건영아파트,(101∼105동),16287
506-708,광주,광산구,월계동 금광아파트,(101∼104동),16288
506-767,광주,광산구,월계동 금호아파트,,16289
506-706,광주,광산구,월계동 남부대학교,,16290
506-768,광주,광산구,월계동 대우아파트,,16291
506-769,광주,광산구,월계동 동부아파트,,16292
506-770,광주,광산구,월계동 두산1차아파트,,16293
506-771,광주,광산구,월계동 라인1차아파트,,16294
506-707,광주,광산구,월계동 모아아파트,(101∼103동),16295
506-707,광주,광산구,월계동 벽산아파트,(101∼103동),16296
506-772,광주,광산구,월계동 선경아파트,,16297
506-708,광주,광산구,월계동 일신아파트,(101∼104동),16298
506-866,광주,광산구,월계동 첨단신동아아파트,(101∼105동),16299
506-735,광주,광산구,월계동 한국방송통신대학교광주전남지역대학,,16300
506-773,광주,광산구,월계동 호반2차아파트,,16301
506-819,광주,광산구,월계동,755,16302
506-820,광주,광산구,월계동,756,16303
506-821,광주,광산구,월계동,757,16304
506-819,광주,광산구,월계동,758,16305
506-820,광주,광산구,월계동,759,16306
506-821,광주,광산구,월계동,760∼762,16307
506-822,광주,광산구,월계동,763,16308
506-823,광주,광산구,월계동,764∼765,16309
506-824,광주,광산구,월계동,766∼771,16310
506-822,광주,광산구,월계동,772∼811,16311
506-824,광주,광산구,월계동,812∼899,16312
506-302,광주,광산구,월계동,,16313
506-758,광주,광산구,월곡1동 금호타운아파트,,16314
506-774,광주,광산구,월곡1동 한성1차아파트,(101∼115동),16315
506-775,광주,광산구,월곡1동 한성2차아파트,(201∼206동),16316
506-825,광주,광산구,월곡1동,1∼299,16317
506-827,광주,광산구,월곡1동,542∼599,16318
506-825,광주,광산구,월곡1동,600∼615,16319
506-055,광주,광산구,월곡1동,,16320
506-776,광주,광산구,월곡2동 부영아파트,,16321
506-783,광주,광산구,월곡2동 영천마을주공9단지아파트,(901∼916동),16322
506-784,광주,광산구,월곡2동 영천마을주공10단지아파트,,16323
506-777,광주,광산구,월곡2동 일신아파트,,16324
506-826,광주,광산구,월곡2동,300∼541,16325
506-056,광주,광산구,월곡2동,,16326
506-054,광주,광산구,월곡동,,16327
506-501,광주,광산구,월전동,,16328
506-828,광주,광산구,유계동,1∼500,16329
506-829,광주,광산구,유계동,501∼1060,16330
506-551,광주,광산구,유계동,,16331
506-350,광주,광산구,임곡동,,16332
506-731,광주,광산구,장덕동 LG이노텍(주),,16333
506-869,광주,광산구,장덕동 고실마을휴먼시아8단지아파트,(801∼809동),16334
506-727,광주,광산구,장덕동 남영전구(주),,16335
506-728,광주,광산구,장덕동 대우모터(주),,16336
506-729,광주,광산구,장덕동 대우일렉트로닉스(주),,16337
506-859,광주,광산구,장덕동 대주피오레1단지아파트,(101∼105동),16338
506-872,광주,광산구,장덕동 성덕마을대방노블랜드3차아파트,(301∼306동),16339
506-873,광주,광산구,장덕동 성덕마을대방노블랜드5차아파트,(501∼508동),16340
506-857,광주,광산구,장덕동 수완GS자이아파트,(101∼107동),16341
506-851,광주,광산구,장덕동 수완부영사랑으로1차아파트,(101∼106동),16342
506-852,광주,광산구,장덕동 수완부영사랑으로2차아파트,(201∼206동),16343
506-850,광주,광산구,장덕동 수완새한포유아파트,(101∼106동),16344
506-856,광주,광산구,장덕동 수완신안실크밸리아파트,(101∼107동),16345
506-855,광주,광산구,장덕동 수완양우내안애아파트,(101∼103동),16346
506-854,광주,광산구,장덕동 수완진흥더루벤스아파트,(101∼106동),16347
506-868,광주,광산구,장덕동 신완마을휴먼시아6단지아파트,(601∼612동),16348
506-871,광주,광산구,장덕동 신완마을휴먼시아7단지아파트,(701∼715동),16349
506-740,광주,광산구,장덕동 영무예다음아파트,(101∼104동),16350
506-730,광주,광산구,장덕동 캐리어(주),,16351
506-732,광주,광산구,장덕동 한국알프스(주),,16352
506-853,광주,광산구,장덕동 현진에버빌2차아파트,(201∼211동),16353
506-733,광주,광산구,장덕동 화천기공(주),,16354
506-830,광주,광산구,장덕동,1∼899,16355
506-831,광주,광산구,장덕동,900∼992,16356
506-251,광주,광산구,장덕동,,16357
506-507,광주,광산구,장록동,,16358
506-254,광주,광산구,장수동,,16359
506-404,광주,광산구,지산동,,16360
506-510,광주,광산구,지정동,,16361
506-505,광주,광산구,지죽동,,16362
506-452,광주,광산구,지평동,,16363
506-257,광주,광산구,진곡동,,16364
506-700,광주,광산구,하남동 부영사랑으로아파트,(301∼311동),16365
506-734,광주,광산구,하남동 해양도시가스,,16366
506-250,광주,광산구,하남동,,16367
506-550,광주,광산구,하산동,,16368
506-778,광주,광산구,황룡동 공군아파트,,16369
506-030,광주,광산구,황룡동,,16370
506-862,광주,광산구,흑석동 수완2단지중흥S클래스아파트,(201∼205동),16371
506-863,광주,광산구,흑석동 수완3단지중흥S클래스아파트,(301∼305동),16372
506-875,광주,광산구,흑석동 수완지구이지더원아파트,(101∼107동),16373
506-860,광주,광산구,흑석동 장자울마을휴먼시아4단지아파트,(401∼407동),16374
506-861,광주,광산구,흑석동 장자울마을휴먼시아5단지아파트,(501∼504동),16375
506-252,광주,광산구,흑석동,,16376
506-600,광주,광산구,광주광산우체국사서함,,16377
503-020,광주,남구,구동,,16378
503-212,광주,남구,구소동,,16379
503-871,광주,남구,노대동 송화마을휴먼시아1단지아파트,(101∼107동),16380
503-871,광주,남구,노대동 송화마을휴먼시아2단지아파트,(201∼208동),16381
503-873,광주,남구,노대동 송화마을휴먼시아3단지아파트,(301∼314동),16382
503-874,광주,남구,노대동 송화마을휴먼시아4단지아파트,(401∼407동),16383
503-875,광주,남구,노대동 송화마을휴먼시아5단지아파트,(501∼511동),16384
503-712,광주,남구,노대동 송화마을휴먼시아6단지아파트,(601∼612동),16385
503-713,광주,남구,노대동 송화마을휴먼시아7단지아파트,(701∼711동),16386
503-320,광주,남구,노대동,,16387
503-204,광주,남구,대지동,,16388
503-340,광주,남구,덕남동,,16389
503-201,광주,남구,도금동,,16390
503-802,광주,남구,방림1동,110∼394,16391
503-803,광주,남구,방림1동,395∼449,16392
503-802,광주,남구,방림1동,459∼471,16393
503-802,광주,남구,방림1동,509∼526,16394
503-803,광주,남구,방림1동,527∼530,16395
503-802,광주,남구,방림1동,531∼533,16396
503-803,광주,남구,방림1동,534∼539,16397
503-802,광주,남구,방림1동,540∼543,16398
503-803,광주,남구,방림1동,544∼555,16399
503-051,광주,남구,방림1동,,16400
503-774,광주,남구,방림2동 국민건강보험공단,,16401
503-757,광주,남구,방림2동 라인효친아파트,,16402
503-752,광주,남구,방림2동 방림모아아파트,,16403
503-800,광주,남구,방림2동,1∼89,16404
503-801,광주,남구,방림2동,90∼109,16405
503-804,광주,남구,방림2동,450∼458,16406
503-804,광주,남구,방림2동,472∼486,16407
503-801,광주,남구,방림2동,487∼508,16408
503-805,광주,남구,방림2동,556,16409
503-804,광주,남구,방림2동,557∼600,16410
503-052,광주,남구,방림2동,,16411
503-050,광주,남구,방림동,,16412
503-705,광주,남구,백운1동 광주백운1휴먼시아아파트,(101∼111동),16413
503-705,광주,남구,백운1동 광주백운2휴먼시아아파트,(201∼202동),16414
503-700,광주,남구,백운1동 광주백운3휴먼시아아파트,(301∼307동),16415
503-806,광주,남구,백운1동,1∼19,16416
503-807,광주,남구,백운1동,20∼202,16417
503-806,광주,남구,백운1동,300∼493,16418
503-807,광주,남구,백운1동,494∼587,16419
503-301,광주,남구,백운1동,,16420
503-808,광주,남구,백운2동,203∼299,16421
503-809,광주,남구,백운2동,588∼634,16422
503-808,광주,남구,백운2동,635∼660,16423
503-302,광주,남구,백운2동,,16424
503-300,광주,남구,백운동,,16425
503-763,광주,남구,봉선1동 라인광장아파트,(101∼108동),16426
503-751,광주,남구,봉선1동 라인하이츠아파트,,16427
503-764,광주,남구,봉선1동 모아1차아파트,(1∼7동),16428
503-762,광주,남구,봉선1동 모아2차아파트,(101∼103동),16429
503-812,광주,남구,봉선1동,149,16430
503-812,광주,남구,봉선1동,181∼299,16431
503-813,광주,남구,봉선1동,300∼355,16432
503-815,광주,남구,봉선1동,801∼982,16433
503-816,광주,남구,봉선1동,983∼988,16434
503-847,광주,남구,봉선1동,989∼1015,16435
503-813,광주,남구,봉선1동,1016∼1044,16436
503-061,광주,남구,봉선1동,,16437
503-702,광주,남구,봉선2동 광주남부경찰서,,16438
503-765,광주,남구,봉선2동 금호1차아파트,(1∼9동),16439
503-766,광주,남구,봉선2동 금호2차아파트,(201∼209동),16440
503-701,광주,남구,봉선2동 남구청,,16441
503-767,광주,남구,봉선2동 라인아파트,(101∼102동),16442
503-760,광주,남구,봉선2동 무등1차아파트,(101∼304동),16443
503-759,광주,남구,봉선2동 무등2차아파트,(201∼205동),16444
503-760,광주,남구,봉선2동 무등3차아파트,(101∼304동),16445
503-708,광주,남구,봉선2동 문성중고등학교,,16446
503-758,광주,남구,봉선2동 삼익1차아파트,(101∼204동),16447
503-758,광주,남구,봉선2동 삼익2차아파트,(101∼204동),16448
503-776,광주,남구,봉선2동 쌍용스윗닷홈예가아파트,(101∼106동),16449
503-775,광주,남구,봉선2동 포스코더샵아파트,(101∼111동),16450
503-773,광주,남구,봉선2동 한국아델리움아파트,(101∼201동),16451
503-810,광주,남구,봉선2동,1∼127,16452
503-811,광주,남구,봉선2동,128∼148,16453
503-811,광주,남구,봉선2동,150∼180,16454
503-814,광주,남구,봉선2동,356∼533,16455
503-846,광주,남구,봉선2동,534∼800,16456
503-854,광주,남구,봉선2동,1045∼1080,16457
503-062,광주,남구,봉선2동,,16458
503-724,광주,남구,봉선동 명지아파트,(A∼B동),16459
503-060,광주,남구,봉선동,,16460
503-030,광주,남구,사동,,16461
503-729,광주,남구,서1동 KBC광주방송국,,16462
503-707,광주,남구,서1동 라인빌딩,,16463
503-818,광주,남구,서1동,79∼120,16464
503-818,광주,남구,서1동,146∼300,16465
503-011,광주,남구,서1동,,16466
503-817,광주,남구,서2동,1∼78,16467
503-817,광주,남구,서2동,121∼145,16468
503-012,광주,남구,서2동,,16469
503-010,광주,남구,서동,,16470
503-207,광주,남구,석정동,,16471
503-772,광주,남구,송하동 교통안전공단,,16472
503-755,광주,남구,송하동 금호아파트,,16473
503-726,광주,남구,송하동 삼익아파트,(101∼107동),16474
503-742,광주,남구,송하동 송원대학,,16475
503-819,광주,남구,송하동,1∼199,16476
503-820,광주,남구,송하동,200∼461,16477
503-819,광주,남구,송하동,462∼500,16478
503-370,광주,남구,송하동,,16479
503-213,광주,남구,승촌동,,16480
503-211,광주,남구,신장동,,16481
503-205,광주,남구,압촌동,,16482
503-214,광주,남구,양과동,,16483
503-715,광주,남구,양림동 광주기독병원,,16484
503-711,광주,남구,양림동 기독간호대학,,16485
503-706,광주,남구,양림동 사직도서관,,16486
503-756,광주,남구,양림동 호남신학대학교,,16487
503-709,광주,남구,양림동 휴먼시아1차아파트,(101∼110동),16488
503-710,광주,남구,양림동 휴먼시아2차아파트,(201∼209동),16489
503-821,광주,남구,양림동,1∼92,16490
503-822,광주,남구,양림동,93∼111,16491
503-821,광주,남구,양림동,112∼210,16492
503-822,광주,남구,양림동,211∼444,16493
503-040,광주,남구,양림동,,16494
503-210,광주,남구,양촌동,,16495
503-202,광주,남구,원산동,,16496
503-704,광주,남구,월산4동 목우빌딩,,16497
503-827,광주,남구,월산4동,401∼584,16498
503-829,광주,남구,월산4동,900∼964,16499
503-827,광주,남구,월산4동,965∼980,16500
503-830,광주,남구,월산4동,981∼999,16501
503-234,광주,남구,월산4동,,16502
503-828,광주,남구,월산5동,110,16503
503-828,광주,남구,월산5동,178,16504
503-828,광주,남구,월산5동,585∼899,16505
503-851,광주,남구,월산5동,1000∼1015,16506
503-828,광주,남구,월산5동,1016∼1025,16507
503-831,광주,남구,월산5동,1026∼1053,16508
503-235,광주,남구,월산5동,,16509
503-728,광주,남구,월산동 광주문화방송,,16510
503-823,광주,남구,월산동,1∼32,16511
503-824,광주,남구,월산동,33∼70,16512
503-825,광주,남구,월산동,71∼109,16513
503-825,광주,남구,월산동,111∼177,16514
503-825,광주,남구,월산동,179∼190,16515
503-849,광주,남구,월산동,191∼240,16516
503-826,광주,남구,월산동,241∼284,16517
503-848,광주,남구,월산동,285∼299,16518
503-850,광주,남구,월산동,300∼400,16519
503-230,광주,남구,월산동,,16520
503-208,광주,남구,월성동,,16521
503-206,광주,남구,이장동,,16522
503-360,광주,남구,임암동,,16523
503-761,광주,남구,주월1동 현대1차아파트,(101∼103동),16524
503-761,광주,남구,주월1동 현대2차아파트,(11∼24동),16525
503-714,광주,남구,주월1동 호반베르디움1차아파트,(101∼106동),16526
503-714,광주,남구,주월1동 호반베르디움2차아파트,(201∼204동),16527
503-832,광주,남구,주월1동,1∼52,16528
503-838,광주,남구,주월1동,183∼190,16529
503-834,광주,남구,주월1동,191∼300,16530
503-835,광주,남구,주월1동,301∼414,16531
503-836,광주,남구,주월1동,415∼482,16532
503-832,광주,남구,주월1동,483∼543,16533
503-835,광주,남구,주월1동,941,16534
503-834,광주,남구,주월1동,957,16535
503-832,광주,남구,주월1동,967∼973,16536
503-835,광주,남구,주월1동,1010∼1019,16537
503-838,광주,남구,주월1동,1020∼1179,16538
503-839,광주,남구,주월1동,1180∼1190,16539
503-834,광주,남구,주월1동,1191∼1242,16540
503-839,광주,남구,주월1동,1243∼1273,16541
503-838,광주,남구,주월1동,1274∼1287,16542
503-311,광주,남구,주월1동,,16543
503-833,광주,남구,주월2동,53∼80,16544
503-852,광주,남구,주월2동,81∼100,16545
503-833,광주,남구,주월2동,101∼182,16546
503-833,광주,남구,주월2동,544∼820,16547
503-837,광주,남구,주월2동,821∼940,16548
503-837,광주,남구,주월2동,942∼956,16549
503-837,광주,남구,주월2동,958∼966,16550
503-837,광주,남구,주월2동,974∼1009,16551
503-312,광주,남구,주월2동,,16552
503-310,광주,남구,주월동,,16553
503-725,광주,남구,지석동 지석동한일베라체아파트,(101∼110동),16554
503-200,광주,남구,지석동,,16555
503-719,광주,남구,진월동 고운하이플러스아파트,(101∼103동),16556
503-703,광주,남구,진월동 광주대학교,,16557
503-777,광주,남구,진월동 금광하늘연가아파트,(101∼106동),16558
503-754,광주,남구,진월동 대주아파트,,16559
503-716,광주,남구,진월동 대주파크빌아파트,(101∼102동),16560
503-770,광주,남구,진월동 삼익세라믹아파트,(101∼105동),16561
503-771,광주,남구,진월동 아남아파트,(1∼6동),16562
503-718,광주,남구,진월동 진아리채아파트,(301∼304동),16563
503-720,광주,남구,진월동 진월2차고운하이플러스아파트,(201∼206동),16564
503-721,광주,남구,진월동 진월2차진아하이빌아파트,(201∼203동),16565
503-717,광주,남구,진월동 진월2차한국아델리움아파트,(201∼203동),16566
503-768,광주,남구,진월동 풍림아파트,(101∼106동),16567
503-789,광주,남구,진월동 한국아델리움아파트,(101∼104동),16568
503-753,광주,남구,진월동 한신아파트,,16569
503-769,광주,남구,진월동 현대아파트,(303∼309동),16570
503-722,광주,남구,진월동 호반리젠시빌스위트아파트,(101∼102동),16571
503-723,광주,남구,진월동 호반아파트,(101∼102동),16572
503-840,광주,남구,진월동,1∼311,16573
503-841,광주,남구,진월동,312∼358,16574
503-842,광주,남구,진월동,359∼398,16575
503-843,광주,남구,진월동,399∼432,16576
503-844,광주,남구,진월동,433∼480,16577
503-843,광주,남구,진월동,481∼600,16578
503-330,광주,남구,진월동,,16579
503-203,광주,남구,칠석동,,16580
503-855,광주,남구,행암동,1∼350,16581
503-856,광주,남구,행암동,351∼700,16582
503-350,광주,남구,행암동,,16583
503-209,광주,남구,화장동,,16584
501-803,광주,동구,계림1동,174∼176,16585
501-804,광주,동구,계림1동,177∼189,16586
501-805,광주,동구,계림1동,254∼297,16587
501-804,광주,동구,계림1동,298∼485,16588
501-805,광주,동구,계림1동,486∼490,16589
501-803,광주,동구,계림1동,491∼508,16590
501-806,광주,동구,계림1동,510∼517,16591
501-806,광주,동구,계림1동,528∼559,16592
501-803,광주,동구,계림1동,560∼593,16593
501-854,광주,동구,계림1동,594∼730,16594
501-855,광주,동구,계림1동,731∼897,16595
501-856,광주,동구,계림1동,898∼940,16596
501-857,광주,동구,계림1동,941∼1031,16597
501-081,광주,동구,계림1동,,16598
501-751,광주,동구,계림2동 금호아파트,,16599
501-750,광주,동구,계림2동 두산위브아파트,(101∼113동),16600
501-800,광주,동구,계림2동,1∼69,16601
501-801,광주,동구,계림2동,70∼90,16602
501-802,광주,동구,계림2동,91∼173,16603
501-800,광주,동구,계림2동,190∼253,16604
501-800,광주,동구,계림2동,509,16605
501-800,광주,동구,계림2동,518∼527,16606
501-858,광주,동구,계림2동,1032∼1814,16607
501-082,광주,동구,계림2동,,16608
501-080,광주,동구,계림동,,16609
501-180,광주,동구,광산동,,16610
501-040,광주,동구,궁동,,16611
501-742,광주,동구,금남로1가 금남지하상가,,16612
501-758,광주,동구,금남로1가 전일빌딩,,16613
501-021,광주,동구,금남로1가,,16614
501-710,광주,동구,금남로2가 광주일보사,,16615
501-711,광주,동구,금남로2가 무등빌딩,,16616
501-727,광주,동구,금남로2가 우리투자증권빌딩,,16617
501-022,광주,동구,금남로2가,,16618
501-700,광주,동구,금남로3가 SK브로드밴드(주)광주사옥,,16619
501-712,광주,동구,금남로3가 가톨릭센터,,16620
501-743,광주,동구,금남로3가 국민은행광주지점,,16621
501-719,광주,동구,금남로3가 제일은행빌딩,,16622
501-023,광주,동구,금남로3가,,16623
501-721,광주,동구,금남로4가 국민은행빌딩,,16624
501-850,광주,동구,금남로4가,1∼60,16625
501-851,광주,동구,금남로4가,61∼87,16626
501-024,광주,동구,금남로4가,,16627
501-713,광주,동구,금남로5가 남선빌딩,,16628
501-706,광주,동구,금남로5가 삼성생명빌딩,,16629
501-852,광주,동구,금남로5가,1∼59,16630
501-853,광주,동구,금남로5가,60∼62,16631
501-852,광주,동구,금남로5가,63∼109,16632
501-853,광주,동구,금남로5가,110∼130,16633
501-025,광주,동구,금남로5가,,16634
501-722,광주,동구,금동 코밀빌딩,,16635
501-807,광주,동구,금동,1∼49,16636
501-808,광주,동구,금동,50∼217,16637
501-170,광주,동구,금동,,16638
501-809,광주,동구,남동,1∼116,16639
501-810,광주,동구,남동,117∼183,16640
501-160,광주,동구,남동,,16641
501-260,광주,동구,내남동,,16642
501-709,광주,동구,대의동 광주동부경찰서,,16643
501-050,광주,동구,대의동,,16644
501-730,광주,동구,대인동 광주은행본점빌딩,,16645
501-715,광주,동구,대인동 반도빌딩,,16646
501-714,광주,동구,대인동 한화생명보험(주)광주사옥,,16647
501-811,광주,동구,대인동,1∼184,16648
501-812,광주,동구,대인동,185∼327,16649
501-030,광주,동구,대인동,,16650
501-813,광주,동구,동명동,1∼154,16651
501-814,광주,동구,동명동,155∼199,16652
501-815,광주,동구,동명동,200∼270,16653
501-070,광주,동구,동명동,,16654
501-130,광주,동구,불로동,,16655
501-819,광주,동구,산수1동,300∼419,16656
501-820,광주,동구,산수1동,420∼425,16657
501-819,광주,동구,산수1동,426∼454,16658
501-820,광주,동구,산수1동,455∼478,16659
501-819,광주,동구,산수1동,479∼495,16660
501-822,광주,동구,산수1동,536∼539,16661
501-820,광주,동구,산수1동,540∼554,16662
501-819,광주,동구,산수1동,555∼556,16663
501-820,광주,동구,산수1동,557,16664
501-819,광주,동구,산수1동,558∼560,16665
501-091,광주,동구,산수1동,,16666
501-701,광주,동구,산수2동 두암그린파크아파트,(101∼107동),16667
501-752,광주,동구,산수2동 두암타운아파트,,16668
501-816,광주,동구,산수2동,1∼113,16669
501-817,광주,동구,산수2동,114∼226,16670
501-817,광주,동구,산수2동,227∼260,16671
501-818,광주,동구,산수2동,496∼509,16672
501-816,광주,동구,산수2동,510∼513,16673
501-816,광주,동구,산수2동,514∼516,16674
501-821,광주,동구,산수2동,517∼523,16675
501-816,광주,동구,산수2동,524∼525,16676
501-818,광주,동구,산수2동,526∼532,16677
501-817,광주,동구,산수2동,533∼535,16678
501-817,광주,동구,산수2동,561∼567,16679
501-816,광주,동구,산수2동,569∼573,16680
501-823,광주,동구,산수2동,675∼711,16681
501-092,광주,동구,산수2동,,16682
501-090,광주,동구,산수동,,16683
501-720,광주,동구,서석동 KT광주정보통신센터빌딩,,16684
501-704,광주,동구,서석동 동구청,,16685
501-759,광주,동구,서석동 조선대학교,,16686
501-717,광주,동구,서석동 조선대학교병원,,16687
501-744,광주,동구,서석동 조선이공대학,,16688
501-824,광주,동구,서석동,1∼126,16689
501-825,광주,동구,서석동,127∼465,16690
501-824,광주,동구,서석동,466∼1003,16691
501-140,광주,동구,서석동,,16692
501-250,광주,동구,선교동,,16693
501-724,광주,동구,소태동 모아미래도아파트,(101∼105동),16694
501-826,광주,동구,소태동,1∼99,16695
501-827,광주,동구,소태동,100∼300,16696
501-826,광주,동구,소태동,301∼430,16697
501-828,광주,동구,소태동,431∼512,16698
501-829,광주,동구,소태동,513∼549,16699
501-828,광주,동구,소태동,550∼624,16700
501-827,광주,동구,소태동,625∼679,16701
501-826,광주,동구,소태동,680∼685,16702
501-829,광주,동구,소태동,686∼700,16703
501-828,광주,동구,소태동,701∼860,16704
501-839,광주,동구,소태동,871∼1102,16705
501-827,광주,동구,소태동,산1∼200,16706
501-829,광주,동구,소태동,산201∼300,16707
501-220,광주,동구,소태동,,16708
501-723,광주,동구,수기동 제일오피스텔빌딩,,16709
501-100,광주,동구,수기동,,16710
501-830,광주,동구,용산동,1∼146,16711
501-831,광주,동구,용산동,147∼182,16712
501-832,광주,동구,용산동,183∼301,16713
501-831,광주,동구,용산동,302∼636,16714
501-210,광주,동구,용산동,,16715
501-230,광주,동구,용연동,,16716
501-833,광주,동구,운림동,1∼652,16717
501-834,광주,동구,운림동,653∼957,16718
501-200,광주,동구,운림동,,16719
501-240,광주,동구,월남동,,16720
501-060,광주,동구,장동,,16721
501-838,광주,동구,지산1동,342,16722
501-838,광주,동구,지산1동,345∼444,16723
501-838,광주,동구,지산1동,463∼523,16724
501-838,광주,동구,지산1동,524∼693,16725
501-838,광주,동구,지산1동,694-(25∼46),16726
501-838,광주,동구,지산1동,694-(50∼71),16727
501-838,광주,동구,지산1동,694-(74∼118),16728
501-838,광주,동구,지산1동,703∼705,16729
501-838,광주,동구,지산1동,710∼723,16730
501-151,광주,동구,지산1동,,16731
501-707,광주,동구,지산2동 광주검찰청사,,16732
501-707,광주,동구,지산2동 광주고등검찰청,,16733
501-703,광주,동구,지산2동 광주고등법원,,16734
501-703,광주,동구,지산2동 광주법원청사,,16735
501-707,광주,동구,지산2동 광주지방검찰청,,16736
501-703,광주,동구,지산2동 광주지방법원,,16737
501-835,광주,동구,지산2동,1∼249,16738
501-836,광주,동구,지산2동,250∼269,16739
501-835,광주,동구,지산2동,270∼314,16740
501-837,광주,동구,지산2동,315∼340,16741
501-836,광주,동구,지산2동,341,16742
501-836,광주,동구,지산2동,343∼344,16743
501-835,광주,동구,지산2동,445∼462,16744
501-837,광주,동구,지산2동,694-(1∼24),16745
501-837,광주,동구,지산2동,694-(47∼49),16746
501-837,광주,동구,지산2동,694-(72∼73),16747
501-837,광주,동구,지산2동,695∼702,16748
501-836,광주,동구,지산2동,706∼709,16749
501-152,광주,동구,지산2동,,16750
501-150,광주,동구,지산동,,16751
501-011,광주,동구,충장로1가,,16752
501-012,광주,동구,충장로2가 광주우체국,,16753
501-012,광주,동구,충장로2가,,16754
501-718,광주,동구,충장로3가 이프유,,16755
501-747,광주,동구,충장로3가 충금지하상가,,16756
501-013,광주,동구,충장로3가,,16757
501-725,광주,동구,충장로4가 밀리오레,,16758
501-014,광주,동구,충장로4가,,16759
501-015,광주,동구,충장로5가,,16760
501-745,광주,동구,학동 병무청,,16761
501-757,광주,동구,학동 전남대학교병원,,16762
501-746,광주,동구,학동 전남대학교의과대학,,16763
501-716,광주,동구,학동 학2마을아파트,(201∼208동),16764
501-840,광주,동구,학동,1∼45,16765
501-841,광주,동구,학동,46∼170,16766
501-842,광주,동구,학동,171∼268,16767
501-843,광주,동구,학동,269∼279,16768
501-844,광주,동구,학동,280∼499,16769
501-840,광주,동구,학동,500∼525,16770
501-841,광주,동구,학동,526∼613,16771
501-840,광주,동구,학동,614∼628,16772
501-845,광주,동구,학동,629∼651,16773
501-846,광주,동구,학동,652∼730,16774
501-847,광주,동구,학동,731∼773,16775
501-846,광주,동구,학동,774∼775,16776
501-844,광주,동구,학동,776∼826,16777
501-848,광주,동구,학동,827∼879,16778
501-849,광주,동구,학동,880∼898,16779
501-841,광주,동구,학동,899∼1007,16780
501-190,광주,동구,학동,,16781
501-728,광주,동구,호남동 대원빌딩,,16782
501-120,광주,동구,호남동,,16783
501-110,광주,동구,황금동,,16784
501-600,광주,동구,광주우체국사서함,,16785
500-762,광주,북구,각화동 각화금호타운아파트,,16786
500-729,광주,북구,각화동 글로벌아파트,,16787
500-765,광주,북구,각화동 주공아파트,,16788
500-731,광주,북구,각화동 화물터미널,,16789
500-800,광주,북구,각화동,1∼379,16790
500-801,광주,북구,각화동,380∼800,16791
500-120,광주,북구,각화동,,16792
500-400,광주,북구,금곡동,,16793
500-722,광주,북구,누문동 교보빌딩,,16794
500-732,광주,북구,누문동 남화빌딩,,16795
500-030,광주,북구,누문동,,16796
500-706,광주,북구,대촌동 광주테크노파크,,16797
500-733,광주,북구,대촌동 앰코테크놀로지코리아(주),,16798
500-470,광주,북구,대촌동,,16799
500-420,광주,북구,덕의동,,16800
500-792,광주,북구,동림동 삼익아파트,(101∼115동),16801
500-746,광주,북구,동림동 삼호가든아파트,,16802
500-747,광주,북구,동림동 우미2차아파트,(101∼105동),16803
500-746,광주,북구,동림동 유일가든아파트,,16804
500-908,광주,북구,동림동 죽림마을주공아파트,(101∼107동),16805
500-763,광주,북구,동림동 푸른마을주공아파트,(101∼315동),16806
500-764,광주,북구,동림동 푸른마을주공아파트,(401∼415동),16807
500-802,광주,북구,동림동,1∼169,16808
500-803,광주,북구,동림동,170∼299,16809
500-804,광주,북구,동림동,300∼500,16810
500-803,광주,북구,동림동,501∼700,16811
500-804,광주,북구,동림동,701∼1120,16812
500-805,광주,북구,동림동,1121∼1163,16813
500-802,광주,북구,동림동,1164,16814
500-804,광주,북구,동림동,1165∼2120,16815
500-805,광주,북구,동림동,2121∼2260,16816
500-180,광주,북구,동림동,,16817
500-714,광주,북구,두암1동 동강대학,,16818
500-759,광주,북구,두암1동 현대아파트,(201∼203동),16819
500-811,광주,북구,두암1동,313∼330,16820
500-813,광주,북구,두암1동,651∼799,16821
500-811,광주,북구,두암1동,800∼820,16822
500-809,광주,북구,두암1동,848,16823
500-809,광주,북구,두암1동,853∼866,16824
500-809,광주,북구,두암1동,869∼890,16825
500-811,광주,북구,두암1동,891∼903,16826
500-811,광주,북구,두암1동,906∼907,16827
500-811,광주,북구,두암1동,909∼911,16828
500-101,광주,북구,두암1동,,16829
500-707,광주,북구,두암2동 KT동광주지점,,16830
500-766,광주,북구,두암2동 무등파크1차아파트,,16831
500-766,광주,북구,두암2동 무등파크2차아파트,,16832
500-767,광주,북구,두암2동 현대아파트,(101∼109동),16833
500-806,광주,북구,두암2동,1∼52,16834
500-807,광주,북구,두암2동,53∼58,16835
500-808,광주,북구,두암2동,59∼62,16836
500-807,광주,북구,두암2동,63∼199,16837
500-882,광주,북구,두암2동,411∼450,16838
500-808,광주,북구,두암2동,451∼559,16839
500-812,광주,북구,두암2동,560∼590,16840
500-806,광주,북구,두암2동,591∼599,16841
500-808,광주,북구,두암2동,600∼650,16842
500-806,광주,북구,두암2동,821∼840,16843
500-884,광주,북구,두암2동,841∼847,16844
500-884,광주,북구,두암2동,849∼851,16845
500-102,광주,북구,두암2동,,16846
500-768,광주,북구,두암3동 부영아파트,,16847
500-761,광주,북구,두암3동 율곡타운아파트,(101∼112동),16848
500-796,광주,북구,두암3동 주공아파트,(201∼209동),16849
500-797,광주,북구,두암3동 주공아파트,(301∼308동),16850
500-798,광주,북구,두암3동 주공아파트,(401∼407동),16851
500-810,광주,북구,두암3동,200∼312,16852
500-810,광주,북구,두암3동,331∼360,16853
500-883,광주,북구,두암3동,361∼410,16854
500-883,광주,북구,두암3동,852,16855
500-883,광주,북구,두암3동,867∼868,16856
500-810,광주,북구,두암3동,904∼905,16857
500-810,광주,북구,두암3동,908,16858
500-883,광주,북구,두암3동,912∼946,16859
500-810,광주,북구,두암3동,947∼960,16860
500-814,광주,북구,두암3동,961∼990,16861
500-103,광주,북구,두암3동,,16862
500-100,광주,북구,두암동,,16863
500-500,광주,북구,망월동,,16864
500-891,광주,북구,매곡동 대주피오레아파트,(101∼106동),16865
500-751,광주,북구,매곡동 서광인텔파크아파트,,16866
500-815,광주,북구,매곡동,1∼42,16867
500-816,광주,북구,매곡동,43∼118,16868
500-815,광주,북구,매곡동,119∼245,16869
500-816,광주,북구,매곡동,246∼433,16870
500-150,광주,북구,매곡동,,16871
500-704,광주,북구,문흥1동 광주교도소,,16872
500-786,광주,북구,문흥1동 금호아파트,,16873
500-785,광주,북구,문흥1동 라인1차아파트,,16874
500-769,광주,북구,문흥1동 중흥아파트,(101∼103동),16875
500-739,광주,북구,문흥1동 현대아파트,(101∼106동),16876
500-817,광주,북구,문흥1동,1∼299,16877
500-818,광주,북구,문흥1동,300∼699,16878
500-821,광주,북구,문흥1동,800∼918,16879
500-818,광주,북구,문흥1동,947∼972,16880
500-821,광주,북구,문흥1동,973∼994,16881
500-822,광주,북구,문흥1동,995∼999,16882
500-821,광주,북구,문흥1동,1015,16883
500-111,광주,북구,문흥1동,,16884
500-788,광주,북구,문흥2동 상록아파트,,16885
500-781,광주,북구,문흥2동 우산주공1차아파트,(201∼213동),16886
500-782,광주,북구,문흥2동 우산주공2차아파트,(101∼108동),16887
500-748,광주,북구,문흥2동 우성아파트,(101∼107동),16888
500-787,광주,북구,문흥2동 중흥아파트,(201∼205동),16889
500-760,광주,북구,문흥2동 중흥아파트,(301∼303동),16890
500-819,광주,북구,문흥2동,700∼749,16891
500-820,광주,북구,문흥2동,750∼799,16892
500-885,광주,북구,문흥2동,919∼937,16893
500-819,광주,북구,문흥2동,938∼946,16894
500-823,광주,북구,문흥2동,1000∼1010,16895
500-824,광주,북구,문흥2동,1011∼1014,16896
500-112,광주,북구,문흥2동,,16897
500-753,광주,북구,문흥동 대주1차아파트,,16898
500-753,광주,북구,문흥동 대주2차아파트,,16899
500-110,광주,북구,문흥동,,16900
500-710,광주,북구,본촌동 광신대학교,,16901
500-909,광주,북구,본촌동 부영사랑으로아파트,(101∼108동),16902
500-910,광주,북구,본촌동 현진에버빌아파트,(101∼109동),16903
500-210,광주,북구,본촌동,,16904
500-735,광주,북구,북동 광주고용센터,,16905
500-736,광주,북구,북동 신한은행빌딩,,16906
500-050,광주,북구,북동,,16907
500-790,광주,북구,삼각동 삼각그린아파트,,16908
500-825,광주,북구,삼각동,1∼755,16909
500-826,광주,북구,삼각동,756∼830,16910
500-140,광주,북구,삼각동,,16911
500-240,광주,북구,생용동,,16912
500-270,광주,북구,수곡동,,16913
500-717,광주,북구,신안동 KT북광주지사,,16914
500-721,광주,북구,신안동 현대백화점광주점,,16915
500-827,광주,북구,신안동,1∼122,16916
500-828,광주,북구,신안동,123∼132,16917
500-827,광주,북구,신안동,133∼141,16918
500-829,광주,북구,신안동,142∼200,16919
500-830,광주,북구,신안동,201∼472,16920
500-831,광주,북구,신안동,473∼484,16921
500-828,광주,북구,신안동,485∼502,16922
500-829,광주,북구,신안동,503∼810,16923
500-060,광주,북구,신안동,,16924
500-791,광주,북구,신용동 용두주공아파트,(101∼122동),16925
500-773,광주,북구,신용동 주공아파트,(101∼106동),16926
500-708,광주,북구,신용동 첨단자이1단지아파트,(101∼110동),16927
500-709,광주,북구,신용동 첨단휴먼시아아파트,(101∼207동),16928
500-832,광주,북구,신용동,1∼640,16929
500-833,광주,북구,신용동,641∼650,16930
500-832,광주,북구,신용동,651∼1000,16931
500-250,광주,북구,신용동,,16932
500-902,광주,북구,양산동 GS그린자이아파트,(101∼206동),16933
500-903,광주,북구,양산동 일신아파트,(101∼203동),16934
500-770,광주,북구,양산동 주공아파트,(101∼105동),16935
500-728,광주,북구,양산동 케이티엔지광주제조창,,16936
500-904,광주,북구,양산동 호반리젠시빌,(201∼205동),16937
500-887,광주,북구,양산동,1∼300,16938
500-888,광주,북구,양산동,301∼700,16939
500-895,광주,북구,양산동,701∼899,16940
500-896,광주,북구,양산동,900∼1100,16941
500-200,광주,북구,양산동,,16942
500-780,광주,북구,연제동 연제1차대주피오레아파트,(101∼107동),16943
500-780,광주,북구,연제동 연제2차대주피오레아파트,(201∼205동),16944
500-893,광주,북구,연제동 주공아파트,(101∼107동),16945
500-755,광주,북구,연제동 현대아파트,,16946
500-834,광주,북구,연제동,1∼35,16947
500-835,광주,북구,연제동,36∼500,16948
500-190,광주,북구,연제동,,16949
500-712,광주,북구,오룡동 광주과학기술원,,16950
500-901,광주,북구,오룡동 정부광주지방합동청사,,16951
500-480,광주,북구,오룡동,,16952
500-799,광주,북구,오치1동 사서함,85,16953
500-711,광주,북구,오치1동 한국전력공사전남지사,,16954
500-836,광주,북구,오치1동,1∼126,16955
500-837,광주,북구,오치1동,127∼460,16956
500-838,광주,북구,오치1동,461∼570,16957
500-838,광주,북구,오치1동,923∼925,16958
500-837,광주,북구,오치1동,926∼944,16959
500-837,광주,북구,오치1동,952∼964,16960
500-838,광주,북구,오치1동,965∼970,16961
500-838,광주,북구,오치1동,976∼996,16962
500-836,광주,북구,오치1동,1010∼1051,16963
500-131,광주,북구,오치1동,,16964
500-720,광주,북구,오치2동 광주북부경찰서,,16965
500-752,광주,북구,오치2동 삼익아파트,(101∼202동),16966
500-752,광주,북구,오치2동 우성아파트,(101∼105동),16967
500-776,광주,북구,오치2동 주공아파트,,16968
500-839,광주,북구,오치2동,571∼918,16969
500-840,광주,북구,오치2동,919∼922,16970
500-840,광주,북구,오치2동,945∼951,16971
500-840,광주,북구,오치2동,971∼975,16972
500-840,광주,북구,오치2동,997∼1002,16973
500-841,광주,북구,오치2동,1003∼1009,16974
500-132,광주,북구,오치2동,,16975
500-130,광주,북구,오치동,,16976
500-300,광주,북구,용강동,,16977
500-754,광주,북구,용두동 용두주공2차아파트,(201∼207동),16978
500-220,광주,북구,용두동,,16979
500-738,광주,북구,용봉동 대주파크빌아파트,(101∼304동),16980
500-789,광주,북구,용봉동 도로교통공단광주전남지부,,16981
500-725,광주,북구,용봉동 드림월드빌딩,,16982
500-713,광주,북구,용봉동 모아미래도아파트,(101∼106동),16983
500-701,광주,북구,용봉동 북구청,,16984
500-715,광주,북구,용봉동 쌍용예가아파트,(101∼109동),16985
500-890,광주,북구,용봉동 용봉아이파크아파트,(101∼105동),16986
500-757,광주,북구,용봉동 전남대학교,,16987
500-750,광주,북구,용봉동 주공아파트,(101∼108동),16988
500-847,광주,북구,용봉동 한화꿈에그린아파트,(101∼107동),16989
500-734,광주,북구,용봉동 현대아파트,,16990
500-842,광주,북구,용봉동,1∼8,16991
500-843,광주,북구,용봉동,9∼16,16992
500-842,광주,북구,용봉동,17∼125,16993
500-843,광주,북구,용봉동,126∼451,16994
500-842,광주,북구,용봉동,452∼552,16995
500-844,광주,북구,용봉동,553∼699,16996
500-845,광주,북구,용봉동,700∼849,16997
500-846,광주,북구,용봉동,850,16998
500-845,광주,북구,용봉동,851∼1148,16999
500-842,광주,북구,용봉동,1149∼1223,17000
500-844,광주,북구,용봉동,1224∼1235,17001
500-844,광주,북구,용봉동,1237∼1270,17002
500-845,광주,북구,용봉동,1271∼1354,17003
500-846,광주,북구,용봉동,1355∼1427,17004
500-070,광주,북구,용봉동,,17005
500-230,광주,북구,용전동,,17006
500-737,광주,북구,우산동 대영빌딩,,17007
500-783,광주,북구,우산동 주공3차아파트,(301∼306동),17008
500-718,광주,북구,우산동 현대아파트,(101∼108동),17009
500-848,광주,북구,우산동,1∼130,17010
500-849,광주,북구,우산동,131∼202,17011
500-848,광주,북구,우산동,203∼230,17012
500-850,광주,북구,우산동,231∼560,17013
500-851,광주,북구,우산동,561∼633,17014
500-080,광주,북구,우산동,,17015
500-922,광주,북구,운암1동 벽산블루밍메가씨티1단지아파트,(101∼109동),17016
500-922,광주,북구,운암1동 벽산블루밍메가씨티2단지아파트,(201∼206동),17017
500-923,광주,북구,운암1동 벽산블루밍메가씨티3단지아파트,(301∼309동),17018
500-742,광주,북구,운암1동 서영대학교,,17019
500-774,광주,북구,운암1동 운암롯데캐슬아파트,(101∼112동),17020
500-775,광주,북구,운암1동 운암롯데캐슬아파트,(201∼305동),17021
500-906,광주,북구,운암1동 운암산아이파크아파트,(101∼110동),17022
500-784,광주,북구,운암1동 현대아파트,(101∼103동),17023
500-853,광주,북구,운암1동,67∼89,17024
500-857,광주,북구,운암1동,328∼390,17025
500-886,광주,북구,운암1동,701∼884,17026
500-857,광주,북구,운암1동,885∼964,17027
500-857,광주,북구,운암1동,965∼1019,17028
500-853,광주,북구,운암1동,1190∼1322,17029
500-853,광주,북구,운암1동,1655∼1760,17030
500-171,광주,북구,운암1동,,17031
500-744,광주,북구,운암2동 대주아파트,(101∼105동),17032
500-723,광주,북구,운암2동 동화빌딩,,17033
500-705,광주,북구,운암2동 북광주세무서,,17034
500-744,광주,북구,운암2동 한국아파트,(101∼107동),17035
500-852,광주,북구,운암2동,1∼61,17036
500-854,광주,북구,운암2동,90∼99,17037
500-852,광주,북구,운암2동,100∼139,17038
500-855,광주,북구,운암2동,140∼154,17039
500-854,광주,북구,운암2동,391∼400,17040
500-858,광주,북구,운암2동,401∼430,17041
500-855,광주,북구,운암2동,431∼434,17042
500-859,광주,북구,운암2동,435∼441,17043
500-854,광주,북구,운암2동,442∼451,17044
500-855,광주,북구,운암2동,452∼488,17045
500-852,광주,북구,운암2동,489∼700,17046
500-859,광주,북구,운암2동,1323∼1383,17047
500-858,광주,북구,운암2동,1384∼1529,17048
500-859,광주,북구,운암2동,1530∼1654,17049
500-172,광주,북구,운암2동,,17050
500-745,광주,북구,운암3동 나산건강아파트,(101∼107동),17051
500-743,광주,북구,운암3동 미라보아파트,(301∼308동),17052
500-745,광주,북구,운암3동 일신아파트,(101∼105동),17053
500-772,광주,북구,운암3동 주공아파트,(301∼363동),17054
500-856,광주,북구,운암3동,62∼66,17055
500-856,광주,북구,운암3동,155∼327,17056
500-860,광주,북구,운암3동,1020∼1120,17057
500-861,광주,북구,운암3동,1121∼1189,17058
500-173,광주,북구,운암3동,,17059
500-170,광주,북구,운암동,,17060
500-520,광주,북구,운정동,,17061
500-779,광주,북구,월출동 한국광기술원,,17062
500-460,광주,북구,월출동,,17063
500-702,광주,북구,유동 광주YWCA건물,,17064
500-730,광주,북구,유동 국민건강보험공단광주북부지사,,17065
500-740,광주,북구,유동 천주의성요한병원,,17066
500-862,광주,북구,유동,1∼13,17067
500-863,광주,북구,유동,14∼16,17068
500-862,광주,북구,유동,17∼28,17069
500-864,광주,북구,유동,29∼36,17070
500-863,광주,북구,유동,37∼57,17071
500-864,광주,북구,유동,58∼86,17072
500-862,광주,북구,유동,87∼200,17073
500-020,광주,북구,유동,,17074
500-749,광주,북구,일곡동 대림1차아파트,,17075
500-795,광주,북구,일곡동 동아아파트,,17076
500-793,광주,북구,일곡동 롯데아파트,,17077
500-795,광주,북구,일곡동 벽산아파트,,17078
500-795,광주,북구,일곡동 삼호아파트,,17079
500-793,광주,북구,일곡동 쌍용아파트,,17080
500-794,광주,북구,일곡동 청솔4차아파트,(401∼405동),17081
500-794,광주,북구,일곡동 현대1차아파트,(101∼107동),17082
500-749,광주,북구,일곡동 현대2차아파트,,17083
500-865,광주,북구,일곡동,1∼99,17084
500-866,광주,북구,일곡동,100∼809,17085
500-865,광주,북구,일곡동,810∼820,17086
500-867,광주,북구,일곡동,821∼849,17087
500-866,광주,북구,일곡동,850∼930,17088
500-160,광주,북구,일곡동,,17089
500-741,광주,북구,임동 광컴직업전문학교,,17090
500-010,광주,북구,임동 북광주우체국,,17091
500-905,광주,북구,임동 임동주공아파트,(101∼107동),17092
500-868,광주,북구,임동,1∼85,17093
500-869,광주,북구,임동,86∼120,17094
500-870,광주,북구,임동,121∼617,17095
500-010,광주,북구,임동,,17096
500-510,광주,북구,장등동,,17097
500-758,광주,북구,중흥1동 사랑방신문빌딩,,17098
500-726,광주,북구,중흥1동 삼산빌딩,,17099
500-724,광주,북구,중흥1동 한국시멘트빌딩,,17100
500-876,광주,북구,중흥1동,600∼646,17101
500-877,광주,북구,중흥1동,647∼662,17102
500-878,광주,북구,중흥1동,663∼678,17103
500-877,광주,북구,중흥1동,679∼692,17104
500-876,광주,북구,중흥1동,693∼700,17105
500-878,광주,북구,중흥1동,701∼770,17106
500-876,광주,북구,중흥1동,806,17107
500-041,광주,북구,중흥1동,,17108
500-777,광주,북구,중흥2동 모아아파트,,17109
500-872,광주,북구,중흥2동,211∼224,17110
500-874,광주,북구,중흥2동,301∼359,17111
500-872,광주,북구,중흥2동,361∼377,17112
500-872,광주,북구,중흥2동,803∼805,17113
500-042,광주,북구,중흥2동,,17114
500-871,광주,북구,중흥3동,1∼210,17115
500-871,광주,북구,중흥3동,225∼258,17116
500-873,광주,북구,중흥3동,259∼300,17117
500-873,광주,북구,중흥3동,360,17118
500-875,광주,북구,중흥3동,378∼599,17119
500-875,광주,북구,중흥3동,771∼802,17120
500-043,광주,북구,중흥3동,,17121
500-040,광주,북구,중흥동,,17122
500-260,광주,북구,지야동,,17123
500-530,광주,북구,청풍동,,17124
500-410,광주,북구,충효동,,17125
500-290,광주,북구,태령동,,17126
500-703,광주,북구,풍향동 광주교육대학교,,17127
500-879,광주,북구,풍향동,1∼297,17128
500-880,광주,북구,풍향동,298∼342,17129
500-879,광주,북구,풍향동,343∼492,17130
500-881,광주,북구,풍향동,493∼504,17131
500-880,광주,북구,풍향동,505∼558,17132
500-881,광주,북구,풍향동,559∼569,17133
500-879,광주,북구,풍향동,570∼580,17134
500-880,광주,북구,풍향동,581∼598,17135
500-881,광주,북구,풍향동,599∼605,17136
500-899,광주,북구,풍향동,607∼802,17137
500-090,광주,북구,풍향동,,17138
500-540,광주,북구,화암동,,17139
500-280,광주,북구,효령동,,17140
500-600,광주,북구,북광주우체국사서함,,17141
502-785,광주,서구,광천동 e편한세상아파트,(101∼125동),17142
502-712,광주,서구,광천동 신세계백화점,,17143
502-764,광주,서구,광천동 유스퀘어(광천터미널),,17144
502-800,광주,서구,광천동,1∼98,17145
502-801,광주,서구,광천동,99∼577,17146
502-802,광주,서구,광천동,578∼788,17147
502-210,광주,서구,광천동,,17148
502-747,광주,서구,금호동 금호베스트빌아파트,,17149
502-721,광주,서구,금호동 기독교방송,,17150
502-797,광주,서구,금호동 남양아파트,,17151
502-767,광주,서구,금호동 대주파크빌아파트,,17152
502-768,광주,서구,금호동 도개공1차아파트,(101∼206동),17153
502-768,광주,서구,금호동 도개공2차아파트,(101∼206동),17154
502-784,광주,서구,금호동 라인아파트,(101∼106동),17155
502-768,광주,서구,금호동 모아아파트,,17156
502-747,광주,서구,금호동 부영아파트,(101∼106동),17157
502-731,광주,서구,금호동 송촌아파트,,17158
502-744,광주,서구,금호동 시영1차아파트,,17159
502-769,광주,서구,금호동 시영3단지아파트,(301∼308동),17160
502-743,광주,서구,금호동 시영5차아파트,,17161
502-765,광주,서구,금호동 종원팰리스빌,,17162
502-762,광주,서구,금호동 주은아파트,(101∼103동),17163
502-766,광주,서구,금호동 중흥아파트,,17164
502-883,광주,서구,금호동 진흥더루벤스,(201∼207동),17165
502-818,광주,서구,금호동 진흥더블파크아파트,(101∼104동),17166
502-787,광주,서구,금호동 코아루아파트,(101∼105동),17167
502-768,광주,서구,금호동 한국2차아파트,(201∼203동),17168
502-767,광주,서구,금호동 호반리젠시빌2차아파트,,17169
502-731,광주,서구,금호동 호반리젠시빌3차아파트,,17170
502-797,광주,서구,금호동 호반리젠시빌5차아파트,(501∼508동),17171
502-803,광주,서구,금호동,1∼682,17172
502-804,광주,서구,금호동,683∼739,17173
502-805,광주,서구,금호동,740∼742,17174
502-806,광주,서구,금호동,743∼771,17175
502-858,광주,서구,금호동,772∼784,17176
502-806,광주,서구,금호동,785∼788,17177
502-858,광주,서구,금호동,789∼920,17178
502-154,광주,서구,금호동,,17179
502-711,광주,서구,내방동 기아자동차,,17180
502-792,광주,서구,내방동 내방마을주공아파트,,17181
502-807,광주,서구,내방동,1∼299,17182
502-808,광주,서구,내방동,300∼600,17183
502-807,광주,서구,내방동,601∼784,17184
502-808,광주,서구,내방동,785∼900,17185
502-250,광주,서구,내방동,,17186
502-740,광주,서구,농성1동 광주상록회관,,17187
502-736,광주,서구,농성1동 삼익아파트,(1∼5동),17188
502-701,광주,서구,농성1동 서구청,,17189
502-723,광주,서구,농성1동 중소기업청,,17190
502-714,광주,서구,농성1동 한국교직원공제회관,,17191
502-722,광주,서구,농성1동 한국전력,,17192
502-724,광주,서구,농성1동 현대빌딩,,17193
502-809,광주,서구,농성1동,1∼90,17194
502-810,광주,서구,농성1동,91∼319,17195
502-809,광주,서구,농성1동,320∼374,17196
502-811,광주,서구,농성1동,375∼623,17197
502-201,광주,서구,농성1동,,17198
502-726,광주,서구,농성2동 상공회의소빌딩,,17199
502-725,광주,서구,농성2동 새마을금고연합회빌딩,,17200
502-812,광주,서구,농성2동,624∼640,17201
502-847,광주,서구,농성2동,641∼647,17202
502-812,광주,서구,농성2동,648∼653,17203
502-813,광주,서구,농성2동,654∼674,17204
502-202,광주,서구,농성2동,,17205
502-200,광주,서구,농성동,,17206
502-290,광주,서구,덕흥동,,17207
502-819,광주,서구,동천동 동천마을2단지휴먼시아아파트,(201∼211동),17208
502-707,광주,서구,동천동 동천마을3단지휴먼시아아파트,(301∼310동),17209
502-708,광주,서구,동천동 동천마을주공1단지아파트,(101∼116동),17210
502-853,광주,서구,동천동 동천마을주공6단지아파트,(601∼612동),17211
502-798,광주,서구,동천동 우미린아파트,(501∼512동),17212
502-705,광주,서구,동천동 호반베르디움아파트,(501∼512동),17213
502-881,광주,서구,동천동,1∼584,17214
502-882,광주,서구,동천동,585∼756,17215
502-010,광주,서구,동천동,,17216
502-750,광주,서구,마륵동 광주광역시도시철도공사,,17217
502-157,광주,서구,마륵동,,17218
502-795,광주,서구,매월동 광주산업용재유통센터,,17219
502-153,광주,서구,매월동,,17220
502-152,광주,서구,벽진동,,17221
502-753,광주,서구,상무1동 광명하이츠아파트,,17222
502-775,광주,서구,상무1동 모아제일아파트,,17223
502-706,광주,서구,상무1동 서광주세무서,,17224
502-775,광주,서구,상무1동 우미아트빌아파트,(201∼206동),17225
502-749,광주,서구,상무1동 중흥S클래스아파트,(101∼108동),17226
502-774,광주,서구,상무1동 현대아파트,,17227
502-791,광주,서구,상무1동 호남대학교,,17228
502-775,광주,서구,상무1동 호반리젠시빌아파트,,17229
502-814,광주,서구,상무1동,1∼95,17230
502-815,광주,서구,상무1동,96,17231
502-816,광주,서구,상무1동,97∼104,17232
502-815,광주,서구,상무1동,105∼169,17233
502-817,광주,서구,상무1동,170∼180,17234
502-815,광주,서구,상무1동,181∼299,17235
502-817,광주,서구,상무1동,300∼399,17236
502-820,광주,서구,상무1동,601∼689,17237
502-814,광주,서구,상무1동,690∼799,17238
502-814,광주,서구,상무1동,914∼944,17239
502-817,광주,서구,상무1동,945∼965,17240
502-820,광주,서구,상무1동,966∼974,17241
502-859,광주,서구,상무1동,1259∼1334,17242
502-860,광주,서구,상무1동,1335∼1400,17243
502-261,광주,서구,상무1동,,17244
502-752,광주,서구,상무2동 광명아파트,,17245
502-752,광주,서구,상무2동 대주아파트,,17246
502-752,광주,서구,상무2동 쌍촌시영아파트,,17247
502-751,광주,서구,상무2동 쌍촌주공아파트,,17248
502-728,광주,서구,상무2동 영산강농조빌딩,,17249
502-751,광주,서구,상무2동 일신아파트,,17250
502-752,광주,서구,상무2동 중흥아파트,,17251
502-855,광주,서구,상무2동,400∼452,17252
502-856,광주,서구,상무2동,453∼600,17253
502-856,광주,서구,상무2동,800∼900,17254
502-854,광주,서구,상무2동,901∼913,17255
502-856,광주,서구,상무2동,975∼983,17256
502-857,광주,서구,상무2동,984∼996,17257
502-855,광주,서구,상무2동,997∼1002,17258
502-856,광주,서구,상무2동,1003∼1005,17259
502-852,광주,서구,상무2동,1006∼1189,17260
502-857,광주,서구,상무2동,1190∼1197,17261
502-855,광주,서구,상무2동,1198∼1209,17262
502-854,광주,서구,상무2동,1210∼1221,17263
502-855,광주,서구,상무2동,1222∼1227,17264
502-821,광주,서구,상무2동,1228∼1234,17265
502-854,광주,서구,상무2동,1235∼1258,17266
502-262,광주,서구,상무2동,,17267
502-260,광주,서구,상무동,,17268
502-151,광주,서구,서창동,,17269
502-150,광주,서구,세하동,,17270
502-752,광주,서구,쌍촌동 광명아파트,,17271
502-753,광주,서구,쌍촌동 광명하이츠아파트,,17272
502-752,광주,서구,쌍촌동 대주아파트,,17273
502-775,광주,서구,쌍촌동 모아제일아파트,,17274
502-706,광주,서구,쌍촌동 서광주세무서,,17275
502-752,광주,서구,쌍촌동 쌍촌시영아파트,,17276
502-751,광주,서구,쌍촌동 쌍촌주공아파트,,17277
502-728,광주,서구,쌍촌동 영산강농조빌딩,,17278
502-775,광주,서구,쌍촌동 우미아트빌아파트,(201∼206동),17279
502-751,광주,서구,쌍촌동 일신아파트,,17280
502-749,광주,서구,쌍촌동 중흥S클래스,(101∼108동),17281
502-752,광주,서구,쌍촌동 중흥아파트,,17282
502-774,광주,서구,쌍촌동 현대아파트,,17283
502-791,광주,서구,쌍촌동 호남대학교,,17284
502-775,광주,서구,쌍촌동 호반리젠시빌아파트,,17285
502-814,광주,서구,쌍촌동,1∼95,17286
502-815,광주,서구,쌍촌동,96,17287
502-816,광주,서구,쌍촌동,97∼104,17288
502-815,광주,서구,쌍촌동,105∼169,17289
502-817,광주,서구,쌍촌동,170∼180,17290
502-815,광주,서구,쌍촌동,181∼299,17291
502-817,광주,서구,쌍촌동,300∼399,17292
502-855,광주,서구,쌍촌동,400∼452,17293
502-856,광주,서구,쌍촌동,453∼600,17294
502-820,광주,서구,쌍촌동,601∼689,17295
502-814,광주,서구,쌍촌동,690∼799,17296
502-856,광주,서구,쌍촌동,800∼900,17297
502-854,광주,서구,쌍촌동,901∼913,17298
502-814,광주,서구,쌍촌동,914∼944,17299
502-817,광주,서구,쌍촌동,945∼965,17300
502-820,광주,서구,쌍촌동,966∼974,17301
502-856,광주,서구,쌍촌동,975∼983,17302
502-857,광주,서구,쌍촌동,984∼996,17303
502-855,광주,서구,쌍촌동,997∼1002,17304
502-856,광주,서구,쌍촌동,1003∼1005,17305
502-852,광주,서구,쌍촌동,1006∼1189,17306
502-857,광주,서구,쌍촌동,1190∼1197,17307
502-855,광주,서구,쌍촌동,1198∼1209,17308
502-854,광주,서구,쌍촌동,1210∼1221,17309
502-855,광주,서구,쌍촌동,1222∼1227,17310
502-821,광주,서구,쌍촌동,1228∼1234,17311
502-854,광주,서구,쌍촌동,1235∼1258,17312
502-859,광주,서구,쌍촌동,1259∼1334,17313
502-860,광주,서구,쌍촌동,1335∼1400,17314
502-260,광주,서구,쌍촌동,,17315
502-826,광주,서구,양3동,387∼440,17316
502-848,광주,서구,양3동,441,17317
502-826,광주,서구,양3동,442∼458,17318
502-223,광주,서구,양3동,,17319
502-730,광주,서구,양동 건설조합빌딩,,17320
502-713,광주,서구,양동 금호생명보험빌딩,,17321
502-729,광주,서구,양동 양동복개상가,,17322
502-822,광주,서구,양동,1∼38,17323
502-823,광주,서구,양동,39∼59,17324
502-824,광주,서구,양동,60∼62,17325
502-823,광주,서구,양동,63∼241,17326
502-822,광주,서구,양동,242∼294,17327
502-825,광주,서구,양동,295∼386,17328
502-220,광주,서구,양동,,17329
502-155,광주,서구,용두동,,17330
502-756,광주,서구,유촌동 버들주공1단지아파트,(101∼112동),17331
502-756,광주,서구,유촌동 버들주공2단지아파트,(201∼212동),17332
502-788,광주,서구,유촌동 영산강유역환경청,,17333
502-700,광주,서구,유촌동 전남지방우정청,,17334
502-719,광주,서구,유촌동 호남지방통계청,,17335
502-756,광주,서구,유촌동 호반리젠시빌아파트,,17336
502-861,광주,서구,유촌동,1∼820,17337
502-862,광주,서구,유촌동,821∼865,17338
502-863,광주,서구,유촌동,866∼1000,17339
502-280,광주,서구,유촌동,,17340
502-790,광주,서구,치평동 KBS광주방송총국,,17341
502-782,광주,서구,치평동 LH광주전남지역본부,,17342
502-786,광주,서구,치평동 골든빌오피스텔,,17343
502-718,광주,서구,치평동 광주광역시서부교육지원청,,17344
502-702,광주,서구,치평동 광주광역시청,,17345
502-703,광주,서구,치평동 광주서부경찰서,,17346
502-715,광주,서구,치평동 광주전남선거관리위원회,,17347
502-720,광주,서구,치평동 광주지방법원등기국,,17348
502-876,광주,서구,치평동 국민건강보험공단,,17349
502-754,광주,서구,치평동 금호3차아파트,(301∼305동),17350
502-758,광주,서구,치평동 금호4차아파트,(401∼406동),17351
502-771,광주,서구,치평동 금호대우아파트,,17352
502-759,광주,서구,치평동 대주1차아파트,(101∼103동),17353
502-717,광주,서구,치평동 대한지적공사광주전라남도본부,,17354
502-739,광주,서구,치평동 디오빌아파트,,17355
502-755,광주,서구,치평동 라인대주아파트,,17356
502-755,광주,서구,치평동 라인동산아파트,,17357
502-735,광주,서구,치평동 랜드피아,,17358
502-779,광주,서구,치평동 로잔티움파크,,17359
502-748,광주,서구,치평동 무등일보,,17360
502-727,광주,서구,치평동 세정아울렛,,17361
502-754,광주,서구,치평동 쌍용금호아파트,,17362
502-758,광주,서구,치평동 우미아파트,,17363
502-793,광주,서구,치평동 우체국보험광주회관,,17364
502-772,광주,서구,치평동 중흥아파트,,17365
502-716,광주,서구,치평동 한국가스안전공사광주전남지역본부,,17366
502-771,광주,서구,치평동 한국아파트,,17367
502-709,광주,서구,치평동 한국은행광주전남본부,,17368
502-759,광주,서구,치평동 해광한신아파트,,17369
502-757,광주,서구,치평동 현대아파트,,17370
502-780,광주,서구,치평동 현대해상빌딩,,17371
502-757,광주,서구,치평동 호반아파트,,17372
502-827,광주,서구,치평동,1∼1158,17373
502-828,광주,서구,치평동,1159∼1160,17374
502-829,광주,서구,치평동,1161∼1167,17375
502-830,광주,서구,치평동,1168∼1171,17376
502-828,광주,서구,치평동,1172∼1174,17377
502-827,광주,서구,치평동,1175∼1301,17378
502-828,광주,서구,치평동,1302∼1400,17379
502-270,광주,서구,치평동,,17380
502-776,광주,서구,풍암동 금호1차아파트,,17381
502-773,광주,서구,풍암동 금호2차아파트,,17382
502-738,광주,서구,풍암동 대주2차아파트,,17383
502-778,광주,서구,풍암동 대주3차아파트,,17384
502-796,광주,서구,풍암동 동부센트레빌아파트,,17385
502-738,광주,서구,풍암동 모아아파트,,17386
502-770,광주,서구,풍암동 부영아파트,,17387
502-737,광주,서구,풍암동 삼능남양아파트,,17388
502-737,광주,서구,풍암동 새한아파트,,17389
502-781,광주,서구,풍암동 에스케이뷰아파트,(101∼106동),17390
502-776,광주,서구,풍암동 우미아파트,,17391
502-773,광주,서구,풍암동 주은모아아파트,,17392
502-777,광주,서구,풍암동 중흥아파트2차,(201∼205동),17393
502-778,광주,서구,풍암동 중흥아파트3차,(301∼303동),17394
502-778,광주,서구,풍암동 한국아파트,,17395
502-777,광주,서구,풍암동 한신아파트,,17396
502-770,광주,서구,풍암동 현대삼환아파트,,17397
502-737,광주,서구,풍암동 현대아파트,,17398
502-777,광주,서구,풍암동 호반아파트,,17399
502-831,광주,서구,풍암동,1∼800,17400
502-832,광주,서구,풍암동,801∼1058,17401
502-833,광주,서구,풍암동,1059∼1132,17402
502-832,광주,서구,풍암동,1133∼1199,17403
502-864,광주,서구,풍암동,1200∼1500,17404
502-156,광주,서구,풍암동,,17405
502-733,광주,서구,화정1동 금호월드,,17406
502-732,광주,서구,화정1동 추선회관빌딩,,17407
502-865,광주,서구,화정1동 화정삼익아파트,(1∼5동),17408
502-866,광주,서구,화정1동 화정현대아파트,(100∼106동),17409
502-834,광주,서구,화정1동,1∼80,17410
502-849,광주,서구,화정1동,81∼105,17411
502-836,광주,서구,화정1동,106∼126,17412
502-834,광주,서구,화정1동,127∼306,17413
502-835,광주,서구,화정1동,739∼744,17414
502-850,광주,서구,화정1동,775∼780,17415
502-835,광주,서구,화정1동,781∼798,17416
502-241,광주,서구,화정1동,,17417
502-704,광주,서구,화정2동 광주광역시교육청,,17418
502-761,광주,서구,화정2동 주공아파트,,17419
502-840,광주,서구,화정2동,501∼640,17420
502-841,광주,서구,화정2동,641∼738,17421
502-841,광주,서구,화정2동,751∼755,17422
502-841,광주,서구,화정2동,757∼774,17423
502-846,광주,서구,화정2동,933∼1019,17424
502-842,광주,서구,화정2동,1020∼1193,17425
502-846,광주,서구,화정2동,1194∼1605,17426
502-242,광주,서구,화정2동,,17427
502-741,광주,서구,화정3동 e편한세상아파트,(101∼106동),17428
502-870,광주,서구,화정3동 염주현대아파트,(101∼104동),17429
502-734,광주,서구,화정3동 체육시설관리공단,,17430
502-837,광주,서구,화정3동,307∼365,17431
502-838,광주,서구,화정3동,366∼409,17432
502-837,광주,서구,화정3동,745∼750,17433
502-837,광주,서구,화정3동,756,17434
502-838,광주,서구,화정3동,808∼829,17435
502-851,광주,서구,화정3동,830,17436
502-843,광주,서구,화정3동,831∼856,17437
502-843,광주,서구,화정3동,859∼895,17438
502-837,광주,서구,화정3동,896∼899,17439
502-243,광주,서구,화정3동,,17440
502-710,광주,서구,화정4동 광주지방국세청세미래교육센터,,17441
502-799,광주,서구,화정4동 금호1차아파트,,17442
502-799,광주,서구,화정4동 금호2차아파트,,17443
502-745,광주,서구,화정4동 라인동산아파트,,17444
502-746,광주,서구,화정4동 모아타운아파트,(101∼103동),17445
502-794,광주,서구,화정4동 모아타워,(101∼102동),17446
502-244,광주,서구,화정4동 서광주우체국,,17447
502-763,광주,서구,화정4동 염주주공아파트,,17448
502-839,광주,서구,화정4동,410∼500,17449
502-839,광주,서구,화정4동,799∼807,17450
502-844,광주,서구,화정4동,857∼858,17451
502-839,광주,서구,화정4동,900∼926,17452
502-845,광주,서구,화정4동,927∼932,17453
502-244,광주,서구,화정4동,,17454
502-240,광주,서구,화정동,,17455
502-600,광주,서구,서광주우체국사서함,,17456
