680-200,울산,남구,개운동,,18397
680-130,울산,남구,고사동,,18398
680-120,울산,남구,남화동,,18399
680-724,울산,남구,달동 교보생명빌딩,,18400
680-716,울산,남구,달동 남구문화원,,18401
680-706,울산,남구,달동 남구청,,18402
680-030,울산,남구,달동 남울산우체국,,18403
680-753,울산,남구,달동 달동현대1차아파트,(100∼104동),18404
680-754,울산,남구,달동 달동현대2차아파트,(201∼206동),18405
680-727,울산,남구,달동 동양종합금융증권,,18406
680-852,울산,남구,달동 삼성생명빌딩,,18407
680-751,울산,남구,달동 삼성아파트,,18408
680-752,울산,남구,달동 선경아파트,,18409
680-730,울산,남구,달동 어울림아파트,(101∼103동),18410
680-851,울산,남구,달동 에스케이뷰아파트,(101∼106동),18411
680-715,울산,남구,달동 울산문화예술회관,,18412
680-750,울산,남구,달동 주공아파트,(101∼307동),18413
680-790,울산,남구,달동 한국방송공사울산방송총국,,18414
680-707,울산,남구,달동 현대해상빌딩,,18415
680-800,울산,남구,달동,1∼300,18416
680-801,울산,남구,달동,301∼627,18417
680-802,울산,남구,달동,628∼650,18418
680-803,울산,남구,달동,651∼859,18419
680-802,울산,남구,달동,860∼899,18420
680-804,울산,남구,달동,900∼1299,18421
680-805,울산,남구,달동,1300∼1367,18422
680-803,울산,남구,달동,1368∼1500,18423
680-030,울산,남구,달동,,18424
680-170,울산,남구,두왕동,,18425
680-050,울산,남구,매암동,,18426
680-755,울산,남구,무거동 굴화주공아파트,(101∼211동),18427
680-760,울산,남구,무거동 무거현대아파트,,18428
680-761,울산,남구,무거동 삼익아파트,,18429
680-758,울산,남구,무거동 삼호시영아파트,,18430
680-757,울산,남구,무거동 삼호아파트,,18431
680-759,울산,남구,무거동 삼호주공아파트,,18432
680-762,울산,남구,무거동 선경아파트,,18433
680-763,울산,남구,무거동 신복현대아파트,,18434
680-764,울산,남구,무거동 옥현주공아파트,(101∼318동),18435
680-749,울산,남구,무거동 울산대학교,,18436
680-765,울산,남구,무거동 한라아파트,(101∼104동),18437
680-806,울산,남구,무거동,1∼274,18438
680-807,울산,남구,무거동,275∼284,18439
680-806,울산,남구,무거동,285∼328,18440
680-808,울산,남구,무거동,329∼799,18441
680-809,울산,남구,무거동,800∼899,18442
680-808,울산,남구,무거동,900∼1100,18443
680-806,울산,남구,무거동,1101∼1160,18444
680-810,울산,남구,무거동,1161∼1184,18445
680-811,울산,남구,무거동,1185∼1399,18446
680-810,울산,남구,무거동,1400∼1499,18447
680-812,울산,남구,무거동,1500∼1600,18448
680-808,울산,남구,무거동,산1∼85,18449
680-811,울산,남구,무거동,산86∼1339,18450
680-190,울산,남구,무거동,,18451
680-110,울산,남구,부곡동,,18452
680-743,울산,남구,삼산동 대우푸르지오아파트,,18453
680-746,울산,남구,삼산동 롯데백화점,,18454
680-766,울산,남구,삼산동 벽산아파트,,18455
680-767,울산,남구,삼산동 삼산현대아파트,,18456
680-768,울산,남구,삼산동 삼신현대아파트,,18457
680-769,울산,남구,삼산동 세양청구아파트,,18458
680-731,울산,남구,삼산동 세이브존,,18459
680-744,울산,남구,삼산동 아데라움아파트,(101∼108동),18460
680-747,울산,남구,삼산동 우성아파트,,18461
680-713,울산,남구,삼산동 울산남구보건소,,18462
680-702,울산,남구,삼산동 울산세무서,,18463
680-770,울산,남구,삼산동 평창2차아파트,(501∼606동),18464
680-770,울산,남구,삼산동 평창3차아파트,(501∼606동),18465
680-703,울산,남구,삼산동 한화꿈에그린아파트,(101∼105동),18466
680-733,울산,남구,삼산동 한화꿈에그린아파트,(201∼204동),18467
680-771,울산,남구,삼산동 현대문화1차아파트,(101∼201동),18468
680-771,울산,남구,삼산동 현대문화2차아파트,(101∼201동),18469
680-745,울산,남구,삼산동 현대백화점,,18470
680-813,울산,남구,삼산동,1∼1311,18471
680-814,울산,남구,삼산동,1312∼1473,18472
680-815,울산,남구,삼산동,1474∼1481,18473
680-814,울산,남구,삼산동,1482∼1513,18474
680-816,울산,남구,삼산동,1514∼1526,18475
680-817,울산,남구,삼산동,1527∼1544,18476
680-816,울산,남구,삼산동,1545∼1550,18477
680-817,울산,남구,삼산동,1551∼1568,18478
680-816,울산,남구,삼산동,1569∼1589,18479
680-815,울산,남구,삼산동,1590∼1648,18480
680-855,울산,남구,삼산동,1649∼1657,18481
680-020,울산,남구,삼산동,,18482
680-180,울산,남구,상개동,,18483
680-791,울산,남구,선암동 서광아파트,,18484
680-818,울산,남구,선암동,1∼500,18485
680-819,울산,남구,선암동,501∼610,18486
680-820,울산,남구,선암동,611∼690,18487
680-100,울산,남구,선암동,,18488
680-140,울산,남구,성암동,,18489
680-701,울산,남구,신정1동 울산광역시청,,18490
680-738,울산,남구,신정1동 제일병원,,18491
680-825,울산,남구,신정1동,517∼535,18492
680-826,울산,남구,신정1동,547∼549,18493
680-826,울산,남구,신정1동,555∼577,18494
680-826,울산,남구,신정1동,599∼643,18495
680-827,울산,남구,신정1동,644∼646,18496
680-848,울산,남구,신정1동,698∼705,18497
680-826,울산,남구,신정1동,708∼719,18498
680-826,울산,남구,신정1동,1130∼1143,18499
680-826,울산,남구,신정1동,1145∼1152,18500
680-827,울산,남구,신정1동,1153∼1169,18501
680-850,울산,남구,신정1동,1228∼1229,18502
680-850,울산,남구,신정1동,1234∼1261,18503
680-825,울산,남구,신정1동,1285∼1500,18504
680-827,울산,남구,신정1동,1501∼1598,18505
680-849,울산,남구,신정1동,1839∼1850,18506
680-011,울산,남구,신정1동,,18507
680-853,울산,남구,신정2동 롯데캐슬킹덤아파트,(101∼103동),18508
680-792,울산,남구,신정2동 문수로아이파크,(101∼209동),18509
680-772,울산,남구,신정2동 신정현대아파트,,18510
680-773,울산,남구,신정2동 올림푸스골든아파트,,18511
680-737,울산,남구,신정2동 올림피아호텔,,18512
680-709,울산,남구,신정2동 울산남부경찰서,,18513
680-719,울산,남구,신정2동 울산여자고등학교,,18514
680-799,울산,남구,신정2동 월드메르디앙아파트,(101∼106동),18515
680-739,울산,남구,신정2동 중앙병원,,18516
680-740,울산,남구,신정2동 큰빛병원,,18517
680-725,울산,남구,신정2동 한화생명빌딩,,18518
680-828,울산,남구,신정2동,647∼682,18519
680-828,울산,남구,신정2동,685∼697,18520
680-832,울산,남구,신정2동,922∼929,18521
680-832,울산,남구,신정2동,964∼1092,18522
680-832,울산,남구,신정2동,1097∼1129,18523
680-828,울산,남구,신정2동,1170∼1176,18524
680-832,울산,남구,신정2동,1177∼1199,18525
680-828,울산,남구,신정2동,1200∼1220,18526
680-833,울산,남구,신정2동,1221∼1227,18527
680-833,울산,남구,신정2동,1230∼1231,18528
680-833,울산,남구,신정2동,1262∼1265,18529
680-832,울산,남구,신정2동,1266∼1284,18530
680-833,울산,남구,신정2동,1599∼1646,18531
680-832,울산,남구,신정2동,1647∼1819,18532
680-012,울산,남구,신정2동,,18533
680-732,울산,남구,신정3동 강변센트럴하이츠,(101∼110동),18534
680-726,울산,남구,신정3동 미래에셋빌딩,,18535
680-718,울산,남구,신정3동 울산공업고등학교,,18536
680-722,울산,남구,신정3동 울산상공회의소,,18537
680-729,울산,남구,신정3동 울산제일교회,,18538
680-822,울산,남구,신정3동,167∼192,18539
680-823,울산,남구,신정3동,193∼235,18540
680-823,울산,남구,신정3동,239,18541
680-823,울산,남구,신정3동,252,18542
680-823,울산,남구,신정3동,276∼335,18543
680-823,울산,남구,신정3동,363∼403,18544
680-824,울산,남구,신정3동,404∼421,18545
680-823,울산,남구,신정3동,422∼451,18546
680-824,울산,남구,신정3동,452∼516,18547
680-847,울산,남구,신정3동,536∼546,18548
680-857,울산,남구,신정3동,550∼554,18549
680-822,울산,남구,신정3동,578∼598,18550
680-822,울산,남구,신정3동,683,18551
680-013,울산,남구,신정3동,,18552
680-795,울산,남구,신정4동 신성미소지움1단지아파트,(101∼106동),18553
680-795,울산,남구,신정4동 신성미소지움2단지아파트,(201∼210동),18554
680-734,울산,남구,신정4동 프라자빌딩,,18555
680-774,울산,남구,신정4동 한라백조아파트,,18556
680-793,울산,남구,신정4동 현대홈타운아파트,(301∼404동),18557
680-735,울산,남구,신정4동 효천빌딩,,18558
680-829,울산,남구,신정4동,684,18559
680-829,울산,남구,신정4동,706∼707,18560
680-829,울산,남구,신정4동,720∼772,18561
680-830,울산,남구,신정4동,773∼801,18562
680-831,울산,남구,신정4동,802∼873,18563
680-830,울산,남구,신정4동,874∼879,18564
680-831,울산,남구,신정4동,880∼881,18565
680-830,울산,남구,신정4동,882∼921,18566
680-830,울산,남구,신정4동,930∼963,18567
680-831,울산,남구,신정4동,1093∼1097,18568
680-831,울산,남구,신정4동,1144,18569
680-829,울산,남구,신정4동,1232∼1233,18570
680-831,울산,남구,신정4동,1820∼1838,18571
680-014,울산,남구,신정4동,,18572
680-742,울산,남구,신정5동 울산병원,,18573
680-720,울산,남구,신정5동 한국전력공사울산지점,,18574
680-821,울산,남구,신정5동,1∼166,18575
680-846,울산,남구,신정5동,240∼247,18576
680-846,울산,남구,신정5동,250∼251,18577
680-846,울산,남구,신정5동,253∼274,18578
680-846,울산,남구,신정5동,336∼362,18579
680-015,울산,남구,신정5동,,18580
680-010,울산,남구,신정동,,18581
680-723,울산,남구,야음동 KT남울산지사,,18582
680-736,울산,남구,야음동 SK스포츠센터,,18583
680-787,울산,남구,야음동 동부아파트,,18584
680-796,울산,남구,야음동 롯데캐슬1단지아파트,(101∼115동),18585
680-797,울산,남구,야음동 롯데캐슬2단지아파트,(201∼214동),18586
680-776,울산,남구,야음동 삼익세라믹아파트,,18587
680-789,울산,남구,야음동 신선아파트,,18588
680-794,울산,남구,야음동 신정현대홈타운아파트,(101∼209동),18589
680-798,울산,남구,야음동 쌍용스윗닷홈아파트,,18590
680-775,울산,남구,야음동 우방유화아파트,,18591
680-710,울산,남구,야음동 울산세관,,18592
680-700,울산,남구,야음동 일동미라주아파트,(101∼107동),18593
680-777,울산,남구,야음동 주공아파트,(201∼216동),18594
680-834,울산,남구,야음동,1∼297,18595
680-835,울산,남구,야음동,298∼356,18596
680-834,울산,남구,야음동,358∼360,18597
680-835,울산,남구,야음동,361∼369,18598
680-834,울산,남구,야음동,370∼372,18599
680-835,울산,남구,야음동,373∼382,18600
680-836,울산,남구,야음동,383∼384,18601
680-834,울산,남구,야음동,385∼387,18602
680-836,울산,남구,야음동,388∼399,18603
680-834,울산,남구,야음동,400∼401,18604
680-842,울산,남구,야음동,402,18605
680-834,울산,남구,야음동,403∼456,18606
680-837,울산,남구,야음동,457∼599,18607
680-838,울산,남구,야음동,600∼696,18608
680-839,울산,남구,야음동,697∼699,18609
680-840,울산,남구,야음동,700∼744,18610
680-841,울산,남구,야음동,745∼788,18611
680-842,울산,남구,야음동,789,18612
680-841,울산,남구,야음동,790∼792,18613
680-842,울산,남구,야음동,793∼806,18614
680-841,울산,남구,야음동,807,18615
680-842,울산,남구,야음동,808∼814,18616
680-836,울산,남구,야음동,815∼816,18617
680-842,울산,남구,야음동,817∼827,18618
680-836,울산,남구,야음동,828,18619
680-842,울산,남구,야음동,829∼865,18620
680-840,울산,남구,야음동,866∼970,18621
680-838,울산,남구,야음동,산1∼126,18622
680-040,울산,남구,야음동,,18623
680-090,울산,남구,여천동,,18624
680-728,울산,남구,옥동 남울산교회,,18625
680-714,울산,남구,옥동 대공원롯데인벤스가아파트,(101∼202동),18626
680-780,울산,남구,옥동 대륙1차현대아파트,(101∼102동),18627
680-856,울산,남구,옥동 대륙2차현대아파트,(101∼102동),18628
680-778,울산,남구,옥동 도성아파트,,18629
680-779,울산,남구,옥동 동덕현대아파트,,18630
680-854,울산,남구,옥동 롯데인벤스로얄아파트,(101∼103동),18631
680-712,울산,남구,옥동 부산지방노동청울산지청,,18632
680-783,울산,남구,옥동 삼익아파트,(101∼103동),18633
680-784,울산,남구,옥동 상아아파트,,18634
680-785,울산,남구,옥동 상아파크,,18635
680-781,울산,남구,옥동 서강아파트,,18636
680-782,울산,남구,옥동 서광아파트,,18637
680-786,울산,남구,옥동 옥동현대아파트,,18638
680-717,울산,남구,옥동 울산남부도서관,,18639
680-711,울산,남구,옥동 울산보훈지청,,18640
680-705,울산,남구,옥동 울산지방검찰청,,18641
680-704,울산,남구,옥동 울산지방법원,,18642
680-708,울산,남구,옥동 울주군청,,18643
680-721,울산,남구,옥동 한국수자원공사울산권관리단,,18644
680-843,울산,남구,옥동,1∼161,18645
680-844,울산,남구,옥동,162∼177,18646
680-843,울산,남구,옥동,178∼182,18647
680-845,울산,남구,옥동,183∼999,18648
680-843,울산,남구,옥동,1000∼1200,18649
680-844,울산,남구,옥동,1201∼1500,18650
680-080,울산,남구,옥동,,18651
680-150,울산,남구,용연동,,18652
680-070,울산,남구,용잠동,,18653
680-060,울산,남구,장생포동,,18654
680-160,울산,남구,황성동,,18655
680-600,울산,남구,남울산우체국사서함,,18656
682-754,울산,동구,대송동 대송현대아파트,,18657
682-701,울산,동구,대송동 동구청,,18658
682-100,울산,동구,대송동,,18659
682-751,울산,동구,동부동 현대패밀리동부아파트,,18660
682-800,울산,동구,동부동,1∼193,18661
682-801,울산,동구,동부동,194∼257,18662
682-800,울산,동구,동부동,258∼262,18663
682-802,울산,동구,동부동,263∼271,18664
682-800,울산,동구,동부동,272∼672,18665
682-010,울산,동구,동부동,,18666
682-040,울산,동구,미포동,1∼6,18667
682-711,울산,동구,방어동 (주)KCC,,18668
682-764,울산,동구,방어동 꽃바위현대아파트,(101∼104동),18669
682-765,울산,동구,방어동 문현아이파크아파트,(101∼104동),18670
682-763,울산,동구,방어동 풍성비치아파트,(1동),18671
682-712,울산,동구,방어동 현대미포조선,,18672
682-760,울산,동구,방어동 현대비치아파트,,18673
682-803,울산,동구,방어동,1∼199,18674
682-804,울산,동구,방어동,200∼399,18675
682-803,울산,동구,방어동,400∼469,18676
682-805,울산,동구,방어동,470∼504,18677
682-829,울산,동구,방어동,505∼589,18678
682-830,울산,동구,방어동,590∼899,18679
682-805,울산,동구,방어동,900∼926,18680
682-804,울산,동구,방어동,927∼934,18681
682-830,울산,동구,방어동,935∼971,18682
682-831,울산,동구,방어동,972∼987,18683
682-829,울산,동구,방어동,988∼1004,18684
682-830,울산,동구,방어동,1005∼1015,18685
682-829,울산,동구,방어동,1016∼1023,18686
682-830,울산,동구,방어동,1024∼1076,18687
682-806,울산,동구,방어동,1077∼1101,18688
682-831,울산,동구,방어동,1102∼1129,18689
682-806,울산,동구,방어동,1130∼1143,18690
682-829,울산,동구,방어동,1144∼1157,18691
682-831,울산,동구,방어동,1158∼1165,18692
682-020,울산,동구,방어동,,18693
682-762,울산,동구,서부동 성원상떼빌아파트,(101∼115동),18694
682-713,울산,동구,서부동 현대백화점,,18695
682-753,울산,동구,서부동 현대패밀리명덕아파트,,18696
682-752,울산,동구,서부동 현대패밀리서부아파트,,18697
682-826,울산,동구,서부동,1∼100,18698
682-808,울산,동구,서부동,101∼278,18699
682-809,울산,동구,서부동,279∼314,18700
682-807,울산,동구,서부동,315∼344,18701
682-809,울산,동구,서부동,345∼494,18702
682-807,울산,동구,서부동,495∼999,18703
682-030,울산,동구,서부동,,18704
682-810,울산,동구,일산동,1∼499,18705
682-811,울산,동구,일산동,500∼799,18706
682-812,울산,동구,일산동,800∼913,18707
682-810,울산,동구,일산동,914∼980,18708
682-050,울산,동구,일산동,,18709
682-761,울산,동구,전하1동 대경넥스빌아파트,(101∼106동),18710
682-714,울산,동구,전하1동 울산대학교병원,,18711
682-792,울산,동구,전하1동 현대중공업,,18712
682-756,울산,동구,전하1동 현대홈타운아파트,(101∼107동),18713
682-813,울산,동구,전하1동,1∼299,18714
682-814,울산,동구,전하1동,300∼390,18715
682-814,울산,동구,전하1동,394∼548,18716
682-819,울산,동구,전하1동,549∼599,18717
682-815,울산,동구,전하1동,741∼768,18718
682-061,울산,동구,전하1동,,18719
682-062,울산,동구,전하2동 동울산우체국,,18720
682-759,울산,동구,전하2동 일산아파트,,18721
682-771,울산,동구,전하2동 전하푸르지오아파트,(101∼204동),18722
682-827,울산,동구,전하2동,391∼393,18723
682-816,울산,동구,전하2동,600∼660,18724
682-818,울산,동구,전하2동,661∼669,18725
682-817,울산,동구,전하2동,670∼675,18726
682-818,울산,동구,전하2동,676∼692,18727
682-828,울산,동구,전하2동,693∼740,18728
682-062,울산,동구,전하2동,,18729
682-060,울산,동구,전하동,,18730
682-080,울산,동구,주전동,,18731
682-768,울산,동구,화정동 금강아파트,(201∼202동),18732
682-766,울산,동구,화정동 벽산우진아파트,(101∼102동),18733
682-715,울산,동구,화정동 울산과학대학동부캠퍼스,,18734
682-757,울산,동구,화정동 주공아파트,,18735
682-767,울산,동구,화정동 현대목재아파트,(301∼303동),18736
682-758,울산,동구,화정동 현대파라다이스아파트,,18737
682-820,울산,동구,화정동,1∼136,18738
682-824,울산,동구,화정동,137∼158,18739
682-820,울산,동구,화정동,159∼599,18740
682-824,울산,동구,화정동,600∼606,18741
682-821,울산,동구,화정동,607∼631,18742
682-822,울산,동구,화정동,632∼654,18743
682-825,울산,동구,화정동,655∼843,18744
682-821,울산,동구,화정동,844∼850,18745
682-823,울산,동구,화정동,851∼940,18746
682-090,울산,동구,화정동,,18747
682-600,울산,동구,동울산우체국사서함,,18748
683-460,울산,북구,가대동,,18749
683-220,울산,북구,구유동,,18750
683-701,울산,북구,달천동 그린카운티,,18751
683-730,울산,북구,달천동 달천공단,,18752
683-793,울산,북구,달천동 달천아이파크아파트,(101∼114동),18753
683-794,울산,북구,달천동 달천아이파크아파트,(201∼305동),18754
683-470,울산,북구,달천동,,18755
683-230,울산,북구,당사동,,18756
683-240,울산,북구,대안동,,18757
683-744,울산,북구,매곡동 대하그린파크아파트,(101∼103동),18758
683-778,울산,북구,매곡동 매곡푸르지오1차아파트,(101∼111동),18759
683-779,울산,북구,매곡동 매곡푸르지오2차아파트,(201∼205동),18760
683-702,울산,북구,매곡동 월드메르디앙아파트1단지,(101∼113동),18761
683-703,울산,북구,매곡동 월드메르디앙아파트2단지,(201∼210동),18762
683-765,울산,북구,매곡동 현대아파트,(101∼107동),18763
683-775,울산,북구,매곡동 현대으뜸아파트,(101∼104동),18764
683-741,울산,북구,매곡동 현대파크맨션,(101∼104동),18765
683-420,울산,북구,매곡동,,18766
683-764,울산,북구,명촌동 주공아파트,,18767
683-761,울산,북구,명촌동 평창리비에르1차아파트,,18768
683-762,울산,북구,명촌동 평창리비에르2차아파트,(201∼223동),18769
683-763,울산,북구,명촌동 평창리비에르3차아파트,(301∼313동),18770
683-390,울산,북구,명촌동,,18771
683-250,울산,북구,무룡동,,18772
683-260,울산,북구,산하동,,18773
683-751,울산,북구,상안동 쌍용아진아파트1차단지,(1∼15동),18774
683-751,울산,북구,상안동 쌍용아진아파트2차단지,(1∼15동),18775
683-752,울산,북구,상안동 쌍용아진아파트3차단지,(1∼13동),18776
683-752,울산,북구,상안동 쌍용아진아파트4차단지,(1∼13동),18777
683-480,울산,북구,상안동,,18778
683-410,울산,북구,송정동,,18779
683-800,울산,북구,시례동,1∼90,18780
683-801,울산,북구,시례동,91∼99,18781
683-800,울산,북구,시례동,100∼650,18782
683-800,울산,북구,시례동,산160,18783
683-490,울산,북구,시례동,,18784
683-270,울산,북구,신명동,,18785
683-790,울산,북구,신천동 극동스타클래스아파트,(101∼111동),18786
683-746,울산,북구,신천동 무지개아파트,,18787
683-749,울산,북구,신천동 문화청솔아파트,(101∼102동),18788
683-748,울산,북구,신천동 성우현대아파트,(101∼103동),18789
683-745,울산,북구,신천동 신동아파트,(1∼2동),18790
683-705,울산,북구,신천동 신천엠코타운,(101∼109동),18791
683-766,울산,북구,신천동 협성노블리스아파트,,18792
683-802,울산,북구,신천동,1∼100,18793
683-803,울산,북구,신천동,101∼239,18794
683-802,울산,북구,신천동,240∼390,18795
683-803,울산,북구,신천동,391∼1000,18796
683-430,울산,북구,신천동,,18797
683-280,울산,북구,신현동,,18798
683-791,울산,북구,양정동 현대자동차,,18799
683-754,울산,북구,양정동 현대자동차사택,,18800
683-753,울산,북구,양정동 현대힐스테이트아파트,(101∼116동),18801
683-815,울산,북구,양정동,산1∼99,18802
683-816,울산,북구,양정동,산100∼111,18803
683-380,울산,북구,양정동,,18804
683-290,울산,북구,어물동,,18805
683-755,울산,북구,연암동 벽산늘푸른아파트,,18806
683-707,울산,북구,연암동 북구청,,18807
683-756,울산,북구,연암동 성원아파트,,18808
683-767,울산,북구,연암동 엘지진로아파트,,18809
683-804,울산,북구,연암동,1∼99,18810
683-805,울산,북구,연암동,100∼589,18811
683-804,울산,북구,연암동,590∼1300,18812
683-370,울산,북구,연암동,,18813
683-715,울산,북구,염포동 성원상떼빌아파트,,18814
683-712,울산,북구,염포동 현대모비스,,18815
683-711,울산,북구,염포동 현대하이스코,,18816
683-806,울산,북구,염포동,1∼300,18817
683-807,울산,북구,염포동,301∼1010,18818
683-040,울산,북구,염포동,,18819
683-210,울산,북구,정자동,,18820
683-750,울산,북구,중산동 대암파크랜드아파트,,18821
683-750,울산,북구,중산동 대암훼미리아파트,(101∼102동),18822
683-774,울산,북구,중산동 백산아파트,(101∼102동),18823
683-742,울산,북구,중산동 삼우아파트,(101∼102동),18824
683-792,울산,북구,중산동 신한디아체아파트,(101∼207동),18825
683-743,울산,북구,중산동 약수제일아파트,(가∼다동),18826
683-777,울산,북구,중산동 이화제일그린파크,,18827
683-776,울산,북구,중산동 이화한라동아아파트,,18828
683-768,울산,북구,중산동 현대글로리아,,18829
683-769,울산,북구,중산동 현대아파트,,18830
683-808,울산,북구,중산동,1∼200,18831
683-809,울산,북구,중산동,201∼703,18832
683-808,울산,북구,중산동,704∼1109,18833
683-809,울산,북구,중산동,1110∼1185,18834
683-808,울산,북구,중산동,산47∼142,18835
683-450,울산,북구,중산동,,18836
683-003,울산,북구,진장동 울산우편집중국,,18837
683-350,울산,북구,진장동,,18838
683-810,울산,북구,창평동,1∼750,18839
683-811,울산,북구,창평동,751∼973,18840
683-810,울산,북구,창평동,974∼1295,18841
683-440,울산,북구,창평동,,18842
683-770,울산,북구,천곡동 대동아파트,,18843
683-740,울산,북구,천곡동 삼성코아루아파트,(101∼119동),18844
683-771,울산,북구,천곡동 우방아파트,(101∼104동),18845
683-747,울산,북구,천곡동 원동현대아파트,(101∼104동),18846
683-772,울산,북구,천곡동 일지리버아파트,(101동),18847
683-773,울산,북구,천곡동 천곡2차코아루아파트,(201∼205동),18848
683-500,울산,북구,천곡동,,18849
683-710,울산,북구,호계동 주공아파트,(101∼111동),18850
683-720,울산,북구,호계동 주공아파트,(201∼210동),18851
683-812,울산,북구,호계동,1∼680,18852
683-813,울산,북구,호계동,681∼1000,18853
683-812,울산,북구,호계동,산6∼104,18854
683-400,울산,북구,호계동,,18855
683-757,울산,북구,화봉동 대우아파트,,18856
683-758,울산,북구,화봉동 동아청구아파트,,18857
683-759,울산,북구,화봉동 한우리아파트,,18858
683-781,울산,북구,화봉동 화봉1주공아파트,(101∼107동),18859
683-782,울산,북구,화봉동 화봉2주공아파트,(201∼213동),18860
683-783,울산,북구,화봉동 화봉휴먼시아아파트,(301∼311동),18861
683-760,울산,북구,화봉동 효성삼환아파트,,18862
683-300,울산,북구,화봉동,,18863
683-360,울산,북구,효문동,,18864
681-240,울산,중구,교동,,18865
681-716,울산,중구,남외동 남외푸르지오1차아파트,(101∼111동),18866
681-726,울산,중구,남외동 남외푸르지오2차아파트,(201∼209동),18867
681-757,울산,중구,남외동 병영삼일아파트,,18868
681-724,울산,중구,남외동 삼환나우빌1단지,(101∼102동),18869
681-725,울산,중구,남외동 삼환나우빌2단지,(101∼104동),18870
681-721,울산,중구,남외동 에일린의뜰아파트,(101∼116동),18871
681-702,울산,중구,남외동 울산중부경찰서,,18872
681-800,울산,중구,남외동,1∼51,18873
681-801,울산,중구,남외동,52∼440,18874
681-800,울산,중구,남외동,441∼1036,18875
681-270,울산,중구,남외동,,18876
681-758,울산,중구,다운동 다운아파트,,18877
681-759,울산,중구,다운동 동아아파트,,18878
681-749,울산,중구,다운동 삼성아파트,(101∼103동),18879
681-748,울산,중구,다운동 현대아파트,(101∼103동),18880
681-802,울산,중구,다운동,1∼499,18881
681-803,울산,중구,다운동,500∼699,18882
681-802,울산,중구,다운동,700∼999,18883
681-803,울산,중구,다운동,산101,18884
681-340,울산,중구,다운동,,18885
681-712,울산,중구,동동 울산기능대학교,,18886
681-280,울산,중구,동동,,18887
681-808,울산,중구,반구1동,264∼267,18888
681-806,울산,중구,반구1동,284∼436,18889
681-808,울산,중구,반구1동,443,18890
681-807,울산,중구,반구1동,444∼590,18891
681-806,울산,중구,반구1동,591∼600,18892
681-807,울산,중구,반구1동,601∼729,18893
681-808,울산,중구,반구1동,730∼738,18894
681-808,울산,중구,반구1동,752∼755,18895
681-806,울산,중구,반구1동,756∼799,18896
681-808,울산,중구,반구1동,800∼999,18897
681-261,울산,중구,반구1동,,18898
681-713,울산,중구,반구2동 KT울산지사,,18899
681-771,울산,중구,반구2동 세창짜임아파트,(101∼102동),18900
681-804,울산,중구,반구2동,1∼99,18901
681-805,울산,중구,반구2동,100∼263,18902
681-805,울산,중구,반구2동,268∼283,18903
681-805,울산,중구,반구2동,437∼439,18904
681-823,울산,중구,반구2동,440∼442,18905
681-824,울산,중구,반구2동,739∼749,18906
681-805,울산,중구,반구2동,750∼751,18907
681-262,울산,중구,반구2동,,18908
681-260,울산,중구,반구동,,18909
681-752,울산,중구,복산1동 동덕현대아파트,,18910
681-753,울산,중구,복산1동 제일아파트,,18911
681-825,울산,중구,복산1동,302∼304,18912
681-825,울산,중구,복산1동,315∼360,18913
681-825,울산,중구,복산1동,396∼472,18914
681-825,울산,중구,복산1동,473-(2∼3),18915
681-825,울산,중구,복산1동,473-(5∼8),18916
681-825,울산,중구,복산1동,474,18917
681-825,울산,중구,복산1동,476∼477,18918
681-825,울산,중구,복산1동,479-(1∼3),18919
681-825,울산,중구,복산1동,479-(5∼7),18920
681-825,울산,중구,복산1동,480∼508,18921
681-811,울산,중구,복산1동,509∼718,18922
681-811,울산,중구,복산1동,723,18923
681-811,울산,중구,복산1동,725∼728,18924
681-811,울산,중구,복산1동,730∼754,18925
681-811,울산,중구,복산1동,산9,18926
681-811,울산,중구,복산1동,산12∼18,18927
681-221,울산,중구,복산1동,,18928
681-754,울산,중구,복산2동 남운럭키아파트,,18929
681-755,울산,중구,복산2동 성지아파트,,18930
681-756,울산,중구,복산2동 세운파레스맨션,,18931
681-701,울산,중구,복산2동 중구청,,18932
681-809,울산,중구,복산2동,1∼65,18933
681-810,울산,중구,복산2동,66∼96,18934
681-809,울산,중구,복산2동,97∼200,18935
681-810,울산,중구,복산2동,201∼301,18936
681-810,울산,중구,복산2동,305∼314,18937
681-810,울산,중구,복산2동,361∼395,18938
681-810,울산,중구,복산2동,473-(1),18939
681-810,울산,중구,복산2동,473-(4),18940
681-810,울산,중구,복산2동,473-(9),18941
681-810,울산,중구,복산2동,475,18942
681-810,울산,중구,복산2동,478,18943
681-810,울산,중구,복산2동,479-(4),18944
681-810,울산,중구,복산2동,719∼722,18945
681-810,울산,중구,복산2동,724,18946
681-810,울산,중구,복산2동,729,18947
681-810,울산,중구,복산2동,산1∼8,18948
681-810,울산,중구,복산2동,산11,18949
681-810,울산,중구,복산2동,산23,18950
681-222,울산,중구,복산2동,,18951
681-220,울산,중구,복산동,,18952
681-230,울산,중구,북정동,,18953
681-290,울산,중구,서동,,18954
681-812,울산,중구,성남동,1∼178,18955
681-813,울산,중구,성남동,179∼182,18956
681-812,울산,중구,성남동,183∼357,18957
681-210,울산,중구,성남동,,18958
681-715,울산,중구,성안동 경동햇빛마을아파트,,18959
681-710,울산,중구,성안동 금호아파트,(101∼106동),18960
681-718,울산,중구,성안동 벽산e-빌리지아파트,(101∼106동),18961
681-788,울산,중구,성안동 울산지방경찰청,,18962
681-760,울산,중구,성안동 청구타운아파트,,18963
681-300,울산,중구,성안동,,18964
681-762,울산,중구,약사동 삼성래미안1차아파트,(101∼108동),18965
681-765,울산,중구,약사동 삼성래미안2차아파트,,18966
681-430,울산,중구,약사동,,18967
681-190,울산,중구,옥교동,,18968
681-751,울산,중구,우정동 선경1차아파트,,18969
681-761,울산,중구,우정동 선경2차아파트,(201∼215동),18970
681-704,울산,중구,우정동 우정아이파크아파트,(101∼110동),18971
681-814,울산,중구,우정동,1∼89,18972
681-815,울산,중구,우정동,90∼265,18973
681-814,울산,중구,우정동,266∼278,18974
681-815,울산,중구,우정동,279∼299,18975
681-816,울산,중구,우정동,300∼703,18976
681-817,울산,중구,우정동,704∼809,18977
681-250,울산,중구,우정동,,18978
681-703,울산,중구,유곡동 울산광역시교육청,,18979
681-705,울산,중구,유곡동 유곡e-편한세상아파트,(101∼110동),18980
681-706,울산,중구,유곡동 유곡푸르지오아파트,(101∼110동),18981
681-310,울산,중구,유곡동,,18982
681-420,울산,중구,장현동,,18983
681-764,울산,중구,태화동 강변맨션,(1∼3동),18984
681-711,울산,중구,태화동 동강병원,,18985
681-763,울산,중구,태화동 동부아파트,,18986
681-767,울산,중구,태화동 삼익아파트,(101∼103동),18987
681-768,울산,중구,태화동 일신아파트,(101∼103동),18988
681-769,울산,중구,태화동 전원아파트,(101∼104동),18989
681-770,울산,중구,태화동 희마아파트,(1∼2동),18990
681-818,울산,중구,태화동,1∼149,18991
681-819,울산,중구,태화동,150∼151,18992
681-818,울산,중구,태화동,152∼250,18993
681-820,울산,중구,태화동,251∼399,18994
681-819,울산,중구,태화동,400∼782,18995
681-820,울산,중구,태화동,783∼1029,18996
681-819,울산,중구,태화동,산1∼91,18997
681-320,울산,중구,태화동,,18998
681-200,울산,중구,학산동,,18999
681-728,울산,중구,학성동 울산문화방송,,19000
681-180,울산,중구,학성동 울산우체국,,19001
681-821,울산,중구,학성동,1∼32,19002
681-822,울산,중구,학성동,33∼61,19003
681-821,울산,중구,학성동,62∼266,19004
681-822,울산,중구,학성동,267∼461,19005
681-821,울산,중구,학성동,462∼478,19006
681-821,울산,중구,학성동,산100,19007
681-180,울산,중구,학성동,,19008
681-600,울산,중구,울산우체국사서함,,19009
689-763,울산,울주군,범서읍 구영리 구영푸르지오1차아파트,(101∼206동),19010
689-761,울산,울주군,범서읍 구영리 구영푸르지오2차아파트,(501∼508동),19011
689-785,울산,울주군,범서읍 구영리 동문굿모닝힐아파트,(101∼107동),19012
689-767,울산,울주군,범서읍 구영리 신한디아채,(101∼102동),19013
689-791,울산,울주군,범서읍 구영리 우미린1차아파트,(301∼310동),19014
689-792,울산,울주군,범서읍 구영리 우미린2차아파트,(701∼707동),19015
689-702,울산,울주군,범서읍 구영리 울산울주경찰서,,19016
689-766,울산,울주군,범서읍 구영리 일신파크맨션,(101∼103동),19017
689-706,울산,울주군,범서읍 구영리 주공아파트,(101∼108동),19018
689-796,울산,울주군,범서읍 구영리 풍경채아파트,(101∼105동),19019
689-703,울산,울주군,범서읍 구영리 한신아파트,,19020
689-704,울산,울주군,범서읍 구영리 현대아파트,(101∼302동),19021
689-786,울산,울주군,범서읍 구영리 호반베르디움,(101∼108동),19022
689-705,울산,울주군,범서읍 굴화리 강변그린아파트,(301∼406동),19023
689-787,울산,울주군,범서읍 굴화리 굴화강변월드메르디앙아파트,(101∼111동),19024
689-707,울산,울주군,범서읍 굴화리 문수마을동문굿모닝힐아파트,(101∼106동),19025
689-756,울산,울주군,범서읍 천상리 경동태원하이빌아파트,,19026
689-757,울산,울주군,범서읍 천상리 국태그린빌아파트,(101∼102동),19027
689-755,울산,울주군,범서읍 천상리 그린코아아파트,(101∼102동),19028
689-765,울산,울주군,범서읍 천상리 극동아파트,(101∼103동),19029
689-770,울산,울주군,범서읍 천상리 동아아파트,(101∼103동),19030
689-764,울산,울주군,범서읍 천상리 벽산아파트,(101∼103동),19031
689-768,울산,울주군,범서읍 천상리 천상신한다솜아파트,(1∼3동),19032
689-769,울산,울주군,범서읍 천상리 천상한라그린피스맨션,(101∼103동),19033
689-758,울산,울주군,범서읍 천상리 청구그린타운아파트,,19034
689-797,울산,울주군,범서읍 천상리 청구제네스아파트,(101∼102동),19035
689-851,울산,울주군,범서읍 곡연리,,19036
689-852,울산,울주군,범서읍 구영리,,19037
689-853,울산,울주군,범서읍 굴화리,,19038
689-854,울산,울주군,범서읍 두산리,,19039
689-851,울산,울주군,범서읍 망성리,,19040
689-854,울산,울주군,범서읍 반용리,,19041
689-853,울산,울주군,범서읍 백천리,,19042
689-851,울산,울주군,범서읍 사연리,,19043
689-851,울산,울주군,범서읍 사일리,,19044
689-854,울산,울주군,범서읍 서사리,,19045
689-853,울산,울주군,범서읍 송현리,,19046
689-851,울산,울주군,범서읍 욱곡리,,19047
689-851,울산,울주군,범서읍 욱천리,,19048
689-853,울산,울주군,범서읍 입암리,,19049
689-853,울산,울주군,범서읍 장금리,,19050
689-851,울산,울주군,범서읍 중리,,19051
689-851,울산,울주군,범서읍 지지리,,19052
689-853,울산,울주군,범서읍 진목리,,19053
689-854,울산,울주군,범서읍 척과리,,19054
689-855,울산,울주군,범서읍 천상리,,19055
689-850,울산,울주군,범서읍,,19056
689-751,울산,울주군,언양읍 반천현대아파트,,19057
689-801,울산,울주군,언양읍 구수리,,19058
689-802,울산,울주군,언양읍 남부리,,19059
689-803,울산,울주군,언양읍 다개리,,19060
689-803,울산,울주군,언양읍 대곡리,,19061
689-804,울산,울주군,언양읍 동부리,,19062
689-803,울산,울주군,언양읍 반곡리,,19063
689-801,울산,울주군,언양읍 반송리,,19064
689-798,울산,울주군,언양읍 반연리 울산과학기술대학교,,19065
689-805,울산,울주군,언양읍 반연리,,19066
689-805,울산,울주군,언양읍 반천리,,19067
689-762,울산,울주군,언양읍 서부리 삼성아파트,,19068
689-806,울산,울주군,언양읍 서부리,,19069
689-807,울산,울주군,언양읍 송대리,,19070
689-808,울산,울주군,언양읍 어음리,,19071
689-807,울산,울주군,언양읍 직동리,,19072
689-807,울산,울주군,언양읍 태기리,,19073
689-803,울산,울주군,언양읍 평리,,19074
689-800,울산,울주군,언양읍,,19075
689-775,울산,울주군,온산읍 동백아파트,,19076
689-777,울산,울주군,온산읍 동원아파트,,19077
689-778,울산,울주군,온산읍 에스오일(주),,19078
689-776,울산,울주군,온산읍 주공아파트,,19079
689-891,울산,울주군,온산읍 강양리,,19080
689-892,울산,울주군,온산읍 당월리,,19081
689-892,울산,울주군,온산읍 대정리,,19082
689-893,울산,울주군,온산읍 덕신리,1∼700,19083
689-894,울산,울주군,온산읍 덕신리,701∼1328,19084
689-895,울산,울주군,온산읍 덕신리,1329,19085
689-894,울산,울주군,온산읍 덕신리,1330∼1900,19086
689-892,울산,울주군,온산읍 방도리,,19087
689-892,울산,울주군,온산읍 산암리,,19088
689-891,울산,울주군,온산읍 삼평리,,19089
689-891,울산,울주군,온산읍 우봉리,,19090
689-892,울산,울주군,온산읍 원산리,,19091
689-892,울산,울주군,온산읍 이진리,,19092
689-892,울산,울주군,온산읍 처용리,,19093
689-892,울산,울주군,온산읍 학남리,,19094
689-896,울산,울주군,온산읍 화산리,,19095
689-890,울산,울주군,온산읍,,19096
689-773,울산,울주군,온양읍 럭키아파트,,19097
689-772,울산,울주군,온양읍 성림아파트,,19098
689-774,울산,울주군,온양읍 우주아파트,,19099
689-901,울산,울주군,온양읍 고산리,,19100
689-902,울산,울주군,온양읍 남창리,,19101
689-902,울산,울주군,온양읍 내광리,,19102
689-754,울산,울주군,온양읍 대안리 대안현대아파트,(101∼107동),19103
689-752,울산,울주군,온양읍 대안리 대우아파트,(101∼110동),19104
689-753,울산,울주군,온양읍 대안리 미도파아파트,(101∼107동),19105
689-903,울산,울주군,온양읍 대안리,,19106
689-901,울산,울주군,온양읍 동상리,,19107
689-771,울산,울주군,온양읍 망양리 회야리버아파트,(101∼103동),19108
689-901,울산,울주군,온양읍 망양리,,19109
689-904,울산,울주군,온양읍 발리,,19110
689-902,울산,울주군,온양읍 삼광리,,19111
689-902,울산,울주군,온양읍 외광리,,19112
689-905,울산,울주군,온양읍 운화리,,19113
689-900,울산,울주군,온양읍,,19114
689-841,울산,울주군,두동면 구미리,,19115
689-842,울산,울주군,두동면 만화리,,19116
689-843,울산,울주군,두동면 봉계리,,19117
689-841,울산,울주군,두동면 삼정리,,19118
689-843,울산,울주군,두동면 월평리,,19119
689-842,울산,울주군,두동면 은편리,,19120
689-842,울산,울주군,두동면 이전리,,19121
689-841,울산,울주군,두동면 천전리,,19122
689-840,울산,울주군,두동면,,19123
689-831,울산,울주군,두서면 구량리,,19124
689-832,울산,울주군,두서면 내와리,,19125
689-832,울산,울주군,두서면 미호리,,19126
689-832,울산,울주군,두서면 복안리,,19127
689-833,울산,울주군,두서면 서하리,,19128
689-833,울산,울주군,두서면 인보리,,19129
689-833,울산,울주군,두서면 전읍리,,19130
689-831,울산,울주군,두서면 차리,,19131
689-832,울산,울주군,두서면 활천리,,19132
689-830,울산,울주군,두서면,,19133
689-701,울산,울주군,삼남면 삼성SDI,,19134
689-811,울산,울주군,삼남면 가천리,,19135
689-812,울산,울주군,삼남면 교동리,,19136
689-813,울산,울주군,삼남면 방기리,,19137
689-814,울산,울주군,삼남면 상천리,,19138
689-815,울산,울주군,삼남면 신화리,,19139
689-810,울산,울주군,삼남면,,19140
689-931,울산,울주군,삼동면 금곡리,,19141
689-932,울산,울주군,삼동면 둔기리,,19142
689-931,울산,울주군,삼동면 보은리,,19143
689-933,울산,울주군,삼동면 작동리,,19144
689-934,울산,울주군,삼동면 조일리,,19145
689-933,울산,울주군,삼동면 출강리,,19146
689-932,울산,울주군,삼동면 하잠리,,19147
689-930,울산,울주군,삼동면,,19148
689-821,울산,울주군,상북면 거리,,19149
689-822,울산,울주군,상북면 궁근정리,,19150
689-821,울산,울주군,상북면 길천리,,19151
689-823,울산,울주군,상북면 덕현리,,19152
689-824,울산,울주군,상북면 등억리,,19153
689-824,울산,울주군,상북면 명촌리,,19154
689-821,울산,울주군,상북면 산전리,,19155
689-822,울산,울주군,상북면 소호리,,19156
689-823,울산,울주군,상북면 양등리,,19157
689-823,울산,울주군,상북면 이천리,,19158
689-825,울산,울주군,상북면 지내리,,19159
689-824,울산,울주군,상북면 천전리,,19160
689-825,울산,울주군,상북면 향산리,,19161
689-820,울산,울주군,상북면,,19162
689-881,울산,울주군,서생면 강월리,,19163
689-882,울산,울주군,서생면 나사리,,19164
689-883,울산,울주군,서생면 대송리,,19165
689-881,울산,울주군,서생면 마근리,,19166
689-881,울산,울주군,서생면 막곡리,,19167
689-881,울산,울주군,서생면 명산리,,19168
689-881,울산,울주군,서생면 비학리,,19169
689-883,울산,울주군,서생면 서생리,,19170
689-883,울산,울주군,서생면 송정리,,19171
689-883,울산,울주군,서생면 술마리,,19172
689-882,울산,울주군,서생면 신리,,19173
689-882,울산,울주군,서생면 신암리,,19174
689-881,울산,울주군,서생면 양암리,,19175
689-881,울산,울주군,서생면 연산리,,19176
689-881,울산,울주군,서생면 온곡리,,19177
689-882,울산,울주군,서생면 용리,,19178
689-881,울산,울주군,서생면 용연리,,19179
689-881,울산,울주군,서생면 위곡리,,19180
689-881,울산,울주군,서생면 위양리,,19181
689-883,울산,울주군,서생면 진하리,,19182
689-883,울산,울주군,서생면 평동리,,19183
689-881,울산,울주군,서생면 화산리,,19184
689-883,울산,울주군,서생면 화정리,,19185
689-880,울산,울주군,서생면,,19186
689-783,울산,울주군,웅촌면 장백아파트,,19187
689-871,울산,울주군,웅촌면 검단리,,19188
689-871,울산,울주군,웅촌면 고연리,,19189
689-784,울산,울주군,웅촌면 곡천리 춘해보건대학,,19190
689-872,울산,울주군,웅촌면 곡천리,,19191
689-872,울산,울주군,웅촌면 대대리,,19192
689-873,울산,울주군,웅촌면 대복리,,19193
689-873,울산,울주군,웅촌면 석천리,,19194
689-873,울산,울주군,웅촌면 오복리,,19195
689-871,울산,울주군,웅촌면 은현리,,19196
689-872,울산,울주군,웅촌면 초천리,,19197
689-873,울산,울주군,웅촌면 통천리,,19198
689-870,울산,울주군,웅촌면,,19199
689-782,울산,울주군,청량면 유림아파트,,19200
689-861,울산,울주군,청량면 개곡리,,19201
689-862,울산,울주군,청량면 덕하리,,19202
689-862,울산,울주군,청량면 동천리,,19203
689-861,울산,울주군,청량면 문죽리,,19204
689-779,울산,울주군,청량면 삼정리 쌍용하나빌리지1단지,(101∼108동),19205
689-780,울산,울주군,청량면 삼정리 쌍용하나빌리지2단지,(201∼208동),19206
689-781,울산,울주군,청량면 삼정리 쌍용하나빌리지3단지,(301∼307동),19207
689-862,울산,울주군,청량면 삼정리,,19208
689-863,울산,울주군,청량면 상남리,1∼623,19209
689-864,울산,울주군,청량면 상남리,624∼1143,19210
689-863,울산,울주군,청량면 상남리,산1∼6,19211
689-862,울산,울주군,청량면 신전신리,,19212
689-865,울산,울주군,청량면 용암리,,19213
689-861,울산,울주군,청량면 율리,,19214
689-862,울산,울주군,청량면 중리,,19215
689-860,울산,울주군,청량면,,19216
