407-430,인천,계양구,갈현동,,14468
407-753,인천,계양구,계산1동 경인교육대학교,,14469
407-761,인천,계양구,계산1동 삼천리아파트,,14470
407-729,인천,계양구,계산1동 신도아파트,(101∼107동),14471
407-803,인천,계양구,계산1동,222,14472
407-803,인천,계양구,계산1동,776,14473
407-803,인천,계양구,계산1동,857∼872,14474
407-806,인천,계양구,계산1동,937∼953,14475
407-807,인천,계양구,계산1동,954∼973,14476
407-808,인천,계양구,계산1동,974∼990,14477
407-051,인천,계양구,계산1동,,14478
407-740,인천,계양구,계산2동 경인여자대학,,14479
407-762,인천,계양구,계산2동 극동아파트,,14480
407-801,인천,계양구,계산2동,11,14481
407-801,인천,계양구,계산2동,37∼48,14482
407-801,인천,계양구,계산2동,50,14483
407-801,인천,계양구,계산2동,721∼735,14484
407-801,인천,계양구,계산2동,894∼900,14485
407-804,인천,계양구,계산2동,901∼922,14486
407-805,인천,계양구,계산2동,923∼936,14487
407-052,인천,계양구,계산2동,,14488
407-763,인천,계양구,계산3동 주공아파트,,14489
407-764,인천,계양구,계산3동 하나아파트,,14490
407-765,인천,계양구,계산3동 현대아파트,,14491
407-800,인천,계양구,계산3동,1∼10,14492
407-800,인천,계양구,계산3동,12∼36,14493
407-800,인천,계양구,계산3동,49,14494
407-800,인천,계양구,계산3동,55∼66,14495
407-812,인천,계양구,계산3동,67∼221,14496
407-802,인천,계양구,계산3동,223∼355,14497
407-809,인천,계양구,계산3동,1014∼1058,14498
407-809,인천,계양구,계산3동,1064∼1072,14499
407-809,인천,계양구,계산3동,1088,14500
407-053,인천,계양구,계산3동,,14501
407-737,인천,계양구,계산4동 경인지방노동청인천북부지청,,14502
407-701,인천,계양구,계산4동 계양구청,,14503
407-704,인천,계양구,계산4동 계양등기소,,14504
407-705,인천,계양구,계산4동 은행마을아파트,,14505
407-703,인천,계양구,계산4동 인천계양경찰서,,14506
407-053,인천,계양구,계산4동 인천계양우체국,,14507
407-784,인천,계양구,계산4동 하이베라스빌딩,,14508
407-813,인천,계양구,계산4동,1059∼1063,14509
407-813,인천,계양구,계산4동,1073∼1087,14510
407-813,인천,계양구,계산4동,1089∼1108,14511
407-054,인천,계양구,계산4동,,14512
407-050,인천,계양구,계산동,,14513
407-722,인천,계양구,귤현동 귤현아이파크아파트,(101∼106동),14514
407-350,인천,계양구,귤현동,,14515
407-370,인천,계양구,노오지동,,14516
407-460,인천,계양구,다남동,,14517
407-726,인천,계양구,동양동 주공뜨란채아파트,(301∼306동),14518
407-724,인천,계양구,동양동 주공아파트,(101∼106동),14519
407-725,인천,계양구,동양동 주공아파트,(201∼207동),14520
407-727,인천,계양구,동양동 주공아파트,(401∼405동),14521
407-340,인천,계양구,동양동,,14522
407-440,인천,계양구,둑실동,,14523
407-450,인천,계양구,목상동,,14524
407-723,인천,계양구,박촌동 한화아파트,(101∼113동),14525
407-330,인천,계양구,박촌동,,14526
407-480,인천,계양구,방축동,,14527
407-768,인천,계양구,병방동 학마을서원아파트,,14528
407-706,인천,계양구,병방동 학마을서해아파트,,14529
407-707,인천,계양구,병방동 학마을영남아파트,,14530
407-708,인천,계양구,병방동 학마을한진아파트,,14531
407-810,인천,계양구,병방동,432∼433,14532
407-811,인천,계양구,병방동,산1∼404,14533
407-320,인천,계양구,병방동,,14534
407-390,인천,계양구,상야동,,14535
407-070,인천,계양구,서운동,,14536
407-360,인천,계양구,선주지동,,14537
407-769,인천,계양구,오류동 신동아아파트,,14538
407-420,인천,계양구,오류동,,14539
407-709,인천,계양구,용종동 용종마을아파트,,14540
407-710,인천,계양구,용종동 초정마을아파트,,14541
407-310,인천,계양구,용종동,,14542
407-380,인천,계양구,이화동,,14543
407-814,인천,계양구,임학동,1∼150,14544
407-815,인천,계양구,임학동,151∼300,14545
407-300,인천,계양구,임학동,,14546
407-789,인천,계양구,작전1동 뉴서울1차아파트,(1∼7동),14547
407-790,인천,계양구,작전1동 동보2차아파트,(101∼108동),14548
407-771,인천,계양구,작전1동 동보아파트,(101∼105동),14549
407-786,인천,계양구,작전1동 삼보아파트,,14550
407-785,인천,계양구,작전1동 삼천리아파트,,14551
407-728,인천,계양구,작전1동 우림카이저팰리스,,14552
407-788,인천,계양구,작전1동 풍림아이원아파트,,14553
407-787,인천,계양구,작전1동 현대1차아파트,(101∼106동),14554
407-817,인천,계양구,작전1동,2∼116,14555
407-818,인천,계양구,작전1동,117∼130,14556
407-818,인천,계양구,작전1동,147∼148,14557
407-818,인천,계양구,작전1동,169∼299,14558
407-820,인천,계양구,작전1동,381∼392,14559
407-820,인천,계양구,작전1동,869∼897,14560
407-061,인천,계양구,작전1동,,14561
407-791,인천,계양구,작전2동 국민건강보험공단,,14562
407-702,인천,계양구,작전2동 북인천세무서,,14563
407-816,인천,계양구,작전2동,1,14564
407-816,인천,계양구,작전2동,407∼476,14565
407-816,인천,계양구,작전2동,760∼802,14566
407-822,인천,계양구,작전2동,834∼843,14567
407-822,인천,계양구,작전2동,852∼856,14568
407-823,인천,계양구,작전2동,857∼861,14569
407-824,인천,계양구,작전2동,862∼868,14570
407-062,인천,계양구,작전2동,,14571
407-060,인천,계양구,작전동,,14572
407-711,인천,계양구,작전서운동 까치마을태화아파트,(601∼608동),14573
407-712,인천,계양구,작전서운동 까치마을한진아파트,(609∼612동),14574
407-713,인천,계양구,작전서운동 도두리마을대동아파트,(522∼529동),14575
407-772,인천,계양구,작전서운동 도두리마을동보아파트,(501∼509동),14576
407-714,인천,계양구,작전서운동 도두리마을롯데동남아파트,(510∼521동),14577
407-773,인천,계양구,작전서운동 현대2-1차아파트,(201∼205동),14578
407-715,인천,계양구,작전서운동 현대2-2차아파트,(211∼215동),14579
407-819,인천,계양구,작전서운동,131∼146,14580
407-819,인천,계양구,작전서운동,149∼161,14581
407-819,인천,계양구,작전서운동,588∼599,14582
407-821,인천,계양구,작전서운동,600∼740,14583
407-825,인천,계양구,작전서운동,901∼930,14584
407-063,인천,계양구,작전서운동,,14585
407-470,인천,계양구,장기동,,14586
407-400,인천,계양구,평동,,14587
407-410,인천,계양구,하야동,,14588
407-781,인천,계양구,효성1동 뉴서울1차아파트,(1∼212동),14589
407-781,인천,계양구,효성1동 뉴서울2차아파트,(1∼212동),14590
407-782,인천,계양구,효성1동 두산아파트,,14591
407-783,인천,계양구,효성1동 현대1차아파트,(101∼106동),14592
407-783,인천,계양구,효성1동 현대2차아파트,(201∼203동),14593
407-783,인천,계양구,효성1동 현대3차아파트,(101∼103동),14594
407-826,인천,계양구,효성1동,1∼75,14595
407-827,인천,계양구,효성1동,76∼150,14596
407-829,인천,계양구,효성1동,151∼193,14597
407-829,인천,계양구,효성1동,231∼235,14598
407-829,인천,계양구,효성1동,243∼270,14599
407-829,인천,계양구,효성1동,274∼286,14600
407-829,인천,계양구,효성1동,289∼299,14601
407-829,인천,계양구,효성1동,578∼586,14602
407-829,인천,계양구,효성1동,665,14603
407-041,인천,계양구,효성1동,,14604
407-792,인천,계양구,효성2동 LGCNS,,14605
407-718,인천,계양구,효성2동 뉴서울3차아파트,(301∼602동),14606
407-718,인천,계양구,효성2동 뉴서울5차아파트,(301∼602동),14607
407-718,인천,계양구,효성2동 뉴서울6차아파트,(301∼602동),14608
407-716,인천,계양구,효성2동 앰코테크놀로지코리아(주),,14609
407-719,인천,계양구,효성2동 태산아파트,,14610
407-717,인천,계양구,효성2동 풍산금속,,14611
407-720,인천,계양구,효성2동 하나아파트,,14612
407-721,인천,계양구,효성2동 현대4차아파트,(401∼405동),14613
407-828,인천,계양구,효성2동,123,14614
407-830,인천,계양구,효성2동,195∼230,14615
407-830,인천,계양구,효성2동,236∼238,14616
407-831,인천,계양구,효성2동,239∼242,14617
407-831,인천,계양구,효성2동,271∼273,14618
407-831,인천,계양구,효성2동,301∼499,14619
407-832,인천,계양구,효성2동,500∼580,14620
407-832,인천,계양구,효성2동,600∼664,14621
407-833,인천,계양구,효성2동,산58∼60,14622
407-834,인천,계양구,효성2동,산61∼82,14623
407-042,인천,계양구,효성2동,,14624
407-040,인천,계양구,효성동,,14625
407-600,인천,계양구,인천계양우체국사서함,,14626
402-702,인천,남구,관교동 동부아파트,,14627
402-705,인천,남구,관교동 동아아파트,,14628
402-706,인천,남구,관교동 삼환1차아파트,(101∼105동),14629
402-707,인천,남구,관교동 삼환2차아파트,(201∼203동),14630
402-708,인천,남구,관교동 성지아파트,,14631
402-709,인천,남구,관교동 신비마을아파트,,14632
402-721,인천,남구,관교동 신세계백화점,,14633
402-715,인천,남구,관교동 쌍용아파트,,14634
402-710,인천,남구,관교동 인천관교한신휴플러스아파트,(101∼118동),14635
402-716,인천,남구,관교동 인천교통공사,,14636
402-717,인천,남구,관교동 풍림아파트,,14637
402-800,인천,남구,관교동,1∼14,14638
402-801,인천,남구,관교동,15,14639
402-802,인천,남구,관교동,16∼156,14640
402-080,인천,남구,관교동,,14641
402-718,인천,남구,도화1동 나산아파트,,14642
402-719,인천,남구,도화1동 동아아파트,,14643
402-720,인천,남구,도화1동 동원아파트,,14644
402-712,인천,남구,도화1동 롯데오피스텔,,14645
402-711,인천,남구,도화1동 인천IT타워,,14646
402-809,인천,남구,도화1동,354∼464,14647
402-810,인천,남구,도화1동,465∼605,14648
402-811,인천,남구,도화1동,606∼649,14649
402-061,인천,남구,도화1동,,14650
402-727,인천,남구,도화2.3동 신태양아파트,(가∼나동),14651
402-750,인천,남구,도화2.3동 인천대학교제물포캠퍼스,,14652
402-803,인천,남구,도화2.3동,1∼36,14653
402-804,인천,남구,도화2.3동,37∼43,14654
402-803,인천,남구,도화2.3동,44∼47,14655
402-803,인천,남구,도화2.3동,49∼62,14656
402-805,인천,남구,도화2.3동,63∼68,14657
402-806,인천,남구,도화2.3동,69∼119,14658
402-807,인천,남구,도화2.3동,120∼121,14659
402-808,인천,남구,도화2.3동,122∼282,14660
402-808,인천,남구,도화2.3동,677,14661
402-807,인천,남구,도화2.3동,681∼742,14662
402-062,인천,남구,도화2.3동,,14663
402-060,인천,남구,도화동,,14664
402-799,인천,남구,문학동 문학경기장,,14665
402-070,인천,남구,문학동,,14666
402-729,인천,남구,숭의1.3동 극동아파트,(101∼103동),14667
402-813,인천,남구,숭의1.3동,62∼69,14668
402-813,인천,남구,숭의1.3동,78∼118,14669
402-815,인천,남구,숭의1.3동,124∼127,14670
402-816,인천,남구,숭의1.3동,128∼129,14671
402-816,인천,남구,숭의1.3동,137,14672
402-815,인천,남구,숭의1.3동,138∼145,14673
402-816,인천,남구,숭의1.3동,146∼162,14674
402-816,인천,남구,숭의1.3동,298∼300,14675
402-816,인천,남구,숭의1.3동,342∼436,14676
402-011,인천,남구,숭의1.3동,,14677
402-701,인천,남구,숭의2동 남구청,,14678
402-814,인천,남구,숭의2동,70∼77,14679
402-814,인천,남구,숭의2동,120∼123,14680
402-817,인천,남구,숭의2동,130∼136,14681
402-817,인천,남구,숭의2동,163∼297,14682
402-012,인천,남구,숭의2동,,14683
402-731,인천,남구,숭의4동 제물포아파트,,14684
402-812,인천,남구,숭의4동,1∼61,14685
402-812,인천,남구,숭의4동,119,14686
402-014,인천,남구,숭의4동,,14687
402-010,인천,남구,숭의동,,14688
402-734,인천,남구,용현1.4동 새한아파트,(가∼라동),14689
402-752,인천,남구,용현1.4동 인하공업전문대학,,14690
402-751,인천,남구,용현1.4동 인하대학교,,14691
402-733,인천,남구,용현1.4동 정석항공과학고등학교,,14692
402-818,인천,남구,용현1.4동,1∼36,14693
402-819,인천,남구,용현1.4동,37∼49,14694
402-818,인천,남구,용현1.4동,50∼78,14695
402-820,인천,남구,용현1.4동,79∼95,14696
402-818,인천,남구,용현1.4동,96∼140,14697
402-822,인천,남구,용현1.4동,146,14698
402-822,인천,남구,용현1.4동,150∼151,14699
402-824,인천,남구,용현1.4동,165∼171,14700
402-822,인천,남구,용현1.4동,172∼179,14701
402-825,인천,남구,용현1.4동,180∼202,14702
402-827,인천,남구,용현1.4동,254∼299,14703
402-871,인천,남구,용현1.4동,454,14704
402-871,인천,남구,용현1.4동,633∼646,14705
402-021,인천,남구,용현1.4동,,14706
402-793,인천,남구,용현2동 대우아파트,,14707
402-732,인천,남구,용현2동 동아아파트,,14708
402-763,인천,남구,용현2동 유원아파트,,14709
402-829,인천,남구,용현2동,344∼367,14710
402-829,인천,남구,용현2동,406∼419,14711
402-832,인천,남구,용현2동,461∼463,14712
402-832,인천,남구,용현2동,473∼475,14713
402-833,인천,남구,용현2동,493∼603,14714
402-022,인천,남구,용현2동,,14715
402-821,인천,남구,용현3동,141∼145,14716
402-821,인천,남구,용현3동,147∼149,14717
402-823,인천,남구,용현3동,152∼164,14718
402-823,인천,남구,용현3동,203∼253,14719
402-823,인천,남구,용현3동,311∼343,14720
402-830,인천,남구,용현3동,368,14721
402-830,인천,남구,용현3동,375∼376,14722
402-830,인천,남구,용현3동,420∼453,14723
402-831,인천,남구,용현3동,455∼460,14724
402-831,인천,남구,용현3동,464∼472,14725
402-831,인천,남구,용현3동,476∼492,14726
402-023,인천,남구,용현3동,,14727
402-791,인천,남구,용현5동 금호2차아파트,,14728
402-761,인천,남구,용현5동 금호아파트,,14729
402-762,인천,남구,용현5동 대림아파트,,14730
402-713,인천,남구,용현5동 대우전자(주)인천공장,,14731
402-735,인천,남구,용현5동 동아아파트,,14732
402-736,인천,남구,용현5동 부성로얄아파트,,14733
402-737,인천,남구,용현5동 서해아파트,,14734
402-790,인천,남구,용현5동 신창미션힐아파트,(101∼108동),14735
402-700,인천,남구,용현5동 옹진군청,,14736
402-738,인천,남구,용현5동 우성아파트,,14737
402-739,인천,남구,용현5동 윤성아파트,,14738
402-740,인천,남구,용현5동 한국아파트,,14739
402-741,인천,남구,용현5동 한양2차아파트,(101∼103동),14740
402-742,인천,남구,용현5동 한양아파트,(1∼9동),14741
402-828,인천,남구,용현5동,300∼310,14742
402-870,인천,남구,용현5동,369∼374,14743
402-870,인천,남구,용현5동,377∼379,14744
402-834,인천,남구,용현5동,604∼632,14745
402-025,인천,남구,용현5동,,14746
402-020,인천,남구,용현동,,14747
402-722,인천,남구,주안1동 경향빌딩,,14748
402-723,인천,남구,주안1동 교보생명보험빌딩,,14749
402-725,인천,남구,주안1동 신성타워,,14750
402-724,인천,남구,주안1동 한화생명보험빌딩,,14751
402-743,인천,남구,주안1동 현대아파트,,14752
402-835,인천,남구,주안1동,1∼6,14753
402-835,인천,남구,주안1동,73∼243,14754
402-839,인천,남구,주안1동,260∼288,14755
402-839,인천,남구,주안1동,394∼400,14756
402-846,인천,남구,주안1동,478,14757
402-853,인천,남구,주안1동,1373∼1384,14758
402-853,인천,남구,주안1동,1386,14759
402-201,인천,남구,주안1동,,14760
402-844,인천,남구,주안2동,466∼477,14761
402-844,인천,남구,주안2동,479∼720,14762
402-855,인천,남구,주안2동,1417,14763
402-855,인천,남구,주안2동,1423∼1426,14764
402-857,인천,남구,주안2동,1450∼1456,14765
402-202,인천,남구,주안2동,,14766
402-845,인천,남구,주안3동,721∼843,14767
402-845,인천,남구,주안3동,845,14768
402-845,인천,남구,주안3동,870,14769
402-856,인천,남구,주안3동,1418∼1422,14770
402-845,인천,남구,주안3동,산31∼36,14771
402-203,인천,남구,주안3동,,14772
402-838,인천,남구,주안4동,244∼259,14773
402-838,인천,남구,주안4동,289∼295,14774
402-840,인천,남구,주안4동,300,14775
402-840,인천,남구,주안4동,302∼393,14776
402-843,인천,남구,주안4동,401∼465,14777
402-859,인천,남구,주안4동,1469∼1483,14778
402-859,인천,남구,주안4동,1506∼1508,14779
402-859,인천,남구,주안4동,1510∼1516,14780
402-859,인천,남구,주안4동,1533∼1562,14781
402-859,인천,남구,주안4동,1575∼1580,14782
402-861,인천,남구,주안4동,산2∼9,14783
402-204,인천,남구,주안4동,,14784
402-744,인천,남구,주안5동 광명아파트,,14785
402-745,인천,남구,주안5동 미도아파트,,14786
402-746,인천,남구,주안5동 삼덕아파트,,14787
402-748,인천,남구,주안5동 우정아파트,,14788
402-747,인천,남구,주안5동 현대홈타운아파트,(101∼105동),14789
402-836,인천,남구,주안5동,7∼35,14790
402-854,인천,남구,주안5동,1385,14791
402-854,인천,남구,주안5동,1400∼1402,14792
402-854,인천,남구,주안5동,1412∼1413,14793
402-205,인천,남구,주안5동,,14794
402-765,인천,남구,주안6동 더월드스테이트아파트,(101∼205동),14795
402-792,인천,남구,주안6동 로얄아파트,(1∼4동),14796
402-714,인천,남구,주안6동 르네상스빌딩,,14797
402-754,인천,남구,주안6동 석바위지하상가,,14798
402-837,인천,남구,주안6동,36∼72,14799
402-837,인천,남구,주안6동,296∼299,14800
402-841,인천,남구,주안6동,301,14801
402-848,인천,남구,주안6동,871∼1007,14802
402-848,인천,남구,주안6동,1238,14803
402-848,인천,남구,주안6동,1581∼1599,14804
402-206,인천,남구,주안6동,,14805
402-755,인천,남구,주안7동 로얄아파트,,14806
402-759,인천,남구,주안7동 쌍용아파트,,14807
402-756,인천,남구,주안7동 우진아파트,,14808
402-757,인천,남구,주안7동 태평아파트,,14809
402-872,인천,남구,주안7동,844,14810
402-847,인천,남구,주안7동,849,14811
402-847,인천,남구,주안7동,853∼857,14812
402-850,인천,남구,주안7동,1241,14813
402-850,인천,남구,주안7동,1250,14814
402-850,인천,남구,주안7동,1270,14815
402-850,인천,남구,주안7동,1273,14816
402-852,인천,남구,주안7동,1282∼1290,14817
402-852,인천,남구,주안7동,1297∼1358,14818
402-852,인천,남구,주안7동,1401∼1411,14819
402-852,인천,남구,주안7동,1414∼1416,14820
402-852,인천,남구,주안7동,1427∼1449,14821
402-852,인천,남구,주안7동,1457∼1463,14822
402-862,인천,남구,주안7동,산70∼75,14823
402-207,인천,남구,주안7동,,14824
402-758,인천,남구,주안8동 광명아파트,,14825
402-760,인천,남구,주안8동 신비마을아파트,,14826
402-767,인천,남구,주안8동 연흥아파트,,14827
402-842,인천,남구,주안8동 인천주안한신휴플러스아파트,(101∼201동),14828
402-797,인천,남구,주안8동 진흥아파트,,14829
402-849,인천,남구,주안8동,1008∼1237,14830
402-849,인천,남구,주안8동,1239∼1240,14831
402-849,인천,남구,주안8동,1242∼1249,14832
402-849,인천,남구,주안8동,1251∼1269,14833
402-851,인천,남구,주안8동,1271∼1272,14834
402-851,인천,남구,주안8동,1274∼1281,14835
402-851,인천,남구,주안8동,1291∼1296,14836
402-858,인천,남구,주안8동,1464∼1468,14837
402-858,인천,남구,주안8동,1484∼1505,14838
402-860,인천,남구,주안8동,1509,14839
402-860,인천,남구,주안8동,1517∼1532,14840
402-860,인천,남구,주안8동,1563∼1574,14841
402-860,인천,남구,주안8동,1600∼1606,14842
402-863,인천,남구,주안8동,산57∼69,14843
402-208,인천,남구,주안8동,,14844
402-200,인천,남구,주안동,,14845
402-770,인천,남구,학익1동 OCI주식회사,,14846
402-769,인천,남구,학익1동 대동아파트,,14847
402-788,인천,남구,학익1동 도로교통공단TBN인천교통방송,,14848
402-873,인천,남구,학익1동 동아풍림아파트,,14849
402-730,인천,남구,학익1동 엑슬루타워아파트,(101∼104동),14850
402-780,인천,남구,학익1동 영남아파트,,14851
402-781,인천,남구,학익1동 원흥아파트,,14852
402-703,인천,남구,학익1동 인천남부경찰서,,14853
402-773,인천,남구,학익1동 인천방송국,,14854
402-774,인천,남구,학익1동 장미아파트,,14855
402-775,인천,남구,학익1동 정광아파트,,14856
402-776,인천,남구,학익1동 태산아파트,,14857
402-782,인천,남구,학익1동 하나아파트,(101∼202동),14858
402-874,인천,남구,학익1동 학익풍림아이원아파트,(101∼126동),14859
402-777,인천,남구,학익1동 현광아파트,,14860
402-864,인천,남구,학익1동,71-(1),14861
402-864,인천,남구,학익1동,73∼114,14862
402-864,인천,남구,학익1동,116∼117,14863
402-864,인천,남구,학익1동,118-(2∼3),14864
402-864,인천,남구,학익1동,119-(6∼9),14865
402-864,인천,남구,학익1동,121-(2∼3),14866
402-864,인천,남구,학익1동,122-(2∼3),14867
402-864,인천,남구,학익1동,124-(2∼3),14868
402-864,인천,남구,학익1동,129∼238,14869
402-865,인천,남구,학익1동,239-(1∼13),14870
402-865,인천,남구,학익1동,315∼318,14871
402-865,인천,남구,학익1동,320∼328,14872
402-865,인천,남구,학익1동,330∼648,14873
402-868,인천,남구,학익1동,산53∼143,14874
402-041,인천,남구,학익1동,,14875
402-778,인천,남구,학익2동 서원아파트,,14876
402-779,인천,남구,학익2동 신동아아파트,,14877
402-704,인천,남구,학익2동 인천구치소,,14878
402-768,인천,남구,학익2동 인천지방검찰청,,14879
402-753,인천,남구,학익2동 인천지방법원,,14880
402-783,인천,남구,학익2동 한국아파트,,14881
402-866,인천,남구,학익2동,1∼71,14882
402-866,인천,남구,학익2동,72-(1),14883
402-866,인천,남구,학익2동,115,14884
402-866,인천,남구,학익2동,118-(1),14885
402-866,인천,남구,학익2동,119-(1∼5),14886
402-866,인천,남구,학익2동,121-(1),14887
402-866,인천,남구,학익2동,122-(1),14888
402-866,인천,남구,학익2동,123,14889
402-866,인천,남구,학익2동,124-(1),14890
402-866,인천,남구,학익2동,125∼128,14891
402-866,인천,남구,학익2동,239-(14∼19),14892
402-867,인천,남구,학익2동,240∼314,14893
402-867,인천,남구,학익2동,319,14894
402-867,인천,남구,학익2동,329,14895
402-867,인천,남구,학익2동,649∼655,14896
402-869,인천,남구,학익2동,산1∼52,14897
402-042,인천,남구,학익2동,,14898
402-040,인천,남구,학익동,,14899
405-776,인천,남동구,간석1동 KT인천지사,,14900
405-705,인천,남동구,간석1동 극동아파트,,14901
405-706,인천,남동구,간석1동 금호아파트,,14902
405-707,인천,남동구,간석1동 남인천우체국,,14903
405-714,인천,남동구,간석1동 한진아파트,,14904
405-709,인천,남동구,간석1동 현대홈타운아파트,,14905
405-807,인천,남동구,간석1동,272∼293,14906
405-807,인천,남동구,간석1동,308∼343,14907
405-809,인천,남동구,간석1동,345∼356,14908
405-809,인천,남동구,간석1동,399∼525,14909
405-811,인천,남동구,간석1동,531∼535,14910
405-811,인천,남동구,간석1동,537∼558,14911
405-814,인천,남동구,간석1동,900∼909,14912
405-231,인천,남동구,간석1동,,14913
405-751,인천,남동구,간석2동 간석래미안자이아파트,(101∼128동),14914
405-717,인천,남동구,간석2동 금호어울림아파트,(101∼118동),14915
405-718,인천,남동구,간석2동 우신아파트,,14916
405-802,인천,남동구,간석2동,126∼169,14917
405-803,인천,남동구,간석2동,173∼210,14918
405-808,인천,남동구,간석2동,294∼307,14919
405-808,인천,남동구,간석2동,344,14920
405-232,인천,남동구,간석2동,,14921
405-719,인천,남동구,간석3동 두진아파트,,14922
405-720,인천,남동구,간석3동 신한아파트,,14923
405-723,인천,남동구,간석3동 인천메트로,,14924
405-724,인천,남동구,간석3동 태화아파트,,14925
405-725,인천,남동구,간석3동 팬더아파트,,14926
405-800,인천,남동구,간석3동,1∼71,14927
405-801,인천,남동구,간석3동,72∼125,14928
405-801,인천,남동구,간석3동,170∼172,14929
405-805,인천,남동구,간석3동,224∼225,14930
405-812,인천,남동구,간석3동,768∼775,14931
405-815,인천,남동구,간석3동,910∼921,14932
405-233,인천,남동구,간석3동,,14933
405-713,인천,남동구,간석4동 간석신동아파밀리에명품아파트,(101∼105동),14934
405-708,인천,남동구,간석4동 범양아파트,,14935
405-710,인천,남동구,간석4동 영남아파트,,14936
405-752,인천,남동구,간석4동 우성아파트,,14937
405-726,인천,남동구,간석4동 풍림아이원아파트,,14938
405-715,인천,남동구,간석4동 현광아파트,,14939
405-716,인천,남동구,간석4동 현대아파트,,14940
405-804,인천,남동구,간석4동,211∼223,14941
405-806,인천,남동구,간석4동,226∼271,14942
405-806,인천,남동구,간석4동,378∼395,14943
405-810,인천,남동구,간석4동,526∼530,14944
405-810,인천,남동구,간석4동,536,14945
405-810,인천,남동구,간석4동,570∼767,14946
405-813,인천,남동구,간석4동,776∼895,14947
405-234,인천,남동구,간석4동,,14948
405-230,인천,남동구,간석동,,14949
405-727,인천,남동구,고잔동 남동공단산업용품상가,,14950
405-816,인천,남동구,고잔동,1∼80,14951
405-816,인천,남동구,고잔동,128∼534,14952
405-817,인천,남동구,고잔동,535∼580,14953
405-817,인천,남동구,고잔동,591∼649,14954
405-818,인천,남동구,고잔동,650∼666,14955
405-819,인천,남동구,고잔동,667∼682,14956
405-820,인천,남동구,고잔동,683∼701,14957
405-821,인천,남동구,고잔동,702∼722,14958
405-822,인천,남동구,고잔동,723∼971,14959
405-310,인천,남동구,고잔동,,14960
405-760,인천,남동구,구월1동 가천의과대학교길병원,,14961
405-729,인천,남동구,구월1동 남인천세무서,,14962
405-730,인천,남동구,구월1동 농협교육청출장소,,14963
405-731,인천,남동구,구월1동 동아아파트,,14964
405-792,인천,남동구,구월1동 롯데백화점,,14965
405-750,인천,남동구,구월1동 시의회,,14966
405-790,인천,남동구,구월1동 인천지방경찰청,,14967
405-750,인천,남동구,구월1동 인천광역시청,,14968
405-703,인천,남동구,구월1동 인천남동경찰서,,14969
405-704,인천,남동구,구월1동 인천시교육청,,14970
405-704,인천,남동구,구월1동 중앙도서관,,14971
405-732,인천,남동구,구월1동 팬더아파트,,14972
405-711,인천,남동구,구월1동 한미은행,,14973
405-722,인천,남동구,구월1동 현대해상화재보험빌딩,,14974
405-827,인천,남동구,구월1동,201∼300,14975
405-831,인천,남동구,구월1동,400∼600,14976
405-833,인천,남동구,구월1동,701∼1010,14977
405-835,인천,남동구,구월1동,1124∼1205,14978
405-837,인천,남동구,구월1동,1206∼1240,14979
405-841,인천,남동구,구월1동,1409∼1466,14980
405-221,인천,남동구,구월1동,,14981
405-761,인천,남동구,구월2동 구월힐스테이트&롯데캐슬골드아파트,(1101∼1511동),14982
405-779,인천,남동구,구월2동 구월힐스테이트아파트,(3101∼3105동),14983
405-734,인천,남동구,구월2동 롯데캐슬골드아파트,(2101∼2411동),14984
405-823,인천,남동구,구월2동,1∼62,14985
405-826,인천,남동구,구월2동,64∼100,14986
405-828,인천,남동구,구월2동,301∼343,14987
405-828,인천,남동구,구월2동,1241∼1254,14988
405-222,인천,남동구,구월2동,,14989
405-721,인천,남동구,구월3동 건설회관빌딩,,14990
405-824,인천,남동구,구월3동,63,14991
405-824,인천,남동구,구월3동,1011∼1123,14992
405-840,인천,남동구,구월3동,1321∼1408,14993
405-223,인천,남동구,구월3동,,14994
405-700,인천,남동구,구월4동 인천광역시미추홀도서관,,14995
405-829,인천,남동구,구월4동,344∼363,14996
405-830,인천,남동구,구월4동,364∼399,14997
405-832,인천,남동구,구월4동,601∼700,14998
405-839,인천,남동구,구월4동,1255∼1320,14999
405-224,인천,남동구,구월4동,,15000
405-220,인천,남동구,구월동,,15001
405-737,인천,남동구,남촌동 청호아파트,,15002
405-735,인천,남동구,남촌동 풍림아파트,,15003
405-842,인천,남동구,남촌동,1∼119,15004
405-843,인천,남동구,남촌동,120∼311,15005
405-844,인천,남동구,남촌동,312∼419,15006
405-845,인천,남동구,남촌동,420∼605,15007
405-846,인천,남동구,남촌동,606∼624,15008
405-100,인천,남동구,남촌동,,15009
405-797,인천,남동구,논현동 냇마을신영지웰아파트,(901∼910동),15010
405-789,인천,남동구,논현동 논현휴먼시아1단지숲속마을아파트,(101∼111동),15011
405-788,인천,남동구,논현동 논현휴먼시아2단지범마을아파트,(201∼212동),15012
405-795,인천,남동구,논현동 논현휴먼시아5단지아파트,(501∼515동),15013
405-739,인천,남동구,논현동 논현힐스테이트아파트,(101∼105동),15014
405-784,인천,남동구,논현동 단풍마을휴먼시아11단지,(1101∼1111동),15015
405-796,인천,남동구,논현동 동산마을주공아파트,(801∼810동),15016
405-787,인천,남동구,논현동 등대마을논현주공14단지아파트,(1401∼1413동),15017
405-780,인천,남동구,논현동 별빛마을웰카운티아파트,(1001∼1009동),15018
405-798,인천,남동구,논현동 산뒤마을주공아파트,(1201∼1206동),15019
405-783,인천,남동구,논현동 새터마을신일해피트리아파트,(701∼712동),15020
405-778,인천,남동구,논현동 소래풍림아파트,(101∼120동),15021
405-781,인천,남동구,논현동 어진마을한화꿈에그린아파트,(601∼613동),15022
405-777,인천,남동구,논현동 인천상공회의소,,15023
405-736,인천,남동구,논현동 주공아파트,(101∼214동),15024
405-799,인천,남동구,논현동 푸르내마을주공아파트,(1301∼1309동),15025
405-786,인천,남동구,논현동 하늘마을3단지아파트,(301∼320동),15026
405-885,인천,남동구,논현동 한화에코메트로5단지,(501∼508동),15027
405-886,인천,남동구,논현동 한화에코메트로6단지,(601∼607동),15028
405-887,인천,남동구,논현동 한화에코메트로7단지,(701∼707동),15029
405-889,인천,남동구,논현동 한화에코메트로9단지,(901∼906동),15030
405-890,인천,남동구,논현동 한화에코메트로10단지,(1001∼1005동),15031
405-793,인천,남동구,논현동 한화에코메트로11단지아파트,(1101∼1120동),15032
405-794,인천,남동구,논현동 한화에코메트로12단지아파트,(1201∼1216동),15033
405-847,인천,남동구,논현동,1∼310,15034
405-848,인천,남동구,논현동,311∼438,15035
405-849,인천,남동구,논현동,439∼478,15036
405-850,인천,남동구,논현동,479∼564,15037
405-825,인천,남동구,논현동,579∼680,15038
405-851,인천,남동구,논현동,산1∼30,15039
405-300,인천,남동구,논현동,,15040
405-785,인천,남동구,도림동 주공아파트,(101∼208동),15041
405-280,인천,남동구,도림동,,15042
405-712,인천,남동구,만수1동 건설기술교육원,,15043
405-738,인천,남동구,만수1동 남동등기소,,15044
405-740,인천,남동구,만수1동 삼환아파트1단지,(101∼106동),15045
405-741,인천,남동구,만수1동 삼환아파트2단지,(201∼205동),15046
405-772,인천,남동구,만수1동 주공아파트,(701∼709동),15047
405-770,인천,남동구,만수1동 주공아파트,(801∼808동),15048
405-858,인천,남동구,만수1동,301∼500,15049
405-863,인천,남동구,만수1동,927∼939,15050
405-865,인천,남동구,만수1동,948∼983,15051
405-867,인천,남동구,만수1동,1005,15052
405-867,인천,남동구,만수1동,1071∼1072,15053
405-241,인천,남동구,만수1동,,15054
405-742,인천,남동구,만수2동 구대동아파트,(1∼5동),15055
405-743,인천,남동구,만수2동 구신한아파트,(A∼B동),15056
405-745,인천,남동구,만수2동 삼부아파트,,15057
405-746,인천,남동구,만수2동 성신아파트,,15058
405-747,인천,남동구,만수2동 신대동아파트,(1∼6동),15059
405-774,인천,남동구,만수2동 신동아아파트,,15060
405-748,인천,남동구,만수2동 아주아파트,,15061
405-744,인천,남동구,만수2동 주공아파트,(1101∼1111동),15062
405-754,인천,남동구,만수2동 향촌휴먼시아1단지아파트,(101∼138동),15063
405-852,인천,남동구,만수2동,1∼7,15064
405-852,인천,남동구,만수2동,30,15065
405-856,인천,남동구,만수2동,68∼81,15066
405-856,인천,남동구,만수2동,101∼106,15067
405-861,인천,남동구,만수2동,867∼874,15068
405-861,인천,남동구,만수2동,1106∼1113,15069
405-242,인천,남동구,만수2동,,15070
405-749,인천,남동구,만수3동 벽산아파트,,15071
405-753,인천,남동구,만수3동 영풍아파트,,15072
405-853,인천,남동구,만수3동,8,15073
405-853,인천,남동구,만수3동,107∼300,15074
405-860,인천,남동구,만수3동,800∼866,15075
405-243,인천,남동구,만수3동,,15076
405-771,인천,남동구,만수4동 주공아파트,(101∼621동),15077
405-854,인천,남동구,만수4동,9∼29,15078
405-855,인천,남동구,만수4동,31∼67,15079
405-857,인천,남동구,만수4동,82∼100,15080
405-244,인천,남동구,만수4동,,15081
405-755,인천,남동구,만수5동 효성상아아파트,,15082
405-862,인천,남동구,만수5동,875∼926,15083
405-864,인천,남동구,만수5동,940∼947,15084
405-245,인천,남동구,만수5동,,15085
405-756,인천,남동구,만수6동 광명아파트,,15086
405-757,인천,남동구,만수6동 금호아파트,,15087
405-702,인천,남동구,만수6동 남동구보건소,,15088
405-702,인천,남동구,만수6동 남동구청,,15089
405-764,인천,남동구,만수6동 남동아파트,(101∼106동),15090
405-758,인천,남동구,만수6동 뉴서울아파트,,15091
405-759,인천,남동구,만수6동 담방마을아파트,,15092
405-762,인천,남동구,만수6동 대동아파트,,15093
405-763,인천,남동구,만수6동 삼익아파트,,15094
405-765,인천,남동구,만수6동 이삭아파트,(101∼201동),15095
405-773,인천,남동구,만수6동 주공아파트,(901∼1003동),15096
405-766,인천,남동구,만수6동 진흥아파트,,15097
405-767,인천,남동구,만수6동 한국아파트,,15098
405-768,인천,남동구,만수6동 현대아파트,,15099
405-859,인천,남동구,만수6동,507∼799,15100
405-866,인천,남동구,만수6동,984∼1004,15101
405-868,인천,남동구,만수6동,1006∼1070,15102
405-869,인천,남동구,만수6동,1073∼1105,15103
405-246,인천,남동구,만수6동,,15104
405-240,인천,남동구,만수동,,15105
405-701,인천,남동구,서창동 서창서해그랑블아파트,(101∼105동),15106
405-728,인천,남동구,서창동 서창임광그대가아파트,(101∼118동),15107
405-733,인천,남동구,서창동 서창자이아파트,(101∼107동),15108
405-769,인천,남동구,서창동 태평1차아파트,(101∼105동),15109
405-775,인천,남동구,서창동 태평2차아파트,(201∼206동),15110
405-782,인천,남동구,서창동 현대모닝사이드아파트,(301∼308동),15111
405-870,인천,남동구,서창동,1∼431,15112
405-871,인천,남동구,서창동,432∼538,15113
405-872,인천,남동구,서창동,산1∼29,15114
405-260,인천,남동구,서창동,,15115
405-290,인천,남동구,수산동,,15116
405-270,인천,남동구,운연동,,15117
405-250,인천,남동구,장수동,,15118
405-600,인천,남동구,남인천우체국사서함,,15119
401-060,인천,동구,금곡동,,15120
401-731,인천,동구,만석동 주공아파트,,15121
401-010,인천,동구,만석동,,15122
401-811,인천,동구,송림1동,169∼174,15123
401-812,인천,동구,송림1동,178∼259,15124
401-071,인천,동구,송림1동,,15125
401-701,인천,동구,송림2동 동구청,,15126
401-813,인천,동구,송림2동,53∼57,15127
401-814,인천,동구,송림2동,105∼118,15128
401-815,인천,동구,송림2동,133∼168,15129
401-815,인천,동구,송림2동,175∼177,15130
401-072,인천,동구,송림2동,,15131
401-816,인천,동구,송림3.5동,45∼47,15132
401-817,인천,동구,송림3.5동,59∼94,15133
401-818,인천,동구,송림3.5동,95∼103,15134
401-073,인천,동구,송림3.5동,,15135
401-722,인천,동구,송림4동 산업유통센터,,15136
401-721,인천,동구,송림4동 송림동공구상가,,15137
401-713,인천,동구,송림4동 송림휴먼시아1단지아파트,(101∼111동),15138
401-714,인천,동구,송림4동 재능대학,,15139
401-819,인천,동구,송림4동,1∼7,15140
401-820,인천,동구,송림4동,36∼37,15141
401-821,인천,동구,송림4동,290∼334,15142
401-074,인천,동구,송림4동,,15143
401-732,인천,동구,송림6동 송림풍림아이원아파트,(101∼120동),15144
401-822,인천,동구,송림6동,8∼9,15145
401-823,인천,동구,송림6동,49∼51,15146
401-076,인천,동구,송림6동,,15147
401-711,인천,동구,송림동 인천광역시의료원,,15148
401-070,인천,동구,송림동,,15149
401-761,인천,동구,송현1.2동 동부아파트,(1∼10동),15150
401-706,인천,동구,송현1.2동 삼두2차아파트,(3∼6동),15151
401-762,인천,동구,송현1.2동 솔빛마을주공1차아파트,(101∼127동),15152
401-763,인천,동구,송현1.2동 솔빛주공2차아파트,(201∼206동),15153
401-809,인천,동구,송현1.2동,36∼65,15154
401-808,인천,동구,송현1.2동,66-(1),15155
401-809,인천,동구,송현1.2동,102∼116,15156
401-041,인천,동구,송현1.2동,,15157
401-704,인천,동구,송현3동 산업유통센터,(1∼8동),15158
401-705,인천,동구,송현3동 산업유통센터,(32∼39동),15159
401-751,인천,동구,송현3동 송현아파트,(1∼22동),15160
401-712,인천,동구,송현3동 아이앤아이스틸(주),,15161
401-752,인천,동구,송현3동 주공아파트,(101∼108동),15162
401-800,인천,동구,송현3동,1∼19,15163
401-801,인천,동구,송현3동,129,15164
401-043,인천,동구,송현3동,,15165
401-040,인천,동구,송현동,,15166
401-707,인천,동구,창영동 인천세무서,,15167
401-802,인천,동구,창영동,1∼106,15168
401-805,인천,동구,창영동,107∼116,15169
401-050,인천,동구,창영동,,15170
401-702,인천,동구,화수동 두산인프라코어(주),,15171
401-804,인천,동구,화수동,1∼111,15172
401-803,인천,동구,화수동,112∼310,15173
401-806,인천,동구,화수동,311∼318,15174
401-020,인천,동구,화수동,,15175
401-030,인천,동구,화평동,,15176
403-703,인천,부평구,갈산1동 태화아파트,(101∼106동),15177
403-704,인천,부평구,갈산1동 한국아파트,(101∼106동),15178
403-746,인천,부평구,갈산1동 한국전력인천본부,,15179
403-800,인천,부평구,갈산1동,1∼100,15180
403-801,인천,부평구,갈산1동,101∼177,15181
403-802,인천,부평구,갈산1동,178∼358,15182
403-802,인천,부평구,갈산1동,403∼454,15183
403-081,인천,부평구,갈산1동,,15184
403-706,인천,부평구,갈산2동 대동1차아파트,(101∼204동),15185
403-706,인천,부평구,갈산2동 대동2차아파트,(101∼204동),15186
403-787,인천,부평구,갈산2동 동남아파트,,15187
403-707,인천,부평구,갈산2동 동아아파트,,15188
403-789,인천,부평구,갈산2동 두산아파트,(101∼107동),15189
403-788,인천,부평구,갈산2동 아주아파트,(1∼4동),15190
403-751,인천,부평구,갈산2동 주공1단지아파트,(101∼109동),15191
403-708,인천,부평구,갈산2동 주공2단지아파트,(201∼204동),15192
403-709,인천,부평구,갈산2동 태화아파트,(1∼7동),15193
403-710,인천,부평구,갈산2동 팬더아파트,,15194
403-786,인천,부평구,갈산2동 하나아파트,(101∼105동),15195
403-769,인천,부평구,갈산2동 한국아파트,(101∼102동),15196
403-803,인천,부평구,갈산2동,359∼361,15197
403-804,인천,부평구,갈산2동,362∼369,15198
403-805,인천,부평구,갈산2동,370∼402,15199
403-082,인천,부평구,갈산2동,,15200
403-080,인천,부평구,갈산동,,15201
403-799,인천,부평구,구산동 사서함,317,15202
403-712,인천,부평구,구산동 중앙병원,,15203
403-790,인천,부평구,구산동 충성아파트,,15204
403-711,인천,부평구,구산동 한국산업안전공단,,15205
403-719,인천,부평구,구산동 한국폴리텍II대학,,15206
403-120,인천,부평구,구산동,,15207
403-721,인천,부평구,부개1동 한국아파트,,15208
403-810,인천,부평구,부개1동,211∼316,15209
403-811,인천,부평구,부개1동,317∼476,15210
403-812,인천,부평구,부개1동,643,15211
403-101,인천,부평구,부개1동,,15212
403-723,인천,부평구,부개2동 대동아파트,,15213
403-774,인천,부평구,부개2동 부개역푸르지오아파트,(101∼112동),15214
403-724,인천,부평구,부개2동 성일아파트,,15215
403-725,인천,부평구,부개2동 주공아파트,(701∼713동),15216
403-807,인천,부평구,부개2동,70∼135,15217
403-808,인천,부평구,부개2동,136∼199,15218
403-808,인천,부평구,부개2동,201∼210,15219
403-814,인천,부평구,부개2동,489∼494,15220
403-102,인천,부평구,부개2동,,15221
403-726,인천,부평구,부개3동 뉴서울아파트,,15222
403-727,인천,부평구,부개3동 삼부아파트,,15223
403-728,인천,부평구,부개3동 상우신명아파트,,15224
403-756,인천,부평구,부개3동 주공아파트,(101∼111동),15225
403-729,인천,부평구,부개3동 주공아파트,(201∼204동),15226
403-730,인천,부평구,부개3동 주공아파트,(301∼319동),15227
403-731,인천,부평구,부개3동 주공아파트,(501∼513동),15228
403-732,인천,부평구,부개3동 주공아파트,(601∼614동),15229
403-727,인천,부평구,부개3동 한신아파트,,15230
403-806,인천,부평구,부개3동,12∼69,15231
403-813,인천,부평구,부개3동,477∼486,15232
403-815,인천,부평구,부개3동,496∼498,15233
403-103,인천,부평구,부개3동,,15234
403-798,인천,부평구,부개동 사서함,803,15235
403-100,인천,부평구,부개동,,15236
403-733,인천,부평구,부평1동 금남빌딩,,15237
403-763,인천,부평구,부평1동 대림아파트,,15238
403-734,인천,부평구,부평1동 대우아파트,,15239
403-761,인천,부평구,부평1동 동아1단지아파트,(1∼13동),15240
403-761,인천,부평구,부평1동 동아1단지아파트,(24∼27동),15241
403-762,인천,부평구,부평1동 동아2단지아파트,(14∼23동),15242
403-762,인천,부평구,부평1동 동아2단지아파트,(28∼39동),15243
403-713,인천,부평구,부평1동 롯데백화점,,15244
403-736,인천,부평구,부평1동 북부교육청,,15245
403-011,인천,부평구,부평1동 북인천우체국,,15246
403-791,인천,부평구,부평1동 삼성생명빌딩,,15247
403-738,인천,부평구,부평1동 성일로지하상가,,15248
403-722,인천,부평구,부평1동 신광빌딩,,15249
403-739,인천,부평구,부평1동 욱일아파트,,15250
403-740,인천,부평구,부평1동 코아빌딩,,15251
403-735,인천,부평구,부평1동 한화생명빌딩,,15252
403-818,인천,부평구,부평1동,38,15253
403-818,인천,부평구,부평1동,41∼65,15254
403-818,인천,부평구,부평1동,70∼84,15255
403-819,인천,부평구,부평1동,85∼96,15256
403-819,인천,부평구,부평1동,100∼101,15257
403-819,인천,부평구,부평1동,179∼185,15258
403-819,인천,부평구,부평1동,224,15259
403-819,인천,부평구,부평1동,251,15260
403-819,인천,부평구,부평1동,261∼262,15261
403-819,인천,부평구,부평1동,329∼388,15262
403-819,인천,부평구,부평1동,451,15263
403-819,인천,부평구,부평1동,464∼465,15264
403-825,인천,부평구,부평1동,529∼532,15265
403-859,인천,부평구,부평1동,534∼546,15266
403-825,인천,부평구,부평1동,549,15267
403-825,인천,부평구,부평1동,738-(21),15268
403-825,인천,부평구,부평1동,798∼799,15269
403-011,인천,부평구,부평1동,,15270
403-829,인천,부평구,부평2동,671∼678,15271
403-830,인천,부평구,부평2동,715,15272
403-830,인천,부평구,부평2동,738∼739,15273
403-830,인천,부평구,부평2동,743∼753,15274
403-831,인천,부평구,부평2동,754∼763,15275
403-831,인천,부평구,부평2동,767∼768,15276
403-829,인천,부평구,부평2동,산43∼60,15277
403-829,인천,부평구,부평2동,산182,15278
403-012,인천,부평구,부평2동,,15279
403-822,인천,부평구,부평3동,170,15280
403-822,인천,부평구,부평3동,172∼186,15281
403-822,인천,부평구,부평3동,270∼280,15282
403-823,인천,부평구,부평3동,281∼284,15283
403-823,인천,부평구,부평3동,568∼572,15284
403-823,인천,부평구,부평3동,766∼768,15285
403-823,인천,부평구,부평3동,773∼794,15286
403-823,인천,부평구,부평3동,산33∼34,15287
403-013,인천,부평구,부평3동,,15288
403-701,인천,부평구,부평4동 부평구청,,15289
403-741,인천,부평구,부평4동 북구도서관,,15290
403-742,인천,부평구,부평4동 성업공사인천지사,,15291
403-715,인천,부평구,부평4동 여산빌딩,,15292
403-743,인천,부평구,부평4동 현대증권빌딩,,15293
403-816,인천,부평구,부평4동,10,15294
403-816,인천,부평구,부평4동,12∼49,15295
403-820,인천,부평구,부평4동,108∼110,15296
403-820,인천,부평구,부평4동,114,15297
403-820,인천,부평구,부평4동,119,15298
403-820,인천,부평구,부평4동,136,15299
403-820,인천,부평구,부평4동,138,15300
403-820,인천,부평구,부평4동,202∼207,15301
403-820,인천,부평구,부평4동,210∼222,15302
403-820,인천,부평구,부평4동,229∼235,15303
403-820,인천,부평구,부평4동,240∼250,15304
403-820,인천,부평구,부평4동,252,15305
403-826,인천,부평구,부평4동,370,15306
403-826,인천,부평구,부평4동,372∼375,15307
403-826,인천,부평구,부평4동,377∼379,15308
403-826,인천,부평구,부평4동,396∼442,15309
403-860,인천,부평구,부평4동,879∼914,15310
403-014,인천,부평구,부평4동,,15311
403-792,인천,부평구,부평5동 가나빌딩,,15312
403-796,인천,부평구,부평5동 금호베스트빌아파트,,15313
403-793,인천,부평구,부평5동 보아빌딩,,15314
403-794,인천,부평구,부평5동 상록빌딩,,15315
403-744,인천,부평구,부평5동 신라저축은행빌딩,,15316
403-745,인천,부평구,부평5동 우리은행,,15317
403-795,인천,부평구,부평5동 유진빌딩,,15318
403-817,인천,부평구,부평5동,10,15319
403-817,인천,부평구,부평5동,97∼99,15320
403-817,인천,부평구,부평5동,104∼105,15321
403-817,인천,부평구,부평5동,112∼113,15322
403-817,인천,부평구,부평5동,115∼116,15323
403-817,인천,부평구,부평5동,118∼119,15324
403-817,인천,부평구,부평5동,124∼136,15325
403-817,인천,부평구,부평5동,139∼145,15326
403-821,인천,부평구,부평5동,146∼169,15327
403-821,인천,부평구,부평5동,171∼177,15328
403-821,인천,부평구,부평5동,188∼201,15329
403-821,인천,부평구,부평5동,208∼209,15330
403-821,인천,부평구,부평5동,226∼228,15331
403-821,인천,부평구,부평5동,235,15332
403-821,인천,부평구,부평5동,237∼238,15333
403-824,인천,부평구,부평5동,356∼369,15334
403-824,인천,부평구,부평5동,371,15335
403-824,인천,부평구,부평5동,376,15336
403-824,인천,부평구,부평5동,381∼395,15337
403-824,인천,부평구,부평5동,443∼450,15338
403-824,인천,부평구,부평5동,452∼463,15339
403-824,인천,부평구,부평5동,466∼515,15340
403-824,인천,부평구,부평5동,517∼528,15341
403-824,인천,부평구,부평5동,533,15342
403-824,인천,부평구,부평5동,547∼548,15343
403-824,인천,부평구,부평5동,550∼577,15344
403-824,인천,부평구,부평5동,579∼602,15345
403-015,인천,부평구,부평5동,,15346
403-720,인천,부평구,부평6동 가톨릭대학교인천성모병원,,15347
403-770,인천,부평구,부평6동 부평LH1단지아파트,(101∼104동),15348
403-770,인천,부평구,부평6동 부평LH2단지아파트,(201∼212동),15349
403-827,인천,부평구,부평6동,604∼629,15350
403-828,인천,부평구,부평6동,630∼670,15351
403-828,인천,부평구,부평6동,684∼711,15352
403-828,인천,부평구,부평6동,716∼737,15353
403-828,인천,부평구,부평6동,740∼742,15354
403-016,인천,부평구,부평6동,,15355
403-010,인천,부평구,부평동,,15356
403-797,인천,부평구,산곡1동 현대아파트,(101∼201동),15357
403-832,인천,부평구,산곡1동,2∼78,15358
403-833,인천,부평구,산곡1동,79∼88,15359
403-833,인천,부평구,산곡1동,126∼127,15360
403-833,인천,부평구,산곡1동,146,15361
403-833,인천,부평구,산곡1동,179∼181,15362
403-833,인천,부평구,산곡1동,199,15363
403-833,인천,부평구,산곡1동,산92,15364
403-021,인천,부평구,산곡1동,,15365
403-771,인천,부평구,산곡2동 경남3차아파트,(301∼503동),15366
403-771,인천,부평구,산곡2동 경남5차아파트,(301∼503동),15367
403-914,인천,부평구,산곡2동 금호이수마운트밸리아파트,(101∼209동),15368
403-772,인천,부평구,산곡2동 뉴서울1차아파트,(101∼204동),15369
403-772,인천,부평구,산곡2동 뉴서울2차아파트,(101∼204동),15370
403-780,인천,부평구,산곡2동 산곡푸르지오아파트,(101∼107동),15371
403-778,인천,부평구,산곡2동 한신휴아파트,(101∼105동),15372
403-779,인천,부평구,산곡2동 한양7차아파트,(101∼102동),15373
403-779,인천,부평구,산곡2동 한양8차아파트,(101∼102동),15374
403-747,인천,부평구,산곡2동 한양아파트,(1∼26동),15375
403-773,인천,부평구,산곡2동 한화1단지아파트,(101∼219동),15376
403-773,인천,부평구,산곡2동 한화2단지아파트,(101∼219동),15377
403-834,인천,부평구,산곡2동,89∼123,15378
403-836,인천,부평구,산곡2동,128∼133,15379
403-836,인천,부평구,산곡2동,145,15380
403-836,인천,부평구,산곡2동,152∼159,15381
403-836,인천,부평구,산곡2동,182∼185,15382
403-837,인천,부평구,산곡2동,191∼198,15383
403-837,인천,부평구,산곡2동,202∼265,15384
403-837,인천,부평구,산곡2동,289,15385
403-022,인천,부평구,산곡2동,,15386
403-716,인천,부평구,산곡3동 2001아울렛부평점,,15387
403-749,인천,부평구,산곡3동 우성4차아파트,(401∼405동),15388
403-775,인천,부평구,산곡3동 현대1차아파트,(101∼123동),15389
403-776,인천,부평구,산곡3동 현대2차아파트,(201∼213동),15390
403-777,인천,부평구,산곡3동 현대3차아파트,(301∼314동),15391
403-839,인천,부평구,산곡3동,305∼318,15392
403-840,인천,부평구,산곡3동,319∼371,15393
403-840,인천,부평구,산곡3동,392,15394
403-839,인천,부평구,산곡3동,산37∼53,15395
403-023,인천,부평구,산곡3동,,15396
403-750,인천,부평구,산곡4동 KT부평지사,,15397
403-781,인천,부평구,산곡4동 경남1차아파트,(101∼107동),15398
403-782,인천,부평구,산곡4동 경남2차아파트,(201∼208동),15399
403-783,인천,부평구,산곡4동 경남4차아파트,(401∼411동),15400
403-784,인천,부평구,산곡4동 우성아파트,,15401
403-785,인천,부평구,산곡4동 현대5차아파트,(501∼509동),15402
403-835,인천,부평구,산곡4동,124,15403
403-835,인천,부평구,산곡4동,134∼143,15404
403-835,인천,부평구,산곡4동,274∼284,15405
403-838,인천,부평구,산곡4동,294∼295,15406
403-838,인천,부평구,산곡4동,391,15407
403-838,인천,부평구,산곡4동,408∼412,15408
403-024,인천,부평구,산곡4동,,15409
403-020,인천,부평구,산곡동,,15410
403-737,인천,부평구,삼산1동 삼산3휴먼시아1단지아파트,(101∼111동),15411
403-913,인천,부평구,삼산1동 엠코타운아파트,(101∼109동),15412
403-753,인천,부평구,삼산1동 주공미래타운1단지,(101∼107동),15413
403-754,인천,부평구,삼산1동 주공미래타운2단지,(201∼206동),15414
403-755,인천,부평구,삼산1동 주공미래타운3단지,(301∼312동),15415
403-757,인천,부평구,삼산1동 주공미래타운4단지,(401∼410동),15416
403-758,인천,부평구,삼산1동 주공미래타운5단지,(501∼509동),15417
403-752,인천,부평구,삼산1동 주공아파트,(101∼106동),15418
403-861,인천,부평구,삼산1동,1∼65,15419
403-862,인천,부평구,삼산1동,74∼196,15420
403-863,인천,부평구,삼산1동,197∼206,15421
403-863,인천,부평구,삼산1동,207∼226,15422
403-861,인천,부평구,삼산1동,227∼234,15423
403-863,인천,부평구,삼산1동,235∼299,15424
403-861,인천,부평구,삼산1동,302∼371,15425
403-864,인천,부평구,삼산1동,372∼395,15426
403-864,인천,부평구,삼산1동,407∼425,15427
403-091,인천,부평구,삼산1동,,15428
403-909,인천,부평구,삼산2동 삼산타운2단지,(201∼222동),15429
403-905,인천,부평구,삼산2동 삼산타운6단지,(601∼610동),15430
403-906,인천,부평구,삼산2동 삼산타운7단지,(701∼715동),15431
403-908,인천,부평구,삼산2동 삼산타운주공아파트1단지,(101∼120동),15432
403-910,인천,부평구,삼산2동 삼산타운주공아파트4단지,(401∼415동),15433
403-900,인천,부평구,삼산2동 서해아파트,(501∼512동),15434
403-901,인천,부평구,삼산2동 신성아파트,(301∼314동),15435
403-912,인천,부평구,삼산2동 인천삼산경찰서,,15436
403-865,인천,부평구,삼산2동,426∼440,15437
403-866,인천,부평구,삼산2동,441∼512,15438
403-092,인천,부평구,삼산2동,,15439
403-090,인천,부평구,삼산동,,15440
403-907,인천,부평구,십정1동 주공아파트,,15441
403-843,인천,부평구,십정1동,1∼190,15442
403-844,인천,부평구,십정1동,191∼296,15443
403-846,인천,부평구,십정1동,298,15444
403-846,인천,부평구,십정1동,299∼300,15445
403-846,인천,부평구,십정1동,305,15446
403-846,인천,부평구,십정1동,307∼309,15447
403-847,인천,부평구,십정1동,312∼314,15448
403-847,인천,부평구,십정1동,320∼361,15449
403-847,인천,부평구,십정1동,375∼386,15450
403-847,인천,부평구,십정1동,394∼395,15451
403-847,인천,부평구,십정1동,557∼569,15452
403-850,인천,부평구,십정1동,산16∼26,15453
403-131,인천,부평구,십정1동,,15454
403-759,인천,부평구,십정2동 신동아아파트,,15455
403-845,인천,부평구,십정2동,297,15456
403-845,인천,부평구,십정2동,301∼304,15457
403-845,인천,부평구,십정2동,306,15458
403-845,인천,부평구,십정2동,315∼319,15459
403-845,인천,부평구,십정2동,362∼363,15460
403-845,인천,부평구,십정2동,387∼393,15461
403-845,인천,부평구,십정2동,396∼400,15462
403-848,인천,부평구,십정2동,401∼462,15463
403-849,인천,부평구,십정2동,463∼545,15464
403-849,인천,부평구,십정2동,570∼591,15465
403-851,인천,부평구,십정2동,산39∼48,15466
403-852,인천,부평구,십정2동,산53,15467
403-132,인천,부평구,십정2동,,15468
403-130,인천,부평구,십정동,,15469
403-764,인천,부평구,일신동 주공아파트,,15470
403-760,인천,부평구,일신동 풍림아파트,,15471
403-110,인천,부평구,일신동,,15472
403-854,인천,부평구,청천1동,1∼2,15473
403-854,인천,부평구,청천1동,12∼56,15474
403-855,인천,부평구,청천1동,57∼93,15475
403-856,인천,부평구,청천1동,94∼172,15476
403-856,인천,부평구,청천1동,181∼188,15477
403-031,인천,부평구,청천1동,,15478
403-765,인천,부평구,청천2동 금호아파트,,15479
403-767,인천,부평구,청천2동 대우자동차판매,,15480
403-768,인천,부평구,청천2동 동서식품,,15481
403-911,인천,부평구,청천2동 부평우림라이온스밸리,,15482
403-718,인천,부평구,청천2동 삼익악기(주),,15483
403-717,인천,부평구,청천2동 세림병원,,15484
403-702,인천,부평구,청천2동 인천부평경찰서,,15485
403-766,인천,부평구,청천2동 청천푸르지오아파트,(101∼123동),15486
403-714,인천,부평구,청천2동 한국지엠주식회사,,15487
403-853,인천,부평구,청천2동,3∼11,15488
403-853,인천,부평구,청천2동,173∼180,15489
403-857,인천,부평구,청천2동,190∼192,15490
403-857,인천,부평구,청천2동,199∼200,15491
403-858,인천,부평구,청천2동,201∼440,15492
403-032,인천,부평구,청천2동,,15493
403-601,인천,부평구,청천동 사서함,150,15494
403-030,인천,부평구,청천동,,15495
403-600,인천,부평구,북인천우체국사서함,,15496
404-800,인천,서구,가정1동,1∼280,15497
404-801,인천,서구,가정1동,281∼299,15498
404-802,인천,서구,가정1동,300∼490,15499
404-803,인천,서구,가정1동,491∼516,15500
404-839,인천,서구,가정1동,517∼535,15501
404-231,인천,서구,가정1동,,15502
404-712,인천,서구,가정2동 가정뉴서울아파트,(1∼3동),15503
404-751,인천,서구,가정2동 개나리아파트,,15504
404-752,인천,서구,가정2동 동우아파트,,15505
404-713,인천,서구,가정2동 태화미성1차아파트,(1∼7동),15506
404-753,인천,서구,가정2동 하나아파트,,15507
404-804,인천,서구,가정2동,536∼544,15508
404-232,인천,서구,가정2동,,15509
404-704,인천,서구,가정3동 한국아파트,,15510
404-754,인천,서구,가정3동 한신빌리지,,15511
404-805,인천,서구,가정3동,545∼557,15512
404-806,인천,서구,가정3동,558∼570,15513
404-233,인천,서구,가정3동,,15514
404-230,인천,서구,가정동,,15515
404-711,인천,서구,가좌1동 동부제강,,15516
404-714,인천,서구,가좌1동 영창악기,,15517
404-810,인천,서구,가좌1동,137∼150,15518
404-811,인천,서구,가좌1동,151∼177,15519
404-812,인천,서구,가좌1동,178,15520
404-811,인천,서구,가좌1동,179∼189,15521
404-812,인천,서구,가좌1동,551∼607,15522
404-251,인천,서구,가좌1동,,15523
404-761,인천,서구,가좌2동 가좌한신휴플러스아파트,(101∼220동),15524
404-762,인천,서구,가좌2동 진주아파트,,15525
404-807,인천,서구,가좌2동,1∼29,15526
404-808,인천,서구,가좌2동,30∼60,15527
404-807,인천,서구,가좌2동,61∼82,15528
404-814,인천,서구,가좌2동,216∼258,15529
404-252,인천,서구,가좌2동,,15530
404-705,인천,서구,가좌3동 나은병원,,15531
404-717,인천,서구,가좌3동 새한미디어,,15532
404-721,인천,서구,가좌3동 주식회사경신인천공장,,15533
404-720,인천,서구,가좌3동 코리아제록스(주),,15534
404-809,인천,서구,가좌3동,83∼136,15535
404-813,인천,서구,가좌3동,190∼215,15536
404-851,인천,서구,가좌3동,259∼280,15537
404-817,인천,서구,가좌3동,411∼550,15538
404-253,인천,서구,가좌3동,,15539
404-763,인천,서구,가좌4동 주공2단지아파트,(101∼128동),15540
404-815,인천,서구,가좌4동,282∼329,15541
404-816,인천,서구,가좌4동,330∼410,15542
404-254,인천,서구,가좌4동,,15543
404-250,인천,서구,가좌동,,15544
404-798,인천,서구,검암동 검암4차신명스카이뷰골드아파트,(501∼508동),15545
404-799,인천,서구,검암동 서해아파트,,15546
404-707,인천,서구,검암동 신명스카이뷰1차아파트,(301∼606동),15547
404-707,인천,서구,검암동 신명스카이뷰2차아파트,(301∼606동),15548
404-707,인천,서구,검암동 신명스카이뷰3차아파트,(301∼606동),15549
404-798,인천,서구,검암동 풍림아파트,(101∼406동),15550
404-841,인천,서구,검암동,1∼491,15551
404-842,인천,서구,검암동,492∼538,15552
404-843,인천,서구,검암동,539∼594,15553
404-844,인천,서구,검암동,596∼627,15554
404-845,인천,서구,검암동,628∼748,15555
404-160,인천,서구,검암동,,15556
404-719,인천,서구,경서동 가이아샹베르2차아파트,(201∼210동),15557
404-772,인천,서구,경서동 인천청라LH아파트,(401∼422동),15558
404-708,인천,서구,경서동 종합환경연구단지,,15559
404-774,인천,서구,경서동 청라SK-VIEW아파트,(501∼509동),15560
404-773,인천,서구,경서동 청라한라비발디아파트,(381∼392동),15561
404-776,인천,서구,경서동 청라한화꿈에그린아파트,(371∼380동),15562
404-709,인천,서구,경서동 태평샹베르1차아파트,(101∼110동),15563
404-770,인천,서구,경서동 한국남부발전(주)신인천천연가스발전본부,,15564
404-718,인천,서구,경서동 한국서부발전(주)서인천발전본부,,15565
404-170,인천,서구,경서동,,15566
404-200,인천,서구,공촌동,,15567
404-339,인천,서구,금곡동 사서함,204,15568
404-330,인천,서구,금곡동,,15569
404-722,인천,서구,당하동 KCC스위첸아파트,(501∼516동),15570
404-726,인천,서구,당하동 금호어울림아파트,(301∼306동),15571
404-732,인천,서구,당하동 당하푸르지오아파트,(301∼311동),15572
404-741,인천,서구,당하동 동문굿모닝힐아파트,(601∼607동),15573
404-735,인천,서구,당하동 신안실크벨리아파트,(501∼515동),15574
404-739,인천,서구,당하동 원당풍림아이원아파트,(801∼825동),15575
404-771,인천,서구,당하동 탑스빌아파트,,15576
404-710,인천,서구,당하동 태평아파트,,15577
404-725,인천,서구,당하동 풍림1차아파트,(101∼405동),15578
404-725,인천,서구,당하동 풍림3차아파트,(101∼405동),15579
404-818,인천,서구,당하동,1∼742,15580
404-819,인천,서구,당하동,743∼925,15581
404-310,인천,서구,당하동,,15582
404-280,인천,서구,대곡동,,15583
404-748,인천,서구,마전동 검단2차아이파크아파트,(201∼207동),15584
404-747,인천,서구,마전동 검단아이파크아파트,(101∼110동),15585
404-745,인천,서구,마전동 검단힐스테이트1차아파트,(101∼109동),15586
404-746,인천,서구,마전동 검단힐스테이트2차아파트,(201∼209동),15587
404-731,인천,서구,마전동 당하3차풍림아이원아파트,(201∼208동),15588
404-727,인천,서구,마전동 동아아파트,,15589
404-733,인천,서구,마전동 마전하나아파트,(1∼5동),15590
404-730,인천,서구,마전동 영남탑스빌아파트,(101∼135동),15591
404-729,인천,서구,마전동 유호아파트,,15592
404-725,인천,서구,마전동 풍림2차아파트,(101∼105동),15593
404-728,인천,서구,마전동 현대아파트,,15594
404-820,인천,서구,마전동,1∼656,15595
404-821,인천,서구,마전동,657∼900,15596
404-260,인천,서구,마전동,,15597
404-706,인천,서구,백석동 수도권매립지공사,,15598
404-140,인천,서구,백석동,,15599
404-775,인천,서구,불로동 월드아파트,(101∼123동),15600
404-270,인천,서구,불로동,,15601
404-782,인천,서구,석남1동 월드메르디앙아파트,(101∼113동),15602
404-822,인천,서구,석남1동,1∼108,15603
404-822,인천,서구,석남1동,110,15604
404-822,인천,서구,석남1동,112∼209,15605
404-824,인천,서구,석남1동,210∼222,15606
404-824,인천,서구,석남1동,224∼484,15607
404-826,인천,서구,석남1동,495∼526,15608
404-221,인천,서구,석남1동,,15609
404-781,인천,서구,석남2동 경남아너스빌아파트,(101∼106동),15610
404-825,인천,서구,석남2동,223,15611
404-827,인천,서구,석남2동,527∼550,15612
404-829,인천,서구,석남2동,567∼593,15613
404-825,인천,서구,석남2동,650,15614
404-222,인천,서구,석남2동,,15615
404-823,인천,서구,석남3동,109,15616
404-823,인천,서구,석남3동,111,15617
404-823,인천,서구,석남3동,485∼494,15618
404-828,인천,서구,석남3동,551∼566,15619
404-223,인천,서구,석남3동,,15620
404-220,인천,서구,석남동,,15621
404-150,인천,서구,시천동,,15622
404-785,인천,서구,신현동 신현e편한세상하늘채아파트,(101∼120동),15623
404-786,인천,서구,신현동 신현e편한세상하늘채아파트,(121∼136동),15624
404-830,인천,서구,신현동,1∼199,15625
404-831,인천,서구,신현동,200∼277,15626
404-832,인천,서구,신현동,278∼295,15627
404-240,인천,서구,신현동,,15628
404-791,인천,서구,심곡동 극동아파트,,15629
404-792,인천,서구,심곡동 대동아파트,,15630
404-701,인천,서구,심곡동 서구청,,15631
404-190,인천,서구,심곡동 서인천우체국,,15632
404-702,인천,서구,심곡동 인천서부경찰서,,15633
404-793,인천,서구,심곡동 인천은혜병원,,15634
404-833,인천,서구,심곡동,238∼277,15635
404-834,인천,서구,심곡동,278∼321,15636
404-835,인천,서구,심곡동,322∼344,15637
404-190,인천,서구,심곡동,,15638
404-703,인천,서구,연희동 서인천세무서,,15639
404-755,인천,서구,연희동 청라14단지호반베르디움아파트,(251∼260동),15640
404-750,인천,서구,연희동 청라17웰카운티아파트,(201∼207동),15641
404-749,인천,서구,연희동 청라자이아파트,(101∼119동),15642
404-756,인천,서구,연희동 청라호반베르디움2차아파트,(211∼218동),15643
404-757,인천,서구,연희동 청라힐데스하임아파트,(121∼130동),15644
404-836,인천,서구,연희동,1∼694,15645
404-837,인천,서구,연희동,695∼725,15646
404-838,인천,서구,연희동,726∼747,15647
404-180,인천,서구,연희동,,15648
404-300,인천,서구,오류동,,15649
404-736,인천,서구,왕길동 주공아파트,,15650
404-290,인천,서구,왕길동,,15651
404-738,인천,서구,원당동 LG원당자이아파트,(701∼712동),15652
404-737,인천,서구,원당동 대림아파트,,15653
404-320,인천,서구,원당동,,15654
404-723,인천,서구,원창동 SK에너지(주)인천COMPLEX,,15655
404-724,인천,서구,원창동 인천화력발전소,,15656
404-210,인천,서구,원창동,,15657
404-600,인천,서구,서인천우체국사서함,,15658
406-751,인천,연수구,동춘1동 건영아파트,,15659
406-701,인천,연수구,동춘1동 대림3차아파트,(301∼308동),15660
406-752,인천,연수구,동춘1동 동춘마을아파트,,15661
406-750,인천,연수구,동춘1동 연수롯데아파트,(101∼113동),15662
406-702,인천,연수구,동춘1동 태평2차아파트,(101∼102동),15663
406-758,인천,연수구,동춘1동 풍림연수3차아파트,(101∼114동),15664
406-800,인천,연수구,동춘1동,517,15665
406-800,인천,연수구,동춘1동,801∼819,15666
406-801,인천,연수구,동춘1동,917∼922,15667
406-803,인천,연수구,동춘1동,939,15668
406-800,인천,연수구,동춘1동,973,15669
406-131,인천,연수구,동춘1동,,15670
406-756,인천,연수구,동춘2동 동남아파트,,15671
406-703,인천,연수구,동춘2동 무지개아파트,,15672
406-753,인천,연수구,동춘2동 풍림2차아파트,(101∼116동),15673
406-754,인천,연수구,동춘2동 한양2차아파트,(1∼42동),15674
406-755,인천,연수구,동춘2동 현대아파트,,15675
406-802,인천,연수구,동춘2동,933∼937,15676
406-804,인천,연수구,동춘2동,941∼942,15677
406-132,인천,연수구,동춘2동,,15678
406-775,인천,연수구,동춘3동 금호동아아파트,,15679
406-776,인천,연수구,동춘3동 대우삼환아파트,,15680
406-722,인천,연수구,동춘3동 삼성럭키아파트,,15681
406-723,인천,연수구,동춘3동 연수구청,,15682
406-777,인천,연수구,동춘3동 한양1차아파트,,15683
406-725,인천,연수구,동춘3동 현대대림2차아파트,,15684
406-826,인천,연수구,동춘3동,911∼923,15685
406-827,인천,연수구,동춘3동,926∼927,15686
406-140,인천,연수구,동춘3동,,15687
406-130,인천,연수구,동춘동,,15688
406-704,인천,연수구,선학동 금호아파트,,15689
406-705,인천,연수구,선학동 뉴서울아파트,,15690
406-727,인천,연수구,선학동 선학대동아파트,(201∼203동),15691
406-728,인천,연수구,선학동 선학아주아파트,(101∼103동),15692
406-757,인천,연수구,선학동 시영아파트,,15693
406-706,인천,연수구,선학동 태산정광대진아파트,(1∼13동),15694
406-805,인천,연수구,선학동,2∼206,15695
406-807,인천,연수구,선학동,361∼377,15696
406-808,인천,연수구,선학동,386∼411,15697
406-090,인천,연수구,선학동,,15698
406-743,인천,연수구,송도1동 더샵퍼스트월드아파트,(1∼6동),15699
406-737,인천,연수구,송도1동 송도금호어울림아파트,(101∼111동),15700
406-739,인천,연수구,송도1동 송도성지리벨루스아파트,(101∼112동),15701
406-738,인천,연수구,송도1동 송도신도시현대아이파크,(101∼113동),15702
406-841,인천,연수구,송도1동 송도웰카운티1단지아파트,(101∼125동),15703
406-842,인천,연수구,송도1동 송도웰카운티2단지아파트,(201∼220동),15704
406-733,인천,연수구,송도1동 송도웰카운티3단지아파트,(301∼309동),15705
406-749,인천,연수구,송도1동 송도웰카운티4단지아파트,(401∼408동),15706
406-734,인천,연수구,송도1동 송도풍림아이원1단지아파트,(101∼118동),15707
406-735,인천,연수구,송도1동 송도풍림아이원2단지아파트,(201∼214동),15708
406-736,인천,연수구,송도1동 송도풍림아이원3단지아파트,(301∼307동),15709
406-730,인천,연수구,송도1동 송도풍림아이원4단지아파트,(401∼413동),15710
406-731,인천,연수구,송도1동 송도풍림아이원6단지아파트,(601∼610동),15711
406-742,인천,연수구,송도1동 송도해모르아파트,(101∼115동),15712
406-740,인천,연수구,송도1동 인천광역시경제자유구역청,,15713
406-772,인천,연수구,송도1동 인천대학교,,15714
406-741,인천,연수구,송도1동 해양경찰청,,15715
406-081,인천,연수구,송도1동,,15716
406-700,인천,연수구,송도2동 더샵센트럴파크1차아파트,(101∼103동),15717
406-763,인천,연수구,송도2동 더샵센트럴파크2차아파트,(201∼203동),15718
406-773,인천,연수구,송도2동 송도더샵하버뷰13단지아파트,(1301∼1308동),15719
406-773,인천,연수구,송도2동 송도더샵하버뷰14단지아파트,(1401∼1404동),15720
406-746,인천,연수구,송도2동 송도엑스포6단지아파트,(601∼606동),15721
406-747,인천,연수구,송도2동 송도엑스포9단지아파트,(901∼906동),15722
406-748,인천,연수구,송도2동 송도엑스포10단지아파트,(1001∼1006동),15723
406-759,인천,연수구,송도2동 송도푸르지오월드마크1단지아파트,(101∼102동),15724
406-759,인천,연수구,송도2동 송도푸르지오월드마크2단지아파트,(201∼202동),15725
406-759,인천,연수구,송도2동 송도푸르지오월드마크7단지아파트,(701∼702동),15726
406-759,인천,연수구,송도2동 송도푸르지오월드마크8단지아파트,(801∼802동),15727
406-779,인천,연수구,송도2동 송도힐스테이트아파트,(301∼602동),15728
406-732,인천,연수구,송도2동 (주)포스코건설사옥,,15729
406-082,인천,연수구,송도2동,,15730
406-840,인천,연수구,송도동,,15731
406-707,인천,연수구,연수1동 동남아파트,,15732
406-708,인천,연수구,연수1동 성일아파트,,15733
406-760,인천,연수구,연수1동 유천아파트,,15734
406-709,인천,연수구,연수1동 태산아파트,,15735
406-809,인천,연수구,연수1동,472∼477,15736
406-810,인천,연수구,연수1동,479∼531,15737
406-812,인천,연수구,연수1동,534,15738
406-813,인천,연수구,연수1동,535∼541,15739
406-814,인천,연수구,연수1동,542∼575,15740
406-820,인천,연수구,연수1동,산1∼170,15741
406-111,인천,연수구,연수1동,,15742
406-762,인천,연수구,연수2동 솔밭마을아파트,(101∼109동),15743
406-769,인천,연수구,연수2동 연수대동아파트,(101∼107동),15744
406-761,인천,연수구,연수2동 연수시영1차아파트,(101∼117동),15745
406-764,인천,연수구,연수2동 연수우성1차아파트,(101∼118동),15746
406-765,인천,연수구,연수2동 연수우성2차아파트,(201∼220동),15747
406-816,인천,연수구,연수2동,578-(1),15748
406-817,인천,연수구,연수2동,580∼581,15749
406-818,인천,연수구,연수2동,591∼633,15750
406-819,인천,연수구,연수2동,634∼636,15751
406-112,인천,연수구,연수2동,,15752
406-799,인천,연수구,연수3동 가천의과학대학교,,15753
406-710,인천,연수구,연수3동 경남아파트,,15754
406-711,인천,연수구,연수3동 대림아파트,,15755
406-712,인천,연수구,연수3동 대우1차아파트,(101∼106동),15756
406-113,인천,연수구,연수3동 인천우체국,,15757
406-766,인천,연수구,연수3동 주공아파트,(101∼208동),15758
406-767,인천,연수구,연수3동 주공아파트,(301∼308동),15759
406-768,인천,연수구,연수3동 풍림1차아파트,(101∼109동),15760
406-811,인천,연수구,연수3동,532∼533,15761
406-815,인천,연수구,연수3동,577,15762
406-113,인천,연수구,연수3동,,15763
406-110,인천,연수구,연수동,,15764
406-789,인천,연수구,옥련1동 도로교통공단인천광역시지부,,15765
406-713,인천,연수구,옥련1동 백산아파트,(101∼203동),15766
406-714,인천,연수구,옥련1동 삼성아파트,,15767
406-715,인천,연수구,옥련1동 서해아파트,(101∼102동),15768
406-716,인천,연수구,옥련1동 쌍용아파트,(101∼106동),15769
406-718,인천,연수구,옥련1동 우성아파트,(101∼203동),15770
406-719,인천,연수구,옥련1동 풍림아파트,,15771
406-720,인천,연수구,옥련1동 한국아파트,(101∼106동),15772
406-833,인천,연수구,옥련1동,289∼290,15773
406-833,인천,연수구,옥련1동,304∼309,15774
406-834,인천,연수구,옥련1동,312∼379,15775
406-835,인천,연수구,옥련1동,399∼598,15776
406-836,인천,연수구,옥련1동,599∼620,15777
406-834,인천,연수구,옥련1동,산44∼69,15778
406-835,인천,연수구,옥련1동,산73∼89,15779
406-051,인천,연수구,옥련1동,,15780
406-771,인천,연수구,옥련2동 럭키송도아파트,(101∼116동),15781
406-717,인천,연수구,옥련2동 아주아파트,,15782
406-729,인천,연수구,옥련2동 원흥아파트,(101∼103동),15783
406-778,인천,연수구,옥련2동 현대1차아파트,(101∼105동),15784
406-770,인천,연수구,옥련2동 현대2차아파트,(201∼209동),15785
406-778,인천,연수구,옥련2동 현대3차아파트,(301∼304동),15786
406-774,인천,연수구,옥련2동 현대4차아파트,(401∼409동),15787
406-721,인천,연수구,옥련2동 현대5차아파트,(501∼507동),15788
406-837,인천,연수구,옥련2동,1∼99,15789
406-838,인천,연수구,옥련2동,100∼288,15790
406-838,인천,연수구,옥련2동,291∼303,15791
406-839,인천,연수구,옥련2동,385∼389,15792
406-052,인천,연수구,옥련2동,,15793
406-050,인천,연수구,옥련동,,15794
406-793,인천,연수구,청학동 성호아파트,,15795
406-726,인천,연수구,청학동 시대아파트,,15796
406-791,인천,연수구,청학동 용담아파트,,15797
406-790,인천,연수구,청학동 하나아파트,,15798
406-792,인천,연수구,청학동 현대아파트,,15799
406-828,인천,연수구,청학동,2∼299,15800
406-830,인천,연수구,청학동,457∼463,15801
406-831,인천,연수구,청학동,467∼503,15802
406-828,인천,연수구,청학동,510∼539,15803
406-829,인천,연수구,청학동,540∼556,15804
406-830,인천,연수구,청학동,557∼572,15805
406-120,인천,연수구,청학동,,15806
406-600,인천,연수구,인천우체국사서함,,15807
400-160,인천,중구,경동,,15808
400-701,인천,중구,관동1가 중구청,,15809
400-041,인천,중구,관동1가,,15810
400-042,인천,중구,관동2가,,15811
400-043,인천,중구,관동3가,,15812
400-440,인천,중구,남북동,,15813
400-150,인천,중구,내동,,15814
400-090,인천,중구,답동,,15815
400-410,인천,중구,덕교동,,15816
400-140,인천,중구,도원동,,15817
400-460,인천,중구,무의동,,15818
400-201,인천,중구,북성동1가,,15819
400-202,인천,중구,북성동2가,,15820
400-203,인천,중구,북성동3가,,15821
400-060,인천,중구,사동,,15822
400-210,인천,중구,선린동,,15823
400-110,인천,중구,선화동,,15824
400-221,인천,중구,송월동1가,,15825
400-222,인천,중구,송월동2가,,15826
400-223,인천,중구,송월동3가,,15827
400-051,인천,중구,송학동1가,,15828
400-052,인천,중구,송학동2가,,15829
400-053,인천,중구,송학동3가,,15830
400-070,인천,중구,신생동,,15831
400-080,인천,중구,신포동,,15832
400-101,인천,중구,신흥동1가,,15833
400-102,인천,중구,신흥동2가,,15834
400-711,인천,중구,신흥동3가 인하대학병원,,15835
400-712,인천,중구,신흥동3가 정석빌딩,,15836
400-721,인천,중구,신흥동3가 현대아파트,,15837
400-103,인천,중구,신흥동3가,,15838
400-713,인천,중구,용동 동인천길병원,,15839
400-170,인천,중구,용동,,15840
400-811,인천,중구,운남동,1∼130,15841
400-812,인천,중구,운남동,131∼440,15842
400-811,인천,중구,운남동,441∼509,15843
400-812,인천,중구,운남동,510∼1600,15844
400-310,인천,중구,운남동,,15845
400-821,인천,중구,운북동,1∼932,15846
400-822,인천,중구,운북동,933,15847
400-821,인천,중구,운북동,934∼1250,15848
400-360,인천,중구,운북동,,15849
400-720,인천,중구,운서동 공항지원단지,,15850
400-719,인천,중구,운서동 국제업무단지,,15851
400-004,인천,중구,운서동 국제우편물류센터,,15852
400-728,인천,중구,운서동 영종금호베스트빌2단지아파트,(201∼211동),15853
400-722,인천,중구,운서동 인천공항세관,,15854
400-700,인천,중구,운서동 인천국제공항공사,,15855
400-702,인천,중구,운서동 인천국제공항물류단지,,15856
400-715,인천,중구,운서동 인천국제공항여객터미널,,15857
400-718,인천,중구,운서동 인천국제공항정부합동청사,,15858
400-717,인천,중구,운서동 인천국제공항화물터미널,,15859
400-723,인천,중구,운서동 주공아파트10단지,(1001∼1015동),15860
400-724,인천,중구,운서동 주공아파트12단지,(1201∼1211동),15861
400-725,인천,중구,운서동 풍림1차아파트,(201∼219동),15862
400-726,인천,중구,운서동 풍림2차아파트,(101∼504동),15863
400-727,인천,중구,운서동 풍림6단지아파트,(611∼628동),15864
400-831,인천,중구,운서동,1∼602,15865
400-832,인천,중구,운서동,603∼705,15866
400-831,인천,중구,운서동,706∼1732,15867
400-833,인천,중구,운서동,2650∼2808,15868
400-340,인천,중구,운서동,,15869
400-120,인천,중구,유동,,15870
400-714,인천,중구,율목동 인천기독병원,,15871
400-130,인천,중구,율목동,,15872
400-420,인천,중구,을왕동,,15873
400-706,인천,중구,인현동 엔조이쇼핑몰,,15874
400-180,인천,중구,인현동,,15875
400-190,인천,중구,전동,,15876
400-841,인천,중구,중산동,1∼486,15877
400-842,인천,중구,중산동,487∼885,15878
400-841,인천,중구,중산동,886∼1334,15879
400-842,인천,중구,중산동,1335∼1720,15880
400-841,인천,중구,중산동,1721∼1860,15881
400-320,인천,중구,중산동,,15882
400-011,인천,중구,중앙동1가,,15883
400-012,인천,중구,중앙동2가,,15884
400-013,인천,중구,중앙동3가,,15885
400-014,인천,중구,중앙동4가,,15886
400-703,인천,중구,항동1가 파라다이스호텔,,15887
400-031,인천,중구,항동1가,,15888
400-032,인천,중구,항동2가,,15889
400-033,인천,중구,항동3가,,15890
400-034,인천,중구,항동4가,,15891
400-750,인천,중구,항동5가 인천신문사빌딩,,15892
400-035,인천,중구,항동5가,,15893
400-036,인천,중구,항동6가,,15894
400-751,인천,중구,항동7가 라이프아파트,,15895
400-752,인천,중구,항동7가 연안아파트,,15896
400-704,인천,중구,항동7가 인천세관,,15897
400-705,인천,중구,항동7가 인천지방해양항만청,,15898
400-800,인천,중구,항동7가,1∼26,15899
400-801,인천,중구,항동7가,27,15900
400-800,인천,중구,항동7가,28∼49,15901
400-802,인천,중구,항동7가,58∼89,15902
400-803,인천,중구,항동7가,91,15903
400-803,인천,중구,항동7가,117∼118,15904
400-037,인천,중구,항동7가,,15905
400-021,인천,중구,해안동1가,,15906
400-022,인천,중구,해안동2가,,15907
400-023,인천,중구,해안동3가,,15908
400-024,인천,중구,해안동4가,,15909
400-650,인천,중구,인천공항우체국사서함,,15910
417-941,인천,강화군,강화읍 갑곳리,1∼202,15911
417-801,인천,강화군,강화읍 갑곳리,203∼499,15912
417-942,인천,강화군,강화읍 갑곳리,500∼1100,15913
417-800,인천,강화군,강화읍 강화우체국,,15914
417-700,인천,강화군,강화읍 관청리 강화군청,,15915
417-802,인천,강화군,강화읍 관청리,1∼162,15916
417-802,인천,강화군,강화읍 관청리,164∼300,15917
417-803,인천,강화군,강화읍 관청리,301∼1800,15918
417-804,인천,강화군,강화읍 국화리,,15919
417-805,인천,강화군,강화읍 남산리,,15920
417-809,인천,강화군,강화읍 대산리,,15921
417-943,인천,강화군,강화읍 신문리,1∼132,15922
417-807,인천,강화군,강화읍 신문리,133∼1000,15923
417-806,인천,강화군,강화읍 옥림리,,15924
417-808,인천,강화군,강화읍 용정리,,15925
417-944,인천,강화군,강화읍 월곳리,,15926
417-800,인천,강화군,강화읍,,15927
417-921,인천,강화군,교동면 고구리,,15928
417-922,인천,강화군,교동면 난정리,,15929
417-922,인천,강화군,교동면 대룡리,,15930
417-922,인천,강화군,교동면 동산리,,15931
417-923,인천,강화군,교동면 무학리,,15932
417-921,인천,강화군,교동면 봉소리,,15933
417-923,인천,강화군,교동면 삼선리,,15934
417-921,인천,강화군,교동면 상용리,,15935
417-922,인천,강화군,교동면 서한리,,15936
417-922,인천,강화군,교동면 양갑리,,15937
417-921,인천,강화군,교동면 읍내리,,15938
417-923,인천,강화군,교동면 인사리,,15939
417-923,인천,강화군,교동면 지석리,,15940
417-920,인천,강화군,교동면,,15941
417-841,인천,강화군,길상면 길직리,,15942
417-842,인천,강화군,길상면 동검리,,15943
417-842,인천,강화군,길상면 선두리,1∼968,15944
417-843,인천,강화군,길상면 선두리,969∼1800,15945
417-841,인천,강화군,길상면 온수리,,15946
417-843,인천,강화군,길상면 장흥리,,15947
417-843,인천,강화군,길상면 초지리,,15948
417-840,인천,강화군,길상면,,15949
417-891,인천,강화군,내가면 고천리,,15950
417-892,인천,강화군,내가면 구하리,,15951
417-892,인천,강화군,내가면 오상리,,15952
417-893,인천,강화군,내가면 외포리,1∼449,15953
417-894,인천,강화군,내가면 외포리,450∼1000,15954
417-892,인천,강화군,내가면 황청리,,15955
417-890,인천,강화군,내가면,,15956
417-831,인천,강화군,불은면 고능리,,15957
417-831,인천,강화군,불은면 넙성리,,15958
417-831,인천,강화군,불은면 덕성리,,15959
417-832,인천,강화군,불은면 두운리,,15960
417-833,인천,강화군,불은면 삼동암리,,15961
417-833,인천,강화군,불은면 삼성리,,15962
417-831,인천,강화군,불은면 신현리,,15963
417-832,인천,강화군,불은면 오두리,,15964
417-830,인천,강화군,불은면,,15965
417-911,인천,강화군,삼산면 매음리,,15966
417-912,인천,강화군,삼산면 미법리,,15967
417-913,인천,강화군,삼산면 상리,,15968
417-912,인천,강화군,삼산면 서검리,,15969
417-913,인천,강화군,삼산면 석모리,,15970
417-911,인천,강화군,삼산면 석포리,,15971
417-913,인천,강화군,삼산면 하리,,15972
417-910,인천,강화군,삼산면,,15973
417-931,인천,강화군,서도면 말도리,,15974
417-932,인천,강화군,서도면 볼음도리,,15975
417-931,인천,강화군,서도면 아차도리,,15976
417-933,인천,강화군,서도면 주문도리,,15977
417-930,인천,강화군,서도면,,15978
417-821,인천,강화군,선원면 금월리,,15979
417-824,인천,강화군,선원면 냉정리,,15980
417-822,인천,강화군,선원면 선행리,,15981
417-823,인천,강화군,선원면 신정리,,15982
417-825,인천,강화군,선원면 연리,,15983
417-826,인천,강화군,선원면 지산리,,15984
417-710,인천,강화군,선원면 창리 세광1차아파트,(101∼109동),15985
417-711,인천,강화군,선원면 창리 세광2차아파트,(201∼209동),15986
417-823,인천,강화군,선원면 창리,,15987
417-820,인천,강화군,선원면,,15988
417-815,인천,강화군,송해면 당산리,,15989
417-814,인천,강화군,송해면 상도리,,15990
417-811,인천,강화군,송해면 솔정리,,15991
417-816,인천,강화군,송해면 숭뢰리,,15992
417-812,인천,강화군,송해면 신당리,,15993
417-817,인천,강화군,송해면 양오리,,15994
417-813,인천,강화군,송해면 하도리,,15995
417-810,인천,강화군,송해면,,15996
417-851,인천,강화군,양도면 건평리,,15997
417-852,인천,강화군,양도면 길정리,,15998
417-853,인천,강화군,양도면 능내리,,15999
417-852,인천,강화군,양도면 도장리,,16000
417-851,인천,강화군,양도면 삼흥리,,16001
417-851,인천,강화군,양도면 인산리,,16002
417-853,인천,강화군,양도면 조산리,,16003
417-853,인천,강화군,양도면 하일리,,16004
417-850,인천,강화군,양도면,,16005
417-881,인천,강화군,양사면 교산리,,16006
417-883,인천,강화군,양사면 덕하리,,16007
417-881,인천,강화군,양사면 북성리,,16008
417-881,인천,강화군,양사면 인화리,,16009
417-882,인천,강화군,양사면 철산리,,16010
417-880,인천,강화군,양사면,,16011
417-871,인천,강화군,하점면 망월리,,16012
417-872,인천,강화군,하점면 부근리,1∼300,16013
417-871,인천,강화군,하점면 부근리,301∼1000,16014
417-871,인천,강화군,하점면 삼거리,,16015
417-873,인천,강화군,하점면 신봉리,,16016
417-871,인천,강화군,하점면 신삼리,,16017
417-873,인천,강화군,하점면 이강리,,16018
417-874,인천,강화군,하점면 장정리,,16019
417-873,인천,강화군,하점면 창후리,,16020
417-870,인천,강화군,하점면,,16021
417-861,인천,강화군,화도면 내리,,16022
417-862,인천,강화군,화도면 덕포리,,16023
417-862,인천,강화군,화도면 동막리,,16024
417-862,인천,강화군,화도면 문산리,,16025
417-862,인천,강화군,화도면 사기리,,16026
417-861,인천,강화군,화도면 상방리,,16027
417-863,인천,강화군,화도면 여차리,,16028
417-863,인천,강화군,화도면 장화리,,16029
417-863,인천,강화군,화도면 흥왕리,,16030
417-860,인천,강화군,화도면,,16031
409-851,인천,옹진군,대청면 대청1리,,16032
409-852,인천,옹진군,대청면 대청2리,,16033
409-851,인천,옹진군,대청면 대청3리,,16034
409-851,인천,옹진군,대청면 대청4리,,16035
409-852,인천,옹진군,대청면 대청5리,,16036
409-851,인천,옹진군,대청면 대청6리,,16037
409-851,인천,옹진군,대청면 대청7리,,16038
409-851,인천,옹진군,대청면 대청리,,16039
409-853,인천,옹진군,대청면 소청리,,16040
409-850,인천,옹진군,대청면,,16041
409-891,인천,옹진군,덕적면 굴업리,,16042
409-891,인천,옹진군,덕적면 문갑리,,16043
409-891,인천,옹진군,덕적면 백아리,,16044
409-892,인천,옹진군,덕적면 북리,,16045
409-892,인천,옹진군,덕적면 서포리,,16046
409-893,인천,옹진군,덕적면 소야리,,16047
409-891,인천,옹진군,덕적면 울도리,,16048
409-893,인천,옹진군,덕적면 진리,,16049
409-890,인천,옹진군,덕적면,,16050
409-910,인천,옹진군,백령면 백령우체국,,16051
409-911,인천,옹진군,백령면 가을1리,,16052
409-911,인천,옹진군,백령면 가을2리,,16053
409-912,인천,옹진군,백령면 가을3리,,16054
409-919,인천,옹진군,백령면 가을리 사서함,603-(30),16055
409-911,인천,옹진군,백령면 가을리,,16056
409-919,인천,옹진군,백령면 남포리 사서함,603-(30∼63),16057
409-911,인천,옹진군,백령면 남포리,,16058
409-919,인천,옹진군,백령면 북포리 사서함,603-(30∼66),16059
409-912,인천,옹진군,백령면 북포리,,16060
409-919,인천,옹진군,백령면 연화리 사서함,603-(62),16061
409-911,인천,옹진군,백령면 연화리,,16062
409-919,인천,옹진군,백령면 진촌리 사서함,603-(61),16063
409-913,인천,옹진군,백령면 진촌리,,16064
409-910,인천,옹진군,백령면,,16065
409-831,인천,옹진군,북도면 모도리,,16066
409-831,인천,옹진군,북도면 시도리,,16067
409-832,인천,옹진군,북도면 신도리,,16068
409-833,인천,옹진군,북도면 장봉리,,16069
409-830,인천,옹진군,북도면,,16070
409-841,인천,옹진군,연평면 남부리,,16071
409-842,인천,옹진군,연평면 동부리,,16072
409-841,인천,옹진군,연평면 서부리,,16073
409-842,인천,옹진군,연평면 소연평리,,16074
409-842,인천,옹진군,연평면 중부리,,16075
409-840,인천,옹진군,연평면,,16076
409-871,인천,옹진군,영흥면 내1리,,16077
409-871,인천,옹진군,영흥면 내2리,,16078
409-871,인천,옹진군,영흥면 내3리,,16079
409-872,인천,옹진군,영흥면 내4리,,16080
409-871,인천,옹진군,영흥면 내5리,,16081
409-872,인천,옹진군,영흥면 내6리,,16082
409-871,인천,옹진군,영흥면 내7리,,16083
409-871,인천,옹진군,영흥면 내리,,16084
409-872,인천,옹진군,영흥면 선재리,,16085
409-871,인천,옹진군,영흥면 외1리,,16086
409-872,인천,옹진군,영흥면 외2리,,16087
409-871,인천,옹진군,영흥면 외3리,,16088
409-871,인천,옹진군,영흥면 외리,,16089
409-870,인천,옹진군,영흥면,,16090
409-881,인천,옹진군,자월면 승봉리,,16091
409-882,인천,옹진군,자월면 이작리,,16092
409-883,인천,옹진군,자월면 자월리,,16093
409-880,인천,옹진군,자월면,,16094
