573-070,전북,군산시,개복동,,43327
573-520,전북,군산시,개사동,,43328
573-719,전북,군산시,개정동 군산간호대학,,43329
573-440,전북,군산시,개정동,,43330
573-704,전북,군산시,경암동 군산경찰서,,43331
573-751,전북,군산시,경암동 부향아파트,,43332
573-752,전북,군산시,경암동 새한아파트,,43333
573-860,전북,군산시,경암동,1∼658,43334
573-861,전북,군산시,경암동,659∼686,43335
573-320,전북,군산시,경암동,,43336
573-420,전북,군산시,경장동,,43337
573-753,전북,군산시,구암동 세풍아파트,,43338
573-754,전북,군산시,구암동 현대아파트,,43339
573-330,전북,군산시,구암동,,43340
573-300,전북,군산시,금동,,43341
573-755,전북,군산시,금광동 삼성아파트,,43342
573-100,전북,군산시,금광동,,43343
573-270,전북,군산시,금암동,,43344
573-759,전북,군산시,나운1동 동신진주아파트,,43345
573-768,전북,군산시,나운1동 우진아파트,,43346
573-772,전북,군산시,나운1동 주공2단지아파트,(1∼19동),43347
573-773,전북,군산시,나운1동 주공3단지아파트,(101∼127동),43348
573-780,전북,군산시,나운1동 현대백조아파트,,43349
573-867,전북,군산시,나운1동,527-(1∼36),43350
573-867,전북,군산시,나운1동,529-(2),43351
573-867,전북,군산시,나운1동,534-(4),43352
573-867,전북,군산시,나운1동,549∼700,43353
573-868,전북,군산시,나운1동,701∼782,43354
573-869,전북,군산시,나운1동,783∼808,43355
573-870,전북,군산시,나운1동,809∼843,43356
573-868,전북,군산시,나운1동,1076,43357
573-891,전북,군산시,나운1동,산113,43358
573-351,전북,군산시,나운1동,,43359
573-756,전북,군산시,나운2동 금호타운1차아파트,(101∼107동),43360
573-757,전북,군산시,나운2동 금호타운2차아파트,(201∼206동),43361
573-764,전북,군산시,나운2동 롯데1차아파트,(101∼111동),43362
573-764,전북,군산시,나운2동 롯데2차아파트,(101∼111동),43363
573-765,전북,군산시,나운2동 롯데3차아파트,(201∼209동),43364
573-763,전북,군산시,나운2동 삼성아파트,,43365
573-803,전북,군산시,나운2동 수송금호어울림아파트,(101∼108동),43366
573-725,전북,군산시,나운2동 수송코아루아파트,(101∼105동),43367
573-774,전북,군산시,나운2동 주공4단지아파트,(401∼408동),43368
573-775,전북,군산시,나운2동 주공5단지아파트,(501∼512동),43369
573-777,전북,군산시,나운2동 현대2차아파트,(201∼209동),43370
573-778,전북,군산시,나운2동 현대3차아파트,(301∼304동),43371
573-779,전북,군산시,나운2동 현대4차아파트,(401∼405동),43372
573-862,전북,군산시,나운2동,1∼99,43373
573-863,전북,군산시,나운2동,100∼152,43374
573-864,전북,군산시,나운2동,301∼345,43375
573-865,전북,군산시,나운2동,346∼400,43376
573-866,전북,군산시,나운2동,401∼526,43377
573-866,전북,군산시,나운2동,527-(37∼47),43378
573-866,전북,군산시,나운2동,528,43379
573-866,전북,군산시,나운2동,529-(1),43380
573-866,전북,군산시,나운2동,529-(3),43381
573-866,전북,군산시,나운2동,530∼533,43382
573-866,전북,군산시,나운2동,534-(1∼3),43383
573-866,전북,군산시,나운2동,534-(5∼6),43384
573-866,전북,군산시,나운2동,535∼548,43385
573-892,전북,군산시,나운2동,산107∼112,43386
573-892,전북,군산시,나운2동,산114∼374,43387
573-352,전북,군산시,나운2동,,43388
573-760,전북,군산시,나운3동 대우아파트,,43389
573-758,전북,군산시,나운3동 동신아파트,,43390
573-766,전북,군산시,나운3동 롯데4차아파트,(301∼305동),43391
573-761,전북,군산시,나운3동 서호아파트,,43392
573-742,전북,군산시,나운3동 세경아파트,,43393
573-762,전북,군산시,나운3동 신일아파트,,43394
573-769,전북,군산시,나운3동 영창아파트,,43395
573-770,전북,군산시,나운3동 우성아파트,,43396
573-771,전북,군산시,나운3동 유원아파트,,43397
573-741,전북,군산시,나운3동 청솔아파트,,43398
573-767,전북,군산시,나운3동 한울아파트,,43399
573-776,전북,군산시,나운3동 현대은파아파트,(101∼106동),43400
573-871,전북,군산시,나운3동,153∼300,43401
573-872,전북,군산시,나운3동,844∼1075,43402
573-872,전북,군산시,나운3동,1077∼1515,43403
573-353,전북,군산시,나운3동,,43404
573-350,전북,군산시,나운동,,43405
573-530,전북,군산시,내초동,,43406
573-340,전북,군산시,내흥동,,43407
573-210,전북,군산시,대명동,,43408
573-739,전북,군산시,동흥남동 흥남동주공아파트,,43409
573-200,전북,군산시,동흥남동,,43410
573-170,전북,군산시,둔율동,,43411
573-080,전북,군산시,명산동,,43412
573-781,전북,군산시,문화동 삼성아파트,,43413
573-873,전북,군산시,문화동,1∼549,43414
573-874,전북,군산시,문화동,550∼920,43415
573-140,전북,군산시,문화동,,43416
573-701,전북,군산시,미룡동 군산대학교,,43417
573-809,전북,군산시,미룡동 금광베네스타아파트,(101∼108동),43418
573-782,전북,군산시,미룡동 대명아파트,,43419
573-730,전북,군산시,미룡동 롯데인벤스가,,43420
573-783,전북,군산시,미룡동 부향3차아파트,,43421
573-729,전북,군산시,미룡동 은파리젠시빌파크,,43422
573-746,전북,군산시,미룡동 주공아파트1단지,(101∼110동),43423
573-747,전북,군산시,미룡동 주공아파트2단지,(201∼211동),43424
573-748,전북,군산시,미룡동 주공아파트3단지,(301∼318동),43425
573-360,전북,군산시,미룡동,,43426
573-180,전북,군산시,미원동,,43427
573-733,전북,군산시,미장동 미장코아루아파트,,43428
573-720,전북,군산시,미장동 미장휴먼시아아파트,(101∼114동),43429
573-732,전북,군산시,미장동 삼성쉐르빌아파트,(101∼110동),43430
573-731,전북,군산시,미장동 현대파인빌1차,(101∼105동),43431
573-731,전북,군산시,미장동 현대파인빌2차,(201∼203동),43432
573-380,전북,군산시,미장동,,43433
573-450,전북,군산시,비응도동,,43434
573-784,전북,군산시,사정동 금호타운1차아파트,(101∼105동),43435
573-785,전북,군산시,사정동 금호타운2차아파트,(201∼205동),43436
573-430,전북,군산시,사정동,,43437
573-888,전북,군산시,산북동,3553∼3642,43438
573-786,전북,군산시,산북동 부향1차아파트,,43439
573-787,전북,군산시,산북동 부향4차아파트,,43440
573-788,전북,군산시,산북동 주공아파트,,43441
573-743,전북,군산시,산북동 시영아파트,,43442
573-789,전북,군산시,산북동 코오롱아파트,,43443
573-875,전북,군산시,산북동,1∼400,43444
573-876,전북,군산시,산북동,401∼1948,43445
573-877,전북,군산시,산북동,1949∼3528,43446
573-878,전북,군산시,산북동,3529∼3552,43447
573-500,전북,군산시,산북동,,43448
573-790,전북,군산시,삼학동 대우아파트,,43449
573-734,전북,군산시,삼학동 삼학주공아파트,,43450
573-310,전북,군산시,삼학동,,43451
573-190,전북,군산시,서흥남동,,43452
573-150,전북,군산시,선양동,,43453
573-716,전북,군산시,소룡동 GM대우(주),,43454
573-727,전북,군산시,소룡동 금강골드빌,(101∼105동),43455
573-791,전북,군산시,소룡동 동아아파트,,43456
573-792,전북,군산시,소룡동 서해그린아파트,,43457
573-740,전북,군산시,소룡동 성원상떼빌,,43458
573-711,전북,군산시,소룡동 (주)세아베스틸,,43459
573-735,전북,군산시,소룡동 소룡제일아파트,,43460
573-744,전북,군산시,소룡동 신도시씨티빌아파트,,43461
573-793,전북,군산시,소룡동 진흥아파트,,43462
573-715,전북,군산시,소룡동 타타대우상용차(주),,43463
573-879,전북,군산시,소룡동,1∼300,43464
573-880,전북,군산시,소룡동,301∼999,43465
573-881,전북,군산시,소룡동,1000∼1400,43466
573-882,전북,군산시,소룡동,1401∼1579,43467
573-879,전북,군산시,소룡동,1580∼1900,43468
573-400,전북,군산시,소룡동,,43469
573-090,전북,군산시,송창동,,43470
573-120,전북,군산시,송풍동,,43471
573-799,전북,군산시,수송동 동신아파트,(101∼106동),43472
573-726,전북,군산시,수송동 세영리첼아파트,(101∼113동),43473
573-728,전북,군산시,수송동 수송2차오투그란데아파트,(701∼708동),43474
573-736,전북,군산시,수송동 수송동영아파트,,43475
573-802,전북,군산시,수송동 수송아이파크아파트,(101∼109동),43476
573-745,전북,군산시,수송동 제일아파트,,43477
573-722,전북,군산시,수송동 제일오투그란데1단지아파트,(301∼310동),43478
573-723,전북,군산시,수송동 제일오투그란데2단지아파트,(501∼512동),43479
573-721,전북,군산시,수송동 한라비발디아파트,(101∼208동),43480
573-794,전북,군산시,수송동 현대아파트,,43481
573-370,전북,군산시,수송동,,43482
573-510,전북,군산시,신관동,,43483
573-250,전북,군산시,신영동,,43484
573-050,전북,군산시,신창동,,43485
573-130,전북,군산시,신풍동,,43486
573-290,전북,군산시,신흥동,,43487
573-230,전북,군산시,영동,,43488
573-020,전북,군산시,영화동,,43489
573-717,전북,군산시,오룡동 서해대학,,43490
573-110,전북,군산시,오룡동,,43491
573-540,전북,군산시,오식도동,,43492
573-060,전북,군산시,월명동,,43493
573-030,전북,군산시,장미동,,43494
573-749,전북,군산시,장재동 현대세솔아파트,,43495
573-220,전북,군산시,장재동,,43496
573-703,전북,군산시,조촌동 군산시청,,43497
573-797,전북,군산시,조촌동 동신아파트,,43498
573-795,전북,군산시,조촌동 삼성아파트,,43499
573-796,전북,군산시,조촌동 신우하나로아파트,,43500
573-706,전북,군산시,조촌동 전주지방검찰청군산지청,,43501
573-707,전북,군산시,조촌동 전주지방법원군산지원,,43502
573-798,전북,군산시,조촌동 현대아파트,,43503
573-883,전북,군산시,조촌동,1∼430,43504
573-884,전북,군산시,조촌동,431∼599,43505
573-885,전북,군산시,조촌동,600∼960,43506
573-884,전북,군산시,조촌동,961∼999,43507
573-410,전북,군산시,조촌동,,43508
573-260,전북,군산시,죽성동,,43509
573-280,전북,군산시,중동,,43510
573-041,전북,군산시,중앙로1가 군산우체국,,43511
573-041,전북,군산시,중앙로1가,,43512
573-042,전북,군산시,중앙로2가,,43513
573-043,전북,군산시,중앙로3가,,43514
573-713,전북,군산시,지곡동 군산의료원,,43515
573-737,전북,군산시,지곡동 은파코아루아파트,,43516
573-738,전북,군산시,지곡동 해나지오아파트,,43517
573-390,전북,군산시,지곡동,,43518
573-724,전북,군산시,창성동 창성주공아파트,(101∼108동),43519
573-160,전북,군산시,창성동,,43520
573-240,전북,군산시,평화동,,43521
573-010,전북,군산시,해망동,,43522
573-708,전북,군산시,옥구읍 군산교도소,,43523
573-901,전북,군산시,옥구읍 상평리,,43524
573-902,전북,군산시,옥구읍 선제리,,43525
573-901,전북,군산시,옥구읍 수산리,,43526
573-903,전북,군산시,옥구읍 어은리,,43527
573-902,전북,군산시,옥구읍 오곡리,,43528
573-901,전북,군산시,옥구읍 옥정리,,43529
573-901,전북,군산시,옥구읍 이곡리,,43530
573-900,전북,군산시,옥구읍,,43531
573-921,전북,군산시,개정면 발산리,,43532
573-922,전북,군산시,개정면 아동리,,43533
573-921,전북,군산시,개정면 아산리,,43534
573-923,전북,군산시,개정면 옥석리,,43535
573-922,전북,군산시,개정면 운회리,,43536
573-923,전북,군산시,개정면 통사리,,43537
573-920,전북,군산시,개정면,,43538
573-851,전북,군산시,나포면 나포리,,43539
573-852,전북,군산시,나포면 부곡리,,43540
573-852,전북,군산시,나포면 서포리,,43541
573-853,전북,군산시,나포면 옥곤리,,43542
573-851,전북,군산시,나포면 장상리,,43543
573-853,전북,군산시,나포면 주곡리,,43544
573-850,전북,군산시,나포면,,43545
573-911,전북,군산시,대야면 광교리,,43546
573-912,전북,군산시,대야면 보덕리,,43547
573-913,전북,군산시,대야면 복교리,,43548
573-912,전북,군산시,대야면 산월리,,43549
573-911,전북,군산시,대야면 접산리,,43550
573-914,전북,군산시,대야면 죽산리,,43551
573-913,전북,군산시,대야면 지경리,,43552
573-910,전북,군산시,대야면,,43553
573-941,전북,군산시,서수면 관원리,,43554
573-942,전북,군산시,서수면 금암리,,43555
573-941,전북,군산시,서수면 마룡리,,43556
573-943,전북,군산시,서수면 서수리,,43557
573-943,전북,군산시,서수면 축동리,,43558
573-942,전북,군산시,서수면 화등리,,43559
573-940,전북,군산시,서수면,,43560
573-709,전북,군산시,성산면 도암리 군장대학,,43561
573-841,전북,군산시,성산면 고봉리,,43562
573-842,전북,군산시,성산면 대명리,,43563
573-841,전북,군산시,성산면 도암리,,43564
573-843,전북,군산시,성산면 둔덕리,,43565
573-842,전북,군산시,성산면 산곡리,,43566
573-843,전북,군산시,성산면 성덕리,,43567
573-842,전북,군산시,성산면 여방리,,43568
573-842,전북,군산시,성산면 창오리,,43569
573-840,전북,군산시,성산면,,43570
573-811,전북,군산시,옥도면 개야도리 개야도,,43571
573-811,전북,군산시,옥도면 개야도리 죽도,,43572
573-812,전북,군산시,옥도면 관리도리,,43573
573-813,전북,군산시,옥도면 말도리 말도,,43574
573-813,전북,군산시,옥도면 말도리 명도,,43575
573-813,전북,군산시,옥도면 말도리 방축도,,43576
573-814,전북,군산시,옥도면 무녀도리,,43577
573-815,전북,군산시,옥도면 비안도리 두리도,,43578
573-815,전북,군산시,옥도면 비안도리 비안도,,43579
573-816,전북,군산시,옥도면 선유도리,,43580
573-817,전북,군산시,옥도면 신시도리,,43581
573-955,전북,군산시,옥도면 야미도리,,43582
573-819,전북,군산시,옥도면 어청도리,,43583
573-818,전북,군산시,옥도면 연도리,,43584
573-816,전북,군산시,옥도면 장자도리,,43585
573-810,전북,군산시,옥도면,,43586
573-821,전북,군산시,옥산면 금성리,,43587
573-822,전북,군산시,옥산면 남내1리,,43588
573-822,전북,군산시,옥산면 남내2리,,43589
573-823,전북,군산시,옥산면 남내3리,,43590
573-822,전북,군산시,옥산면 남내리,,43591
573-821,전북,군산시,옥산면 당북리,,43592
573-822,전북,군산시,옥산면 쌍봉리,,43593
573-823,전북,군산시,옥산면 옥산리,,43594
573-820,전북,군산시,옥산면,,43595
573-951,전북,군산시,옥서면 선연리,,43596
573-952,전북,군산시,옥서면 옥봉리,,43597
573-950,전북,군산시,옥서면,,43598
573-718,전북,군산시,임피면 호원대학교,,43599
573-931,전북,군산시,임피면 미원리,,43600
573-931,전북,군산시,임피면 보석리,,43601
573-932,전북,군산시,임피면 술산리,,43602
573-933,전북,군산시,임피면 영창리,,43603
573-932,전북,군산시,임피면 월하리,,43604
573-933,전북,군산시,임피면 읍내리,,43605
573-933,전북,군산시,임피면 축산리,,43606
573-930,전북,군산시,임피면,,43607
573-831,전북,군산시,회현면 고사리,,43608
573-832,전북,군산시,회현면 금광리,,43609
573-833,전북,군산시,회현면 대정리,,43610
573-833,전북,군산시,회현면 세장리,,43611
573-831,전북,군산시,회현면 원우리,,43612
573-833,전북,군산시,회현면 월연리,,43613
573-832,전북,군산시,회현면 증석리,,43614
573-831,전북,군산시,회현면 학당리,,43615
573-830,전북,군산시,회현면,,43616
573-600,전북,군산시,군산우체국사서함,,43617
576-060,전북,김제시,갈공동,,43618
576-701,전북,김제시,검산동 부영아파트,(101∼203동),43619
576-702,전북,김제시,검산동 진우아파트,,43620
576-800,전북,김제시,검산동,1∼1000,43621
576-801,전북,김제시,검산동,1001∼3000,43622
576-080,전북,김제시,검산동,,43623
576-040,전북,김제시,교동,,43624
576-160,전북,김제시,난봉동,,43625
576-220,전북,김제시,도장동,,43626
576-370,전북,김제시,명덕동,,43627
576-100,전북,김제시,백학동,,43628
576-070,전북,김제시,복죽동,,43629
576-110,전북,김제시,상동동,,43630
576-710,전북,김제시,서암동 김제시청,,43631
576-120,전북,김제시,서암동,,43632
576-200,전북,김제시,서정동,,43633
576-090,전북,김제시,순동,,43634
576-130,전북,김제시,신곡동,,43635
576-360,전북,김제시,신덕동,,43636
576-330,전북,김제시,신월동,,43637
576-703,전북,김제시,신풍동 부영아파트,(301∼310동),43638
576-704,전북,김제시,신풍동 비사벌아파트,,43639
576-802,전북,김제시,신풍동,1∼170,43640
576-803,전북,김제시,신풍동,171∼213,43641
576-804,전북,김제시,신풍동,214∼3000,43642
576-020,전북,김제시,신풍동,,43643
576-210,전북,김제시,양전동,,43644
576-350,전북,김제시,연정동,,43645
576-180,전북,김제시,오정동,,43646
576-050,전북,김제시,옥산동,,43647
576-010,전북,김제시,요촌동 김제우체국,,43648
576-805,전북,김제시,요촌동,1∼110,43649
576-806,전북,김제시,요촌동,111∼378,43650
576-807,전북,김제시,요촌동,379∼3000,43651
576-010,전북,김제시,요촌동,,43652
576-030,전북,김제시,용동,,43653
576-320,전북,김제시,월봉동,,43654
576-190,전북,김제시,월성동,,43655
576-300,전북,김제시,입석동,,43656
576-310,전북,김제시,장화동,,43657
576-340,전북,김제시,제월동,,43658
576-140,전북,김제시,하동,,43659
576-170,전북,김제시,황산동,,43660
576-150,전북,김제시,흥사동,,43661
576-861,전북,김제시,만경읍 대동리,,43662
576-862,전북,김제시,만경읍 만경리,,43663
576-863,전북,김제시,만경읍 몽산리,,43664
576-864,전북,김제시,만경읍 소토리,,43665
576-864,전북,김제시,만경읍 송상리,,43666
576-861,전북,김제시,만경읍 장산리,,43667
576-863,전북,김제시,만경읍 화포리,,43668
576-860,전북,김제시,만경읍,,43669
576-711,전북,김제시,공덕면 벽성대학,,43670
576-921,전북,김제시,공덕면 공덕리,,43671
576-922,전북,김제시,공덕면 동계리,,43672
576-922,전북,김제시,공덕면 마현리,,43673
576-923,전북,김제시,공덕면 저산리,,43674
576-923,전북,김제시,공덕면 제말리,,43675
576-924,전북,김제시,공덕면 황산리,,43676
576-923,전북,김제시,공덕면 회룡리,,43677
576-920,전북,김제시,공덕면,,43678
576-851,전북,김제시,광활면 옥포리,,43679
576-852,전북,김제시,광활면 은파리,,43680
576-853,전북,김제시,광활면 창제리,,43681
576-850,전북,김제시,광활면,,43682
576-941,전북,김제시,금구면 금구리,,43683
576-942,전북,김제시,금구면 낙성리,,43684
576-943,전북,김제시,금구면 대화리,,43685
576-942,전북,김제시,금구면 산동리,,43686
576-941,전북,김제시,금구면 서도리,,43687
576-944,전북,김제시,금구면 선암리,,43688
576-943,전북,김제시,금구면 오봉리,,43689
576-944,전북,김제시,금구면 옥성리,,43690
576-941,전북,김제시,금구면 용복리,,43691
576-944,전북,김제시,금구면 용지리,,43692
576-943,전북,김제시,금구면 월전리,,43693
576-942,전북,김제시,금구면 청운리,,43694
576-944,전북,김제시,금구면 하신리,,43695
576-940,전북,김제시,금구면,,43696
576-961,전북,김제시,금산면 구월리,,43697
576-962,전북,김제시,금산면 금산리,,43698
576-963,전북,김제시,금산면 금성리,,43699
576-964,전북,김제시,금산면 삼봉리,,43700
576-963,전북,김제시,금산면 선동리,,43701
576-964,전북,김제시,금산면 성계리,,43702
576-962,전북,김제시,금산면 쌍용리,,43703
576-964,전북,김제시,금산면 용산리,,43704
576-963,전북,김제시,금산면 용호리,,43705
576-961,전북,김제시,금산면 원평리,,43706
576-963,전북,김제시,금산면 장흥리,,43707
576-962,전북,김제시,금산면 청도리,,43708
576-963,전북,김제시,금산면 화율리,,43709
576-960,전북,김제시,금산면,,43710
576-911,전북,김제시,백구면 마산리,,43711
576-912,전북,김제시,백구면 반월리,,43712
576-913,전북,김제시,백구면 백구리,,43713
576-914,전북,김제시,백구면 부용리,,43714
576-913,전북,김제시,백구면 삼정리,,43715
576-912,전북,김제시,백구면 석담리,,43716
576-911,전북,김제시,백구면 영상리,,43717
576-914,전북,김제시,백구면 월봉리,,43718
576-913,전북,김제시,백구면 유강리,,43719
576-912,전북,김제시,백구면 학동리,,43720
576-910,전북,김제시,백구면,,43721
576-881,전북,김제시,백산면 부거리,,43722
576-882,전북,김제시,백산면 상리,,43723
576-882,전북,김제시,백산면 상정리,,43724
576-881,전북,김제시,백산면 석교리,,43725
576-883,전북,김제시,백산면 수록리,,43726
576-884,전북,김제시,백산면 조종리,,43727
576-881,전북,김제시,백산면 하서리,,43728
576-884,전북,김제시,백산면 하정리,,43729
576-880,전북,김제시,백산면,,43730
576-951,전북,김제시,봉남면 구정리,,43731
576-952,전북,김제시,봉남면 내광리,,43732
576-952,전북,김제시,봉남면 대송리,,43733
576-953,전북,김제시,봉남면 신응리,,43734
576-952,전북,김제시,봉남면 신호리,,43735
576-953,전북,김제시,봉남면 용신리,,43736
576-953,전북,김제시,봉남면 종덕리,,43737
576-951,전북,김제시,봉남면 평사리,,43738
576-951,전북,김제시,봉남면 행촌리,,43739
576-951,전북,김제시,봉남면 화봉리,,43740
576-953,전북,김제시,봉남면 회성리,,43741
576-950,전북,김제시,봉남면,,43742
576-821,전북,김제시,부량면 금강리,,43743
576-821,전북,김제시,부량면 대평리,,43744
576-822,전북,김제시,부량면 신두리,,43745
576-822,전북,김제시,부량면 신용리,,43746
576-821,전북,김제시,부량면 옥정리,,43747
576-822,전북,김제시,부량면 용성리,,43748
576-822,전북,김제시,부량면 월승리,,43749
576-820,전북,김제시,부량면,,43750
576-841,전북,김제시,성덕면 남포리,,43751
576-842,전북,김제시,성덕면 대목리,,43752
576-842,전북,김제시,성덕면 대석리,,43753
576-841,전북,김제시,성덕면 묘라리,,43754
576-843,전북,김제시,성덕면 석동리,,43755
576-843,전북,김제시,성덕면 성덕리,,43756
576-840,전북,김제시,성덕면,,43757
576-971,전북,김제시,용지면 구암리,,43758
576-972,전북,김제시,용지면 반교리,,43759
576-971,전북,김제시,용지면 봉의리,,43760
576-973,전북,김제시,용지면 부교리,,43761
576-971,전북,김제시,용지면 송산리,,43762
576-973,전북,김제시,용지면 신정리,,43763
576-971,전북,김제시,용지면 예촌리,,43764
576-972,전북,김제시,용지면 와룡리,,43765
576-974,전북,김제시,용지면 용수리,,43766
576-973,전북,김제시,용지면 용암리,,43767
576-974,전북,김제시,용지면 장신리,,43768
576-972,전북,김제시,용지면 효정리,,43769
576-970,전북,김제시,용지면,,43770
576-831,전북,김제시,죽산면 대창리,,43771
576-831,전북,김제시,죽산면 서포리,,43772
576-831,전북,김제시,죽산면 신흥리,,43773
576-832,전북,김제시,죽산면 연포리,,43774
576-833,전북,김제시,죽산면 옥성리,,43775
576-833,전북,김제시,죽산면 종신리,,43776
576-832,전북,김제시,죽산면 죽산리,,43777
576-833,전북,김제시,죽산면 홍산리,,43778
576-830,전북,김제시,죽산면,,43779
576-871,전북,김제시,진봉면 가실리,,43780
576-872,전북,김제시,진봉면 고사리,,43781
576-873,전북,김제시,진봉면 상궐리,,43782
576-874,전북,김제시,진봉면 심포리,,43783
576-871,전북,김제시,진봉면 정당리,,43784
576-870,전북,김제시,진봉면,,43785
576-891,전북,김제시,청하면 관상리,,43786
576-892,전북,김제시,청하면 대청리,,43787
576-893,전북,김제시,청하면 동지산리,,43788
576-892,전북,김제시,청하면 월현리,,43789
576-891,전북,김제시,청하면 장산리,,43790
576-890,전북,김제시,청하면,,43791
576-931,전북,김제시,황산면 남산리,,43792
576-932,전북,김제시,황산면 봉월리,,43793
576-932,전북,김제시,황산면 쌍감리,,43794
576-933,전북,김제시,황산면 용마리,,43795
576-933,전북,김제시,황산면 진흥리,,43796
576-933,전북,김제시,황산면 홍정리,,43797
576-930,전북,김제시,황산면,,43798
576-600,전북,김제시,김제우체국사서함,,43799
590-220,전북,남원시,갈치동,,43800
590-702,전북,남원시,고죽동 남원의료원,,43801
590-210,전북,남원시,고죽동,,43802
590-711,전북,남원시,광치동 서남대학교,,43803
590-170,전북,남원시,광치동,,43804
590-980,전북,남원시,금동,1∼281,43805
590-981,전북,남원시,금동,282∼400,43806
590-982,전북,남원시,금동,401∼584,43807
590-030,전북,남원시,금동,,43808
590-160,전북,남원시,내척동,,43809
590-751,전북,남원시,노암동 주공아파트,,43810
590-752,전북,남원시,노암동 한신아파트,,43811
590-090,전북,남원시,노암동,,43812
590-701,전북,남원시,도통동 남원시청,,43813
590-753,전북,남원시,도통동 도통아파트,,43814
590-754,전북,남원시,도통동 부영1차아파트,,43815
590-762,전북,남원시,도통동 부영5차아파트,(501∼507동),43816
590-755,전북,남원시,도통동 우성아파트,,43817
590-983,전북,남원시,도통동,1∼496,43818
590-984,전북,남원시,도통동,497∼540,43819
590-190,전북,남원시,도통동,,43820
590-703,전북,남원시,동충동 전주지방검찰청남원지청,,43821
590-704,전북,남원시,동충동 전주지방법원남원지원,,43822
590-756,전북,남원시,동충동 현대아파트,,43823
590-985,전북,남원시,동충동,1∼56,43824
590-986,전북,남원시,동충동,57∼329,43825
590-010,전북,남원시,동충동,,43826
590-150,전북,남원시,산곡동,,43827
590-230,전북,남원시,식정동,,43828
590-130,전북,남원시,신정동,,43829
590-110,전북,남원시,신촌동,,43830
590-070,전북,남원시,쌍교동,,43831
590-100,전북,남원시,어현동,,43832
590-120,전북,남원시,왕정동,,43833
590-180,전북,남원시,용정동,,43834
590-760,전북,남원시,월락동 부영2차아파트,(201∼208동),43835
590-761,전북,남원시,월락동 부영3차아파트,(301∼307동),43836
590-763,전북,남원시,월락동 호반아파트,,43837
590-200,전북,남원시,월락동,,43838
590-040,전북,남원시,조산동,,43839
590-757,전북,남원시,죽항동 죽항아파트,,43840
590-987,전북,남원시,죽항동,2∼238,43841
590-988,전북,남원시,죽항동,239∼316,43842
590-060,전북,남원시,죽항동,,43843
590-080,전북,남원시,천거동,,43844
590-050,전북,남원시,하정동 남원우체국,,43845
590-050,전북,남원시,하정동,,43846
590-759,전북,남원시,향교동 중앙하이츠아파트,,43847
590-758,전북,남원시,향교동 향교아파트,,43848
590-989,전북,남원시,향교동,1∼401,43849
590-990,전북,남원시,향교동,402∼1121,43850
590-020,전북,남원시,향교동,,43851
590-140,전북,남원시,화정동,,43852
590-831,전북,남원시,운봉읍 가산리,,43853
590-832,전북,남원시,운봉읍 공안리,,43854
590-831,전북,남원시,운봉읍 권포리,,43855
590-833,전북,남원시,운봉읍 덕산리,,43856
590-834,전북,남원시,운봉읍 동천리,,43857
590-831,전북,남원시,운봉읍 매요리,,43858
590-834,전북,남원시,운봉읍 북천리,,43859
590-832,전북,남원시,운봉읍 산덕리,,43860
590-834,전북,남원시,운봉읍 서천리,,43861
590-834,전북,남원시,운봉읍 신기리,,43862
590-832,전북,남원시,운봉읍 용산리,,43863
590-831,전북,남원시,운봉읍 임리,,43864
590-831,전북,남원시,운봉읍 장교리,,43865
590-833,전북,남원시,운봉읍 주촌리,,43866
590-831,전북,남원시,운봉읍 준향리,,43867
590-833,전북,남원시,운봉읍 행정리,,43868
590-832,전북,남원시,운봉읍 화수리,,43869
590-830,전북,남원시,운봉읍,,43870
590-951,전북,남원시,금지면 귀석리,,43871
590-952,전북,남원시,금지면 방촌리,,43872
590-951,전북,남원시,금지면 상귀리,,43873
590-953,전북,남원시,금지면 상신리,,43874
590-952,전북,남원시,금지면 서매리,,43875
590-951,전북,남원시,금지면 신월리,,43876
590-953,전북,남원시,금지면 옹정리,,43877
590-952,전북,남원시,금지면 입암리,,43878
590-953,전북,남원시,금지면 창산리,,43879
590-952,전북,남원시,금지면 택내리,,43880
590-951,전북,남원시,금지면 하도리,,43881
590-950,전북,남원시,금지면,,43882
590-961,전북,남원시,대강면 강석리,,43883
590-962,전북,남원시,대강면 방동리,,43884
590-962,전북,남원시,대강면 방산리,,43885
590-961,전북,남원시,대강면 사석리,,43886
590-962,전북,남원시,대강면 생암리,,43887
590-961,전북,남원시,대강면 송대리,,43888
590-963,전북,남원시,대강면 수홍리,,43889
590-962,전북,남원시,대강면 신덕리,,43890
590-963,전북,남원시,대강면 옥택리,,43891
590-962,전북,남원시,대강면 월탄리,,43892
590-961,전북,남원시,대강면 입암리,,43893
590-963,전북,남원시,대강면 평촌리,,43894
590-963,전북,남원시,대강면 풍산리,,43895
590-960,전북,남원시,대강면,,43896
590-971,전북,남원시,대산면 금성리,,43897
590-971,전북,남원시,대산면 길곡리,,43898
590-972,전북,남원시,대산면 대곡리,,43899
590-972,전북,남원시,대산면 수덕리,,43900
590-972,전북,남원시,대산면 신계리,,43901
590-971,전북,남원시,대산면 옥율리,,43902
590-971,전북,남원시,대산면 운교리,,43903
590-972,전북,남원시,대산면 풍촌리,,43904
590-970,전북,남원시,대산면,,43905
590-911,전북,남원시,덕과면 고정리,,43906
590-911,전북,남원시,덕과면 덕촌리,,43907
590-912,전북,남원시,덕과면 만도리,,43908
590-912,전북,남원시,덕과면 사율리,,43909
590-912,전북,남원시,덕과면 신양리,,43910
590-911,전북,남원시,덕과면 용산리,,43911
590-910,전북,남원시,덕과면,,43912
590-881,전북,남원시,보절면 괴양리,,43913
590-882,전북,남원시,보절면 금다리,,43914
590-883,전북,남원시,보절면 도룡리,,43915
590-883,전북,남원시,보절면 사촌리,,43916
590-881,전북,남원시,보절면 서치리,,43917
590-883,전북,남원시,보절면 성시리,,43918
590-882,전북,남원시,보절면 신파리,,43919
590-881,전북,남원시,보절면 진기리,,43920
590-882,전북,남원시,보절면 황벌리,,43921
590-880,전북,남원시,보절면,,43922
590-891,전북,남원시,사매면 계수리,,43923
590-892,전북,남원시,사매면 관풍리,,43924
590-892,전북,남원시,사매면 대신리,,43925
590-892,전북,남원시,사매면 대율리,,43926
590-891,전북,남원시,사매면 서도리,,43927
590-892,전북,남원시,사매면 오신리,,43928
590-891,전북,남원시,사매면 월평리,,43929
590-891,전북,남원시,사매면 인화리,,43930
590-892,전북,남원시,사매면 화정리,,43931
590-890,전북,남원시,사매면,,43932
590-851,전북,남원시,산내면 내령리,,43933
590-851,전북,남원시,산내면 대정리,,43934
590-852,전북,남원시,산내면 덕동리,,43935
590-853,전북,남원시,산내면 백일리,,43936
590-852,전북,남원시,산내면 부운리,,43937
590-853,전북,남원시,산내면 입석리,,43938
590-851,전북,남원시,산내면 장항리,,43939
590-853,전북,남원시,산내면 중황리,,43940
590-850,전북,남원시,산내면,,43941
590-871,전북,남원시,산동면 대기리,,43942
590-872,전북,남원시,산동면 대상리,,43943
590-872,전북,남원시,산동면 목동리,,43944
590-871,전북,남원시,산동면 부절리,,43945
590-872,전북,남원시,산동면 식련리,,43946
590-871,전북,남원시,산동면 월석리,,43947
590-872,전북,남원시,산동면 태평리,,43948
590-870,전북,남원시,산동면,,43949
590-931,전북,남원시,송동면 두신리,,43950
590-932,전북,남원시,송동면 사촌리,,43951
590-931,전북,남원시,송동면 세전리,,43952
590-932,전북,남원시,송동면 송기리,,43953
590-932,전북,남원시,송동면 송내리,,43954
590-933,전북,남원시,송동면 송상리,,43955
590-932,전북,남원시,송동면 신평리,,43956
590-931,전북,남원시,송동면 양평리,,43957
590-931,전북,남원시,송동면 연산리,,43958
590-931,전북,남원시,송동면 영동리,,43959
590-933,전북,남원시,송동면 장국리,,43960
590-931,전북,남원시,송동면 장포리,,43961
590-933,전북,남원시,송동면 흑송리,,43962
590-930,전북,남원시,송동면,,43963
590-921,전북,남원시,수지면 고평리,,43964
590-922,전북,남원시,수지면 남창리,,43965
590-922,전북,남원시,수지면 산정리,,43966
590-921,전북,남원시,수지면 유암리,,43967
590-922,전북,남원시,수지면 초리,,43968
590-921,전북,남원시,수지면 호곡리,,43969
590-920,전북,남원시,수지면,,43970
590-861,전북,남원시,아영면 갈계리,,43971
590-862,전북,남원시,아영면 구상리,,43972
590-862,전북,남원시,아영면 두락리,,43973
590-861,전북,남원시,아영면 봉대리,,43974
590-863,전북,남원시,아영면 성리,,43975
590-861,전북,남원시,아영면 아곡리,,43976
590-863,전북,남원시,아영면 월산리,,43977
590-862,전북,남원시,아영면 의지리,,43978
590-861,전북,남원시,아영면 인풍리,,43979
590-862,전북,남원시,아영면 일대리,,43980
590-863,전북,남원시,아영면 청계리,,43981
590-860,전북,남원시,아영면,,43982
590-821,전북,남원시,이백면 강기리,,43983
590-822,전북,남원시,이백면 과립리,,43984
590-821,전북,남원시,이백면 남계리,,43985
590-821,전북,남원시,이백면 내동리,,43986
590-823,전북,남원시,이백면 서곡리,,43987
590-821,전북,남원시,이백면 양가리,,43988
590-823,전북,남원시,이백면 척문리,,43989
590-823,전북,남원시,이백면 초촌리,,43990
590-822,전북,남원시,이백면 평촌리,,43991
590-822,전북,남원시,이백면 효기리,,43992
590-820,전북,남원시,이백면,,43993
590-841,전북,남원시,인월면 건지리,,43994
590-842,전북,남원시,인월면 상우리,,43995
590-843,전북,남원시,인월면 서무리,,43996
590-842,전북,남원시,인월면 성산리,,43997
590-841,전북,남원시,인월면 유곡리,,43998
590-843,전북,남원시,인월면 인월리,,43999
590-841,전북,남원시,인월면 자래리,,44000
590-842,전북,남원시,인월면 중군리,,44001
590-841,전북,남원시,인월면 취암리,,44002
590-840,전북,남원시,인월면,,44003
590-941,전북,남원시,주생면 낙동리,,44004
590-941,전북,남원시,주생면 내동리,,44005
590-941,전북,남원시,주생면 도산리,,44006
590-942,전북,남원시,주생면 상동리,,44007
590-942,전북,남원시,주생면 영천리,,44008
590-942,전북,남원시,주생면 정송리,,44009
590-941,전북,남원시,주생면 제천리,,44010
590-942,전북,남원시,주생면 중동리,,44011
590-942,전북,남원시,주생면 지당리,,44012
590-940,전북,남원시,주생면,,44013
590-835,전북,남원시,주천면 고기리,,44014
590-835,전북,남원시,주천면 덕치리,,44015
590-811,전북,남원시,주천면 배덕리,,44016
590-811,전북,남원시,주천면 송치리,,44017
590-811,전북,남원시,주천면 용궁리,,44018
590-812,전북,남원시,주천면 용담리,,44019
590-812,전북,남원시,주천면 은송리,,44020
590-812,전북,남원시,주천면 장안리,,44021
590-811,전북,남원시,주천면 주천리,,44022
590-811,전북,남원시,주천면 호경리,,44023
590-812,전북,남원시,주천면 호기리,,44024
590-810,전북,남원시,주천면,,44025
590-600,전북,남원시,남원우체국사서함,,44026
570-030,전북,익산시,갈산동,,44027
570-150,전북,익산시,금강동,,44028
570-703,전북,익산시,남중동 KT익산지사,,44029
570-759,전북,익산시,남중동 익산세무서,,44030
570-753,전북,익산시,남중동 익산시청,,44031
570-751,전북,익산시,남중동 익산지방국토관리청,,44032
570-702,전북,익산시,남중동 전북기계공업고등학교,,44033
570-954,전북,익산시,남중동,1∼150,44034
570-955,전북,익산시,남중동,151∼310,44035
570-956,전북,익산시,남중동,311∼450,44036
570-957,전북,익산시,남중동,451∼600,44037
570-100,전북,익산시,남중동,,44038
570-310,전북,익산시,덕기동,,44039
570-726,전북,익산시,동산동 동산동2차제일아파트,(201∼204동),44040
570-721,전북,익산시,동산동 동신아파트,,44041
570-722,전북,익산시,동산동 세경1차아파트,(101∼113동),44042
570-723,전북,익산시,동산동 세경2차아파트,(201∼203동),44043
570-724,전북,익산시,동산동 우남아파트,,44044
570-725,전북,익산시,동산동 주공아파트,,44045
570-958,전북,익산시,동산동,1∼313,44046
570-959,전북,익산시,동산동,314∼1044,44047
570-960,전북,익산시,동산동,1045∼1058,44048
570-961,전북,익산시,동산동,1059∼1200,44049
570-060,전북,익산시,동산동,,44050
570-741,전북,익산시,마동 시영아파트,,44051
570-740,전북,익산시,마동 이지스위트밸리아파트,(101∼105동),44052
570-752,전북,익산시,마동 전북대학교익산캠퍼스,,44053
570-742,전북,익산시,마동 주공1차아파트,(1∼16동),44054
570-962,전북,익산시,마동,1∼190,44055
570-963,전북,익산시,마동,191∼329,44056
570-964,전북,익산시,마동,330∼400,44057
570-110,전북,익산시,마동,,44058
570-200,전북,익산시,만석동,,44059
570-757,전북,익산시,모현동1가 대림e편한세상아파트,(101∼115동),44060
570-756,전북,익산시,모현동1가 모현우림아파트,,44061
570-755,전북,익산시,모현동1가 모현현대1차아파트,(101∼105동),44062
570-758,전북,익산시,모현동1가 모현현대2차아파트,(201∼209동),44063
570-783,전북,익산시,모현동1가 익산배산사랑으로부영1차아파트,(101∼112동),44064
570-745,전북,익산시,모현동1가 주공2차아파트,(201∼218동),44065
570-746,전북,익산시,모현동1가 중앙하이츠아파트,(1∼5동),44066
570-965,전북,익산시,모현동1가,1∼119,44067
570-966,전북,익산시,모현동1가,120∼250,44068
570-967,전북,익산시,모현동1가,251∼380,44069
570-968,전북,익산시,모현동1가,381∼529,44070
570-969,전북,익산시,모현동1가,530∼800,44071
570-091,전북,익산시,모현동1가,,44072
570-701,전북,익산시,모현동2가 익산경찰서,,44073
570-120,전북,익산시,모현동2가 익산우체국,,44074
570-970,전북,익산시,모현동2가,5∼339,44075
570-971,전북,익산시,모현동2가,340∼526,44076
570-092,전북,익산시,모현동2가,,44077
570-729,전북,익산시,목천동 한스빌아파트,,44078
570-130,전북,익산시,목천동,,44079
570-771,전북,익산시,부송동 동신아파트,,44080
570-760,전북,익산시,부송동 동아1차아파트,,44081
570-772,전북,익산시,부송동 동아2차아파트,(201∼205동),44082
570-778,전북,익산시,부송동 리젠시빌아파트,(501∼505동),44083
570-773,전북,익산시,부송동 부영5차아파트,(501∼506동),44084
570-774,전북,익산시,부송동 삼성아파트,,44085
570-775,전북,익산시,부송동 우남콤비타운아파트,,44086
570-776,전북,익산시,부송동 우미아파트,,44087
570-761,전북,익산시,부송동 주공1차아파트,,44088
570-777,전북,익산시,부송동 주공2차아파트,(201∼303동),44089
570-777,전북,익산시,부송동 주공3차아파트,(201∼303동),44090
570-972,전북,익산시,부송동,1∼299,44091
570-973,전북,익산시,부송동,300∼1100,44092
570-360,전북,익산시,부송동,,44093
570-330,전북,익산시,석암동,,44094
570-320,전북,익산시,석왕동,,44095
570-070,전북,익산시,석탄동,,44096
570-080,전북,익산시,송학동,,44097
570-728,전북,익산시,신동 신동아파트,,44098
570-974,전북,익산시,신동,1∼279,44099
570-975,전북,익산시,신동,280∼600,44100
570-976,전북,익산시,신동,601∼900,44101
570-170,전북,익산시,신동,,44102
570-749,전북,익산시,신용동 원광대학교,,44103
570-711,전북,익산시,신용동 원광대학병원,,44104
570-750,전북,익산시,신용동 원광보건대학,,44105
570-754,전북,익산시,신용동 원불교중앙총부건물,,44106
570-180,전북,익산시,신용동,,44107
570-704,전북,익산시,신흥동 전라북도농업기술원,,44108
570-977,전북,익산시,신흥동,1∼900,44109
570-140,전북,익산시,신흥동,,44110
570-731,전북,익산시,어양동 부영1차아파트,(101∼108동),44111
570-732,전북,익산시,어양동 부영2차아파트,(201∼207동),44112
570-733,전북,익산시,어양동 쌍용아파트,,44113
570-739,전북,익산시,어양동 익산자이아파트,(101∼110동),44114
570-734,전북,익산시,어양동 주공1차아파트,(1∼22동),44115
570-735,전북,익산시,어양동 주공4차아파트,(401∼609동),44116
570-735,전북,익산시,어양동 주공5차아파트,(401∼609동),44117
570-735,전북,익산시,어양동 주공6차아파트,(401∼609동),44118
570-738,전북,익산시,어양동 주공7차아파트,(701∼806동),44119
570-738,전북,익산시,어양동 주공8차아파트,(701∼806동),44120
570-210,전북,익산시,어양동,,44121
570-762,전북,익산시,영등동 동신아파트,,44122
570-764,전북,익산시,영등동 부영3차아파트,(301∼308동),44123
570-765,전북,익산시,영등동 비사벌아파트,,44124
570-763,전북,익산시,영등동 신일아파트,,44125
570-780,전북,익산시,영등동 영등2차제일아파트,,44126
570-766,전북,익산시,영등동 우남그랜드타운,,44127
570-767,전북,익산시,영등동 우남샘물타운아파트,,44128
570-768,전북,익산시,영등동 제일1차아파트,(101∼107동),44129
570-769,전북,익산시,영등동 제일3차아파트,(501∼511동),44130
570-770,전북,익산시,영등동 제일4차아파트,(601∼605동),44131
570-979,전북,익산시,영등동,1∼528,44132
570-980,전북,익산시,영등동,529∼680,44133
570-981,전북,익산시,영등동,681∼762,44134
570-982,전북,익산시,영등동,763∼900,44135
570-160,전북,익산시,영등동,,44136
570-350,전북,익산시,용제동,,44137
570-390,전북,익산시,월성동,,44138
570-340,전북,익산시,은기동,,44139
570-983,전북,익산시,인화동1가,1∼136,44140
570-984,전북,익산시,인화동1가,137∼211,44141
570-051,전북,익산시,인화동1가,,44142
570-985,전북,익산시,인화동2가,1∼66,44143
570-986,전북,익산시,인화동2가,67∼110,44144
570-987,전북,익산시,인화동2가,111∼411,44145
570-052,전북,익산시,인화동2가,,44146
570-380,전북,익산시,임상동,,44147
570-370,전북,익산시,정족동,,44148
570-705,전북,익산시,주현동 익산등기소,,44149
570-705,전북,익산시,주현동 익산시법원,,44150
570-040,전북,익산시,주현동,,44151
570-121,전북,익산시,중앙동1가,,44152
570-122,전북,익산시,중앙동2가,,44153
570-988,전북,익산시,중앙동3가,1∼60,44154
570-989,전북,익산시,중앙동3가,61∼200,44155
570-123,전북,익산시,중앙동3가,,44156
570-990,전북,익산시,창인동1가,5∼13,44157
570-991,전북,익산시,창인동1가,14∼234,44158
570-992,전북,익산시,창인동1가,235∼300,44159
570-021,전북,익산시,창인동1가,,44160
570-993,전북,익산시,창인동2가,1∼111,44161
570-994,전북,익산시,창인동2가,112,44162
570-995,전북,익산시,창인동2가,113∼723,44163
570-022,전북,익산시,창인동2가,,44164
570-747,전북,익산시,팔봉동 기안파인골드빌2차,(201∼205동),44165
570-743,전북,익산시,팔봉동 파인골드빌아파트,,44166
570-996,전북,익산시,팔봉동,1∼150,44167
570-997,전북,익산시,팔봉동,151∼799,44168
570-998,전북,익산시,팔봉동,800∼900,44169
570-300,전북,익산시,팔봉동,,44170
570-710,전북,익산시,평화동 평화동제일아파트,(101∼104동),44171
570-010,전북,익산시,평화동,,44172
570-190,전북,익산시,현영동,,44173
570-801,전북,익산시,함열읍 남당리,,44174
570-802,전북,익산시,함열읍 다송리,,44175
570-802,전북,익산시,함열읍 석매리,,44176
570-803,전북,익산시,함열읍 와리,1∼309,44177
570-804,전북,익산시,함열읍 와리,310∼579,44178
570-805,전북,익산시,함열읍 와리,580∼925,44179
570-806,전북,익산시,함열읍 와리,926∼1000,44180
570-802,전북,익산시,함열읍 용지리,,44181
570-801,전북,익산시,함열읍 흘산리,,44182
570-800,전북,익산시,함열읍,,44183
570-911,전북,익산시,금마면 갈산리,,44184
570-911,전북,익산시,금마면 기양리,,44185
570-912,전북,익산시,금마면 동고도리,,44186
570-914,전북,익산시,금마면 산북리,,44187
570-913,전북,익산시,금마면 서고도리,,44188
570-914,전북,익산시,금마면 신용리,,44189
570-911,전북,익산시,금마면 용순리,,44190
570-910,전북,익산시,금마면,,44191
570-891,전북,익산시,낭산면 구평리,,44192
570-892,전북,익산시,낭산면 낭산리,,44193
570-893,전북,익산시,낭산면 삼담리,,44194
570-892,전북,익산시,낭산면 석천리,,44195
570-894,전북,익산시,낭산면 성남리,,44196
570-891,전북,익산시,낭산면 용기리,,44197
570-894,전북,익산시,낭산면 호암리,,44198
570-890,전북,익산시,낭산면,,44199
570-881,전북,익산시,망성면 내촌리,,44200
570-881,전북,익산시,망성면 무형리,,44201
570-882,전북,익산시,망성면 신작리,,44202
570-883,전북,익산시,망성면 어량리,,44203
570-883,전북,익산시,망성면 장선리,,44204
570-882,전북,익산시,망성면 화산리,,44205
570-880,전북,익산시,망성면,,44206
570-821,전북,익산시,삼기면 간촌리,,44207
570-822,전북,익산시,삼기면 기산리,,44208
570-821,전북,익산시,삼기면 서두리,,44209
570-823,전북,익산시,삼기면 연동리,,44210
570-823,전북,익산시,삼기면 오룡리,,44211
570-822,전북,익산시,삼기면 용연리,,44212
570-820,전북,익산시,삼기면,,44213
570-851,전북,익산시,성당면 갈산리,,44214
570-852,전북,익산시,성당면 대선리,,44215
570-853,전북,익산시,성당면 두동리,,44216
570-851,전북,익산시,성당면 부곡리,,44217
570-853,전북,익산시,성당면 성당리,,44218
570-852,전북,익산시,성당면 와초리,,44219
570-851,전북,익산시,성당면 장선리,,44220
570-850,전북,익산시,성당면,,44221
570-931,전북,익산시,여산면 두여리,,44222
570-932,전북,익산시,여산면 여산리,,44223
570-933,전북,익산시,여산면 원수리,,44224
570-932,전북,익산시,여산면 제남리,,44225
570-934,전북,익산시,여산면 태성리,,44226
570-933,전북,익산시,여산면 호산리,,44227
570-930,전북,익산시,여산면,,44228
570-921,전북,익산시,오산면 남전리,,44229
570-921,전북,익산시,오산면 목천리,,44230
570-922,전북,익산시,오산면 송학리,,44231
570-923,전북,익산시,오산면 신지리,,44232
570-924,전북,익산시,오산면 영만리,,44233
570-924,전북,익산시,오산면 오산리,,44234
570-922,전북,익산시,오산면 장신리,,44235
570-920,전북,익산시,오산면,,44236
570-941,전북,익산시,왕궁면 광암리,,44237
570-942,전북,익산시,왕궁면 구덕리,,44238
570-943,전북,익산시,왕궁면 도순리,,44239
570-941,전북,익산시,왕궁면 동봉리,,44240
570-941,전북,익산시,왕궁면 동용리,,44241
570-943,전북,익산시,왕궁면 동촌리,,44242
570-944,전북,익산시,왕궁면 발산리,,44243
570-945,전북,익산시,왕궁면 쌍제리,,44244
570-945,전북,익산시,왕궁면 온수리,,44245
570-943,전북,익산시,왕궁면 왕궁리,,44246
570-943,전북,익산시,왕궁면 용화리,,44247
570-944,전북,익산시,왕궁면 평장리,,44248
570-946,전북,익산시,왕궁면 흥암리,,44249
570-940,전북,익산시,왕궁면,,44250
570-871,전북,익산시,용동면 구산리,,44251
570-871,전북,익산시,용동면 대조리,,44252
570-871,전북,익산시,용동면 용성리,,44253
570-872,전북,익산시,용동면 화배리,,44254
570-872,전북,익산시,용동면 화실리,,44255
570-871,전북,익산시,용동면 흥왕리,,44256
570-870,전북,익산시,용동면,,44257
570-861,전북,익산시,용안면 교동리,,44258
570-861,전북,익산시,용안면 난포리,,44259
570-861,전북,익산시,용안면 덕용리,,44260
570-862,전북,익산시,용안면 동지산리,,44261
570-863,전북,익산시,용안면 법성리,,44262
570-861,전북,익산시,용안면 석동리,,44263
570-862,전북,익산시,용안면 송산리,,44264
570-863,전북,익산시,용안면 용두리,,44265
570-863,전북,익산시,용안면 중신리,,44266
570-863,전북,익산시,용안면 창리,,44267
570-862,전북,익산시,용안면 칠목리,,44268
570-860,전북,익산시,용안면,,44269
570-831,전북,익산시,웅포면 고창리,,44270
570-832,전북,익산시,웅포면 대붕암리,,44271
570-832,전북,익산시,웅포면 맹산리,,44272
570-831,전북,익산시,웅포면 송천리,,44273
570-831,전북,익산시,웅포면 웅포리,,44274
570-831,전북,익산시,웅포면 입점리,,44275
570-832,전북,익산시,웅포면 제성리,,44276
570-830,전북,익산시,웅포면,,44277
570-744,전북,익산시,춘포면 쌍정리 고려온천아파트,(101∼105동),44278
570-951,전북,익산시,춘포면 덕실리,,44279
570-951,전북,익산시,춘포면 삼포리,,44280
570-952,전북,익산시,춘포면 신동리,,44281
570-953,전북,익산시,춘포면 쌍정리,,44282
570-952,전북,익산시,춘포면 오산리,,44283
570-952,전북,익산시,춘포면 용연리,,44284
570-952,전북,익산시,춘포면 인수리,,44285
570-953,전북,익산시,춘포면 창평리,,44286
570-953,전북,익산시,춘포면 천동리,,44287
570-953,전북,익산시,춘포면 천서리,,44288
570-951,전북,익산시,춘포면 춘포리,,44289
570-950,전북,익산시,춘포면,,44290
570-841,전북,익산시,함라면 금성리,,44291
570-842,전북,익산시,함라면 다망리,,44292
570-843,전북,익산시,함라면 신대리,,44293
570-843,전북,익산시,함라면 신등리,,44294
570-842,전북,익산시,함라면 신목리,,44295
570-841,전북,익산시,함라면 함열리,,44296
570-840,전북,익산시,함라면,,44297
570-811,전북,익산시,황등면 구자리,,44298
570-812,전북,익산시,황등면 동연리,,44299
570-813,전북,익산시,황등면 신기리,,44300
570-813,전북,익산시,황등면 신성리,,44301
570-811,전북,익산시,황등면 용산리,,44302
570-811,전북,익산시,황등면 율촌리,,44303
570-813,전북,익산시,황등면 죽촌리,,44304
570-814,전북,익산시,황등면 황등리,,44305
570-810,전북,익산시,황등면,,44306
570-600,전북,익산시,익산우체국사서함,,44307
570-601,전북,익산시,익산공단우체국사서함,,44308
561-420,전북,전주시 덕진구,강흥동,,44309
561-746,전북,전주시 덕진구,고랑동 명성아파트,,44310
561-340,전북,전주시 덕진구,고랑동,,44311
561-227,전북,전주시 덕진구,금상동,,44312
561-703,전북,전주시 덕진구,금암1동 교보생명빌딩,,44313
561-726,전북,전주시 덕진구,금암1동 삼성화재빌딩,,44314
561-704,전북,전주시 덕진구,금암1동 영진빌딩,,44315
561-711,전북,전주시 덕진구,금암1동 전북은행빌딩,,44316
561-762,전북,전주시 덕진구,금암1동 전북일보사건물,,44317
561-727,전북,전주시 덕진구,금암1동 한화생명빌딩,,44318
561-801,전북,전주시 덕진구,금암1동,452∼469,44319
561-802,전북,전주시 덕진구,금암1동,470,44320
561-803,전북,전주시 덕진구,금암1동,471,44321
561-801,전북,전주시 덕진구,금암1동,472∼476,44322
561-802,전북,전주시 덕진구,금암1동,477∼496,44323
561-802,전북,전주시 덕진구,금암1동,517∼522,44324
561-802,전북,전주시 덕진구,금암1동,527∼625,44325
561-803,전북,전주시 덕진구,금암1동,626∼630,44326
561-802,전북,전주시 덕진구,금암1동,631∼632,44327
561-803,전북,전주시 덕진구,금암1동,635∼696,44328
561-801,전북,전주시 덕진구,금암1동,697∼706,44329
561-803,전북,전주시 덕진구,금암1동,707∼710,44330
561-801,전북,전주시 덕진구,금암1동,711∼719,44331
561-803,전북,전주시 덕진구,금암1동,720∼729,44332
561-802,전북,전주시 덕진구,금암1동,730∼749,44333
561-801,전북,전주시 덕진구,금암1동,750∼795,44334
561-803,전북,전주시 덕진구,금암1동,796∼1520,44335
561-803,전북,전주시 덕진구,금암1동,1522∼1549,44336
561-802,전북,전주시 덕진구,금암1동,1550∼1558,44337
561-850,전북,전주시 덕진구,금암1동,산10∼18,44338
561-181,전북,전주시 덕진구,금암1동,,44339
561-712,전북,전주시 덕진구,금암2동 전북대학병원,,44340
561-800,전북,전주시 덕진구,금암2동,1∼451,44341
561-800,전북,전주시 덕진구,금암2동,497∼516,44342
561-804,전북,전주시 덕진구,금암2동,523∼526,44343
561-805,전북,전주시 덕진구,금암2동,633∼634,44344
561-800,전북,전주시 덕진구,금암2동,1521,44345
561-805,전북,전주시 덕진구,금암2동,1559∼1563,44346
561-804,전북,전주시 덕진구,금암2동,1564∼1567,44347
561-800,전북,전주시 덕진구,금암2동,1568∼1572,44348
561-806,전북,전주시 덕진구,금암2동,1573∼1586,44349
561-805,전북,전주시 덕진구,금암2동,1587∼1597,44350
561-806,전북,전주시 덕진구,금암2동,1598∼1605,44351
561-182,전북,전주시 덕진구,금암2동,,44352
561-180,전북,전주시 덕진구,금암동,,44353
561-430,전북,전주시 덕진구,남정동,,44354
561-756,전북,전주시 덕진구,덕진동1가 전북대학교,,44355
561-705,전북,전주시 덕진구,덕진동1가 전주지방검찰청,,44356
561-758,전북,전주시 덕진구,덕진동1가 전주지방법원,,44357
561-807,전북,전주시 덕진구,덕진동1가,1∼1266,44358
561-810,전북,전주시 덕진구,덕진동1가,1267∼1347,44359
561-811,전북,전주시 덕진구,덕진동1가,1348∼1548,44360
561-807,전북,전주시 덕진구,덕진동1가,산1∼44,44361
561-191,전북,전주시 덕진구,덕진동1가,,44362
561-709,전북,전주시 덕진구,덕진동2가 영무예다음아파트,(101∼111동),44363
561-716,전북,전주시 덕진구,덕진동2가 하가더루벤스아파트,(101∼108동),44364
561-715,전북,전주시 덕진구,덕진동2가 하가휴먼빌아파트,(501∼507동),44365
561-851,전북,전주시 덕진구,덕진동2가,1∼210,44366
561-852,전북,전주시 덕진구,덕진동2가,211∼699,44367
561-852,전북,전주시 덕진구,덕진동2가,산1∼49,44368
561-192,전북,전주시 덕진구,덕진동2가,,44369
561-440,전북,전주시 덕진구,도덕동,,44370
561-450,전북,전주시 덕진구,도도동,,44371
561-751,전북,전주시 덕진구,동산동 대승아파트,,44372
561-752,전북,전주시 덕진구,동산동 우신아파트,,44373
561-320,전북,전주시 덕진구,동산동,,44374
561-748,전북,전주시 덕진구,만성동 도로교통공단TBN전주교통방송,,44375
561-350,전북,전주시 덕진구,만성동,,44376
561-754,전북,전주시 덕진구,반월동 남양아파트,,44377
561-755,전북,전주시 덕진구,반월동 대창아파트,,44378
561-745,전북,전주시 덕진구,반월동 반월주공아파트,,44379
561-753,전북,전주시 덕진구,반월동 삼오아파트,,44380
561-747,전북,전주시 덕진구,반월동 영무예다음아파트,,44381
561-370,전북,전주시 덕진구,반월동,,44382
561-225,전북,전주시 덕진구,산정동,,44383
561-390,전북,전주시 덕진구,성덕동,,44384
561-796,전북,전주시 덕진구,송천동1가 GS자이아파트,,44385
561-765,전북,전주시 덕진구,송천동1가 서호아파트,,44386
561-798,전북,전주시 덕진구,송천동1가 성원무지개아파트,,44387
561-869,전북,전주시 덕진구,송천동1가 송천동센트럴파크2단지아파트,(201∼207동),44388
561-809,전북,전주시 덕진구,송천동1가 송천동센트럴파크아파트,(101∼107동),44389
561-714,전북,전주시 덕진구,송천동1가 송천아이파크,(101∼116동),44390
561-757,전북,전주시 덕진구,송천동1가 신일아파트,,44391
561-795,전북,전주시 덕진구,송천동1가 우림아파트,,44392
561-768,전북,전주시 덕진구,송천동1가 제일아파트,,44393
561-861,전북,전주시 덕진구,송천동1가 진흥더블파크아파트,(101∼110동),44394
561-797,전북,전주시 덕진구,송천동1가 케이제이라미안아파트,(101∼104동),44395
561-764,전북,전주시 덕진구,송천동1가 한양아파트,,44396
561-794,전북,전주시 덕진구,송천동1가 현대2차아파트,(201∼204동),44397
561-816,전북,전주시 덕진구,송천동1가,1∼171,44398
561-817,전북,전주시 덕진구,송천동1가,172∼352,44399
561-818,전북,전주시 덕진구,송천동1가,353∼580,44400
561-819,전북,전주시 덕진구,송천동1가,581∼760,44401
561-816,전북,전주시 덕진구,송천동1가,산1∼69,44402
561-301,전북,전주시 덕진구,송천동1가,,44403
561-763,전북,전주시 덕진구,송천동2가 대명아파트,,44404
561-767,전북,전주시 덕진구,송천동2가 동아아파트,,44405
561-750,전북,전주시 덕진구,송천동2가 롯데아파트,(1∼10동),44406
561-799,전북,전주시 덕진구,송천동2가 사서함,89,44407
561-793,전북,전주시 덕진구,송천동2가 송천주공2차아파트,(201∼210동),44408
561-759,전북,전주시 덕진구,송천동2가 신동비사벌아파트,,44409
561-766,전북,전주시 덕진구,송천동2가 쌍용1차아파트,(101∼103동),44410
561-728,전북,전주시 덕진구,송천동2가 쌍용2차아파트,,44411
561-761,전북,전주시 덕진구,송천동2가 주공아파트,,44412
561-760,전북,전주시 덕진구,송천동2가 현대3차아파트,,44413
561-820,전북,전주시 덕진구,송천동2가,51∼400,44414
561-821,전북,전주시 덕진구,송천동2가,401∼599,44415
561-822,전북,전주시 덕진구,송천동2가,600∼1268,44416
561-820,전북,전주시 덕진구,송천동2가,산24∼81,44417
561-302,전북,전주시 덕진구,송천동2가,,44418
561-770,전북,전주시 덕진구,여의동 공영아파트,,44419
561-769,전북,전주시 덕진구,여의동 동국아파트,,44420
561-733,전북,전주시 덕진구,여의동 제일아파트,,44421
561-330,전북,전주시 덕진구,여의동,,44422
561-380,전북,전주시 덕진구,용정동,,44423
561-221,전북,전주시 덕진구,우아동1가,,44424
561-774,전북,전주시 덕진구,우아동2가 롯데아파트,,44425
561-775,전북,전주시 덕진구,우아동2가 진버들대우아파트,,44426
561-222,전북,전주시 덕진구,우아동2가,,44427
561-771,전북,전주시 덕진구,우아동3가 럭키아파트,,44428
561-749,전북,전주시 덕진구,우아동3가 우신아파트,,44429
561-772,전북,전주시 덕진구,우아동3가 우아1단지아파트,(1∼21동),44430
561-773,전북,전주시 덕진구,우아동3가 우아2단지아파트,(101∼115동),44431
561-734,전북,전주시 덕진구,우아동3가 우정신세계,,44432
561-823,전북,전주시 덕진구,우아동3가,52∼602,44433
561-824,전북,전주시 덕진구,우아동3가,603∼725,44434
561-825,전북,전주시 덕진구,우아동3가,726∼733,44435
561-826,전북,전주시 덕진구,우아동3가,734∼746,44436
561-825,전북,전주시 덕진구,우아동3가,747∼751,44437
561-826,전북,전주시 덕진구,우아동3가,752∼758,44438
561-823,전북,전주시 덕진구,우아동3가,산7∼9,44439
561-223,전북,전주시 덕진구,우아동3가,,44440
561-410,전북,전주시 덕진구,원동,,44441
561-708,전북,전주시 덕진구,인후동1가 광주지방노동청전주지청,,44442
561-788,전북,전주시 덕진구,인후동1가 부영1차아파트,(101∼106동),44443
561-789,전북,전주시 덕진구,인후동1가 부영2차아파트,(201∼210동),44444
561-791,전북,전주시 덕진구,인후동1가 부영3차아파트,(301∼306동),44445
561-792,전북,전주시 덕진구,인후동1가 부영5차아파트,(501∼506동),44446
561-735,전북,전주시 덕진구,인후동1가 부영6차아파트,(601∼608동),44447
561-717,전북,전주시 덕진구,인후동1가 삼호아파트,,44448
561-718,전북,전주시 덕진구,인후동1가 신우아파트,,44449
561-779,전북,전주시 덕진구,인후동1가 아중대우아파트,,44450
561-731,전북,전주시 덕진구,인후동1가 아중아남아파트,,44451
561-730,전북,전주시 덕진구,인후동1가 아중제일2차아파트,,44452
561-780,전북,전주시 덕진구,인후동1가 아중제일아파트,,44453
561-781,전북,전주시 덕진구,인후동1가 아중현대아파트,,44454
561-729,전북,전주시 덕진구,인후동1가 안고을우성아파트,,44455
561-713,전북,전주시 덕진구,인후동1가 위브어울림아파트,(101∼119동),44456
561-721,전북,전주시 덕진구,인후동1가 인후동송정써미트아파트,(101∼103동),44457
561-778,전북,전주시 덕진구,인후동1가 한신휴플러스아파트,(101∼115동),44458
561-777,전북,전주시 덕진구,인후동1가 현대아파트,(101∼104동),44459
561-776,전북,전주시 덕진구,인후동1가 현대아파트,(201∼203동),44460
561-827,전북,전주시 덕진구,인후동1가,1∼161,44461
561-828,전북,전주시 덕진구,인후동1가,162∼211,44462
561-828,전북,전주시 덕진구,인후동1가,212∼443,44463
561-829,전북,전주시 덕진구,인후동1가,444∼456,44464
561-849,전북,전주시 덕진구,인후동1가,457∼458,44465
561-858,전북,전주시 덕진구,인후동1가,459∼466,44466
561-829,전북,전주시 덕진구,인후동1가,467∼542,44467
561-830,전북,전주시 덕진구,인후동1가,543∼648,44468
561-831,전북,전주시 덕진구,인후동1가,649∼750,44469
561-857,전북,전주시 덕진구,인후동1가,751,44470
561-870,전북,전주시 덕진구,인후동1가,752∼799,44471
561-829,전북,전주시 덕진구,인후동1가,800∼807,44472
561-828,전북,전주시 덕진구,인후동1가,808∼817,44473
561-834,전북,전주시 덕진구,인후동1가,818∼857,44474
561-827,전북,전주시 덕진구,인후동1가,858∼864,44475
561-845,전북,전주시 덕진구,인후동1가,865∼916,44476
561-827,전북,전주시 덕진구,인후동1가,917∼955,44477
561-829,전북,전주시 덕진구,인후동1가,산1∼19,44478
561-829,전북,전주시 덕진구,인후동1가,산209∼256,44479
561-231,전북,전주시 덕진구,인후동1가,,44480
561-230,전북,전주시 덕진구,인후동2가 동전주우체국,,44481
561-832,전북,전주시 덕진구,인후동2가,4∼15,44482
561-833,전북,전주시 덕진구,인후동2가,16∼23,44483
561-853,전북,전주시 덕진구,인후동2가,24∼201,44484
561-833,전북,전주시 덕진구,인후동2가,202∼226,44485
561-854,전북,전주시 덕진구,인후동2가,227∼261,44486
561-833,전북,전주시 덕진구,인후동2가,1524∼1529,44487
561-853,전북,전주시 덕진구,인후동2가,1530∼1533,44488
561-833,전북,전주시 덕진구,인후동2가,1534∼1545,44489
561-832,전북,전주시 덕진구,인후동2가,1546∼1558,44490
561-853,전북,전주시 덕진구,인후동2가,1559∼1573,44491
561-832,전북,전주시 덕진구,인후동2가,1574∼1582,44492
561-232,전북,전주시 덕진구,인후동2가,,44493
561-889,전북,전주시 덕진구,장동 장동에코르아파트,(101∼108동),44494
561-360,전북,전주시 덕진구,장동,,44495
561-311,전북,전주시 덕진구,전미동1가,,44496
561-312,전북,전주시 덕진구,전미동2가,,44497
561-701,전북,전주시 덕진구,진북동 덕진구청,,44498
561-782,전북,전주시 덕진구,진북동 동국해성아파트,,44499
561-783,전북,전주시 덕진구,진북동 우성아파트,,44500
561-706,전북,전주시 덕진구,진북동 전북도민일보,,44501
561-856,전북,전주시 덕진구,진북동,67∼263,44502
561-835,전북,전주시 덕진구,진북동,264∼340,44503
561-836,전북,전주시 덕진구,진북동,341∼410,44504
561-837,전북,전주시 덕진구,진북동,411∼834,44505
561-838,전북,전주시 덕진구,진북동,835∼892,44506
561-856,전북,전주시 덕진구,진북동,893∼1063,44507
561-839,전북,전주시 덕진구,진북동,1064∼1168,44508
561-160,전북,전주시 덕진구,진북동,,44509
561-719,전북,전주시 덕진구,팔복동1가 (주)BYC,,44510
561-736,전북,전주시 덕진구,팔복동1가 전라북도경제통상진흥원,,44511
561-840,전북,전주시 덕진구,팔복동1가,1∼304,44512
561-841,전북,전주시 덕진구,팔복동1가,305∼717,44513
561-201,전북,전주시 덕진구,팔복동1가,,44514
561-723,전북,전주시 덕진구,팔복동2가 (주)전주페이퍼,,44515
561-720,전북,전주시 덕진구,팔복동2가 (주)휴비스,,44516
561-737,전북,전주시 덕진구,팔복동2가 남양아파트,,44517
561-842,전북,전주시 덕진구,팔복동2가,1∼159,44518
561-843,전북,전주시 덕진구,팔복동2가,160∼379,44519
561-844,전북,전주시 덕진구,팔복동2가,380∼830,44520
561-202,전북,전주시 덕진구,팔복동2가,,44521
561-725,전북,전주시 덕진구,팔복동3가 삼양화성(주),,44522
561-724,전북,전주시 덕진구,팔복동3가 셰플러코리아(유)전주공장,,44523
561-738,전북,전주시 덕진구,팔복동3가 아파트형공장,,44524
561-702,전북,전주시 덕진구,팔복동3가 전주덕진경찰서,,44525
561-739,전북,전주시 덕진구,팔복동3가 창업보육센터,,44526
561-203,전북,전주시 덕진구,팔복동3가,,44527
561-204,전북,전주시 덕진구,팔복동4가,,44528
561-787,전북,전주시 덕진구,호성동1가 LG동아아파트,,44529
561-784,전북,전주시 덕진구,호성동1가 동신아파트,,44530
561-785,전북,전주시 덕진구,호성동1가 동아아파트,,44531
561-743,전북,전주시 덕진구,호성동1가 신동아아파트,,44532
561-744,전북,전주시 덕진구,호성동1가 유원아파트,,44533
561-786,전북,전주시 덕진구,호성동1가 주공아파트,,44534
561-740,전북,전주시 덕진구,호성동1가 진흥더블파크1단지아파트,(101∼110동),44535
561-741,전북,전주시 덕진구,호성동1가 진흥더블파크2단지아파트,(201∼209동),44536
561-742,전북,전주시 덕진구,호성동1가 호성우신아파트,,44537
561-211,전북,전주시 덕진구,호성동1가,,44538
561-808,전북,전주시 덕진구,호성동2가 진흥더블파크3단지아파트,(301∼317동),44539
561-212,전북,전주시 덕진구,호성동2가,,44540
561-213,전북,전주시 덕진구,호성동3가,,44541
561-400,전북,전주시 덕진구,화전동,,44542
561-600,전북,전주시 덕진구,동전주우체국사서함,,44543
560-021,전북,전주시 완산구,경원동1가,,44544
560-022,전북,전주시 완산구,경원동2가,,44545
560-705,전북,전주시 완산구,경원동3가 KT전주지사,,44546
560-704,전북,전주시 완산구,경원동3가 국민건강보험공단전주북부지사,,44547
560-702,전북,전주시 완산구,경원동3가 국민은행전주지점,,44548
560-703,전북,전주시 완산구,경원동3가 원불교회관건물,,44549
560-023,전북,전주시 완산구,경원동3가,,44550
560-706,전북,전주시 완산구,고사동 기린오피스텔,,44551
560-709,전북,전주시 완산구,고사동 뉴롯데오피스텔,,44552
560-708,전북,전주시 완산구,고사동 한국외환은행전주지점,,44553
560-802,전북,전주시 완산구,고사동,1∼392,44554
560-803,전북,전주시 완산구,고사동,393∼488,44555
560-060,전북,전주시 완산구,고사동,,44556
560-710,전북,전주시 완산구,교동 성심여자중고교,,44557
560-070,전북,전주시 완산구,교동,,44558
560-110,전북,전주시 완산구,남노송동,,44559
560-051,전북,전주시 완산구,다가동1가,,44560
560-052,전북,전주시 완산구,다가동2가,,44561
560-053,전북,전주시 완산구,다가동3가,,44562
560-054,전북,전주시 완산구,다가동4가,,44563
560-789,전북,전주시 완산구,대성동 도로교통공단전라북도지부,,44564
560-260,전북,전주시 완산구,대성동,,44565
560-751,전북,전주시 완산구,동서학동 거산황궁아파트,,44566
560-757,전북,전주시 완산구,동서학동 전주교육대학교,,44567
560-120,전북,전주시 완산구,동서학동,,44568
560-140,전북,전주시 완산구,동완산동,,44569
560-756,전북,전주시 완산구,삼천동1가 개나리아파트,,44570
560-824,전북,전주시 완산구,삼천동1가 고층우성아파트,,44571
560-752,전북,전주시 완산구,삼천동1가 광진공작아파트,,44572
560-758,전북,전주시 완산구,삼천동1가 광진궁전아파트,,44573
560-825,전북,전주시 완산구,삼천동1가 광진목화아파트,,44574
560-724,전북,전주시 완산구,삼천동1가 금호청솔아파트,,44575
560-722,전북,전주시 완산구,삼천동1가 남양아파트,,44576
560-726,전북,전주시 완산구,삼천동1가 대왕장미아파트,,44577
560-846,전북,전주시 완산구,삼천동1가 삼천세경아파트,,44578
560-723,전북,전주시 완산구,삼천동1가 삼천하이츠,,44579
560-754,전북,전주시 완산구,삼천동1가 세창짜임아파트,(101∼109동),44580
560-785,전북,전주시 완산구,삼천동1가 신일강변아파트,,44581
560-847,전북,전주시 완산구,삼천동1가 신일아파트,,44582
560-755,전북,전주시 완산구,삼천동1가 쌍용1단지아파트,(101∼110동),44583
560-753,전북,전주시 완산구,삼천동1가 쌍용2단지아파트,(111∼115동),44584
560-725,전북,전주시 완산구,삼천동1가 안행현대아파트,,44585
560-848,전북,전주시 완산구,삼천동1가 우성2차아파트,,44586
560-849,전북,전주시 완산구,삼천동1가 우성그린아파트,,44587
560-754,전북,전주시 완산구,삼천동1가 주공아파트,(201∼309동),44588
560-784,전북,전주시 완산구,삼천동1가 주공아파트,(401∼610동),44589
560-721,전북,전주시 완산구,삼천동1가 호반리젠시빌아파트,,44590
560-799,전북,전주시 완산구,삼천동1가 흥건아파트,,44591
560-804,전북,전주시 완산구,삼천동1가,1∼137,44592
560-805,전북,전주시 완산구,삼천동1가,138,44593
560-804,전북,전주시 완산구,삼천동1가,139∼149,44594
560-806,전북,전주시 완산구,삼천동1가,150∼155,44595
560-804,전북,전주시 완산구,삼천동1가,156∼206,44596
560-807,전북,전주시 완산구,삼천동1가,207∼208,44597
560-804,전북,전주시 완산구,삼천동1가,209∼258,44598
560-808,전북,전주시 완산구,삼천동1가,259,44599
560-804,전북,전주시 완산구,삼천동1가,260∼263,44600
560-808,전북,전주시 완산구,삼천동1가,264∼267,44601
560-804,전북,전주시 완산구,삼천동1가,268∼271,44602
560-808,전북,전주시 완산구,삼천동1가,272∼279,44603
560-804,전북,전주시 완산구,삼천동1가,280∼284,44604
560-809,전북,전주시 완산구,삼천동1가,285∼289,44605
560-804,전북,전주시 완산구,삼천동1가,290∼302,44606
560-809,전북,전주시 완산구,삼천동1가,303∼304,44607
560-804,전북,전주시 완산구,삼천동1가,305,44608
560-811,전북,전주시 완산구,삼천동1가,306,44609
560-809,전북,전주시 완산구,삼천동1가,307∼445,44610
560-804,전북,전주시 완산구,삼천동1가,446∼451,44611
560-809,전북,전주시 완산구,삼천동1가,452∼455,44612
560-804,전북,전주시 완산구,삼천동1가,456∼558,44613
560-806,전북,전주시 완산구,삼천동1가,559∼584,44614
560-808,전북,전주시 완산구,삼천동1가,585,44615
560-811,전북,전주시 완산구,삼천동1가,586∼601,44616
560-812,전북,전주시 완산구,삼천동1가,602∼604,44617
560-807,전북,전주시 완산구,삼천동1가,605∼607,44618
560-812,전북,전주시 완산구,삼천동1가,608∼614,44619
560-807,전북,전주시 완산구,삼천동1가,615∼628,44620
560-812,전북,전주시 완산구,삼천동1가,629∼630,44621
560-807,전북,전주시 완산구,삼천동1가,631∼637,44622
560-812,전북,전주시 완산구,삼천동1가,638∼640,44623
560-807,전북,전주시 완산구,삼천동1가,641∼643,44624
560-812,전북,전주시 완산구,삼천동1가,644∼650,44625
560-807,전북,전주시 완산구,삼천동1가,651∼656,44626
560-812,전북,전주시 완산구,삼천동1가,657∼658,44627
560-807,전북,전주시 완산구,삼천동1가,659,44628
560-812,전북,전주시 완산구,삼천동1가,660∼662,44629
560-810,전북,전주시 완산구,삼천동1가,663∼664,44630
560-809,전북,전주시 완산구,삼천동1가,665∼668,44631
560-812,전북,전주시 완산구,삼천동1가,669∼675,44632
560-810,전북,전주시 완산구,삼천동1가,676∼682,44633
560-809,전북,전주시 완산구,삼천동1가,683∼687,44634
560-807,전북,전주시 완산구,삼천동1가,688∼694,44635
560-812,전북,전주시 완산구,삼천동1가,695∼698,44636
560-810,전북,전주시 완산구,삼천동1가,699∼702,44637
560-807,전북,전주시 완산구,삼천동1가,703∼704,44638
560-813,전북,전주시 완산구,삼천동1가,705∼706,44639
560-809,전북,전주시 완산구,삼천동1가,707∼722,44640
560-810,전북,전주시 완산구,삼천동1가,723∼752,44641
560-291,전북,전주시 완산구,삼천동1가,,44642
560-292,전북,전주시 완산구,삼천동2가,,44643
560-293,전북,전주시 완산구,삼천동3가,,44644
560-510,전북,전주시 완산구,상림동,,44645
560-270,전북,전주시 완산구,색장동,,44646
560-927,전북,전주시 완산구,서노송동 SK브로드밴드빌딩,,44647
560-921,전북,전주시 완산구,서노송동 대신증권빌딩,,44648
560-922,전북,전주시 완산구,서노송동 대우빌딩,,44649
560-923,전북,전주시 완산구,서노송동 대한통운빌딩,,44650
560-924,전북,전주시 완산구,서노송동 동아생명빌딩,,44651
560-925,전북,전주시 완산구,서노송동 삼성생명빌딩,,44652
560-700,전북,전주시 완산구,서노송동 전주시청,,44653
560-926,전북,전주시 완산구,서노송동 전주코아백화점,,44654
560-928,전북,전주시 완산구,서노송동 현대해상빌딩,,44655
560-912,전북,전주시 완산구,서노송동,1∼627,44656
560-913,전북,전주시 완산구,서노송동,628∼687,44657
560-914,전북,전주시 완산구,서노송동,688∼712,44658
560-915,전북,전주시 완산구,서노송동,713∼749,44659
560-090,전북,전주시 완산구,서노송동,,44660
560-727,전북,전주시 완산구,서서학동 광진산업아파트,,44661
560-786,전북,전주시 완산구,서서학동 송원아파트,,44662
560-787,전북,전주시 완산구,서서학동 우정목련아파트,,44663
560-815,전북,전주시 완산구,서서학동,1∼300,44664
560-816,전북,전주시 완산구,서서학동,301∼420,44665
560-817,전북,전주시 완산구,서서학동,421∼1038,44666
560-816,전북,전주시 완산구,서서학동,산81,44667
560-130,전북,전주시 완산구,서서학동,,44668
560-731,전북,전주시 완산구,서신동 KT빌딩,,44669
560-791,전북,전주시 완산구,서신동 광진산업아파트,,44670
560-739,전북,전주시 완산구,서신동 광진선수촌아파트,,44671
560-738,전북,전주시 완산구,서신동 광진장미아파트,,44672
560-733,전북,전주시 완산구,서신동 국민건강빌딩,,44673
560-732,전북,전주시 완산구,서신동 국민연금빌딩,,44674
560-792,전북,전주시 완산구,서신동 남양대명아파트,,44675
560-736,전북,전주시 완산구,서신동 대우1차아파트,(101∼102동),44676
560-740,전북,전주시 완산구,서신동 대우대창아파트,,44677
560-764,전북,전주시 완산구,서신동 동아1차아파트,(103∼112동),44678
560-737,전북,전주시 완산구,서신동 동아2차아파트,(201∼204동),44679
560-793,전북,전주시 완산구,서신동 동아한일아파트,(101∼120동),44680
560-734,전북,전주시 완산구,서신동 롯데백화점,,44681
560-762,전북,전주시 완산구,서신동 롯데아파트,,44682
560-730,전북,전주시 완산구,서신동 비사벌아파트,,44683
560-895,전북,전주시 완산구,서신동 서신e-편한세상아파트,(101∼110동),44684
560-794,전북,전주시 완산구,서신동 성원아파트,,44685
560-795,전북,전주시 완산구,서신동 신일아파트,,44686
560-796,전북,전주시 완산구,서신동 쌍용아파트,,44687
560-735,전북,전주시 완산구,서신동 엘지아파트,,44688
560-797,전북,전주시 완산구,서신동 제일비사벌새터마을아파트,(102∼107동),44689
560-798,전북,전주시 완산구,서신동 중흥아파트,,44690
560-720,전북,전주시 완산구,서신동 한국교직원공제회전북회관빌딩,,44691
560-763,전북,전주시 완산구,서신동 현대아파트,,44692
560-818,전북,전주시 완산구,서신동,1∼200,44693
560-819,전북,전주시 완산구,서신동,201∼285,44694
560-820,전북,전주시 완산구,서신동,286∼335,44695
560-821,전북,전주시 완산구,서신동,336∼855,44696
560-822,전북,전주시 완산구,서신동,856∼995,44697
560-823,전북,전주시 완산구,서신동,996∼1100,44698
560-170,전북,전주시 완산구,서신동,,44699
560-151,전북,전주시 완산구,서완산동1가,,44700
560-152,전북,전주시 완산구,서완산동2가,,44701
560-285,전북,전주시 완산구,석구동,,44702
560-297,전북,전주시 완산구,용복동,,44703
560-287,전북,전주시 완산구,원당동,,44704
560-043,전북,전주시 완산구,전동3가,,44705
560-711,전북,전주시 완산구,전동 전주완산경찰서,,44706
560-040,전북,전주시 완산구,전동,,44707
560-826,전북,전주시 완산구,중노송동,1∼223,44708
560-827,전북,전주시 완산구,중노송동,224∼284,44709
560-826,전북,전주시 완산구,중노송동,285∼295,44710
560-827,전북,전주시 완산구,중노송동,296,44711
560-826,전북,전주시 완산구,중노송동,297∼302,44712
560-827,전북,전주시 완산구,중노송동,303,44713
560-826,전북,전주시 완산구,중노송동,304∼310,44714
560-827,전북,전주시 완산구,중노송동,311∼360,44715
560-861,전북,전주시 완산구,중노송동,361∼368,44716
560-827,전북,전주시 완산구,중노송동,386∼390,44717
560-827,전북,전주시 완산구,중노송동,393∼395,44718
560-827,전북,전주시 완산구,중노송동,451∼482,44719
560-827,전북,전주시 완산구,중노송동,775∼780,44720
560-826,전북,전주시 완산구,중노송동,산1∼60,44721
560-828,전북,전주시 완산구,중노송동,369∼375,44722
560-862,전북,전주시 완산구,중노송동,376∼385,44723
560-862,전북,전주시 완산구,중노송동,391∼392,44724
560-828,전북,전주시 완산구,중노송동,396∼435,44725
560-862,전북,전주시 완산구,중노송동,436∼450,44726
560-828,전북,전주시 완산구,중노송동,483∼495,44727
560-829,전북,전주시 완산구,중노송동,496∼557,44728
560-828,전북,전주시 완산구,중노송동,558∼732,44729
560-829,전북,전주시 완산구,중노송동,733∼774,44730
560-829,전북,전주시 완산구,중노송동,산61,44731
560-100,전북,전주시 완산구,중노송동,,44732
560-500,전북,전주시 완산구,중동,,44733
560-011,전북,전주시 완산구,중앙동1가,,44734
560-012,전북,전주시 완산구,중앙동2가,,44735
560-013,전북,전주시 완산구,중앙동3가,,44736
560-712,전북,전주시 완산구,중앙동4가 성원오피스텔,,44737
560-014,전북,전주시 완산구,중앙동4가,,44738
560-295,전북,전주시 완산구,중인동,,44739
560-765,전북,전주시 완산구,중화산동1가 거성근영아파트,(101∼102동),44740
560-769,전북,전주시 완산구,중화산동1가 신일아파트,,44741
560-714,전북,전주시 완산구,중화산동1가 예수대학교,,44742
560-750,전북,전주시 완산구,중화산동1가 예수병원,,44743
560-701,전북,전주시 완산구,중화산동1가 전주기전대학,,44744
560-770,전북,전주시 완산구,중화산동1가 현대1차아파트,(101∼103동),44745
560-771,전북,전주시 완산구,중화산동1가 현대2차아파트,(201∼203동),44746
560-832,전북,전주시 완산구,중화산동1가,1∼36,44747
560-835,전북,전주시 완산구,중화산동1가,37,44748
560-832,전북,전주시 완산구,중화산동1가,38∼41,44749
560-835,전북,전주시 완산구,중화산동1가,42∼46,44750
560-832,전북,전주시 완산구,중화산동1가,47∼148,44751
560-835,전북,전주시 완산구,중화산동1가,149,44752
560-832,전북,전주시 완산구,중화산동1가,150∼159,44753
560-835,전북,전주시 완산구,중화산동1가,160∼162,44754
560-832,전북,전주시 완산구,중화산동1가,163∼187,44755
560-835,전북,전주시 완산구,중화산동1가,188,44756
560-832,전북,전주시 완산구,중화산동1가,189∼302,44757
560-835,전북,전주시 완산구,중화산동1가,303∼373,44758
560-251,전북,전주시 완산구,중화산동1가,,44759
560-767,전북,전주시 완산구,중화산동2가 거성그린아파트,,44760
560-830,전북,전주시 완산구,중화산동2가 광진산업2차아파트,,44761
560-830,전북,전주시 완산구,중화산동2가 광진산업아파트,(101∼105동),44762
560-766,전북,전주시 완산구,중화산동2가 오성은하아파트,,44763
560-768,전북,전주시 완산구,중화산동2가 우성근영아파트,,44764
560-743,전북,전주시 완산구,중화산동2가 우성중산타운,,44765
560-728,전북,전주시 완산구,중화산동2가 전주문화방송,,44766
560-715,전북,전주시 완산구,중화산동2가 전주병원,,44767
560-907,전북,전주시 완산구,중화산동2가 중화산풍림아이원아파트,(101∼111동),44768
560-742,전북,전주시 완산구,중화산동2가 코오롱하늘채아파트,,44769
560-772,전북,전주시 완산구,중화산동2가 한신코아아파트,,44770
560-741,전북,전주시 완산구,중화산동2가 현대에코르아파트,,44771
560-833,전북,전주시 완산구,중화산동2가,1∼16,44772
560-834,전북,전주시 완산구,중화산동2가,17∼70,44773
560-836,전북,전주시 완산구,중화산동2가,71∼74,44774
560-834,전북,전주시 완산구,중화산동2가,75∼110,44775
560-833,전북,전주시 완산구,중화산동2가,111∼153,44776
560-863,전북,전주시 완산구,중화산동2가,154,44777
560-833,전북,전주시 완산구,중화산동2가,155∼253,44778
560-837,전북,전주시 완산구,중화산동2가,254∼255,44779
560-833,전북,전주시 완산구,중화산동2가,256∼399,44780
560-837,전북,전주시 완산구,중화산동2가,400∼533,44781
560-836,전북,전주시 완산구,중화산동2가,534∼535,44782
560-863,전북,전주시 완산구,중화산동2가,536∼539,44783
560-836,전북,전주시 완산구,중화산동2가,540∼545,44784
560-838,전북,전주시 완산구,중화산동2가,546∼621,44785
560-837,전북,전주시 완산구,중화산동2가,622∼635,44786
560-838,전북,전주시 완산구,중화산동2가,636,44787
560-837,전북,전주시 완산구,중화산동2가,637∼646,44788
560-833,전북,전주시 완산구,중화산동2가,647∼687,44789
560-838,전북,전주시 완산구,중화산동2가,688∼742,44790
560-839,전북,전주시 완산구,중화산동2가,743∼820,44791
560-838,전북,전주시 완산구,중화산동2가,산21∼237,44792
560-252,전북,전주시 완산구,중화산동2가,,44793
560-774,전북,전주시 완산구,태평동 성원로얄맨션,,44794
560-773,전북,전주시 완산구,태평동 중앙상가아파트,,44795
560-707,전북,전주시 완산구,태평동 태평SKVIEW아파트,(101∼110동),44796
560-080,전북,전주시 완산구,태평동,,44797
560-778,전북,전주시 완산구,평화동1가 극동아파트,,44798
560-788,전북,전주시 완산구,평화동1가 일성아파트,,44799
560-777,전북,전주시 완산구,평화동1가 주공아파트,(101∼106동),44800
560-775,전북,전주시 완산구,평화동1가 주공아파트,(201∼206동),44801
560-873,전북,전주시 완산구,평화동1가 주공아파트,(301∼303동),44802
560-779,전북,전주시 완산구,평화동1가 코오롱아파트,,44803
560-899,전북,전주시 완산구,평화동1가 평화지안리즈아파트,(101∼107동),44804
560-776,전북,전주시 완산구,평화동1가 한성아파트,,44805
560-864,전북,전주시 완산구,평화동1가,1∼381,44806
560-841,전북,전주시 완산구,평화동1가,382∼405,44807
560-843,전북,전주시 완산구,평화동1가,406∼467,44808
560-841,전북,전주시 완산구,평화동1가,468∼582,44809
560-842,전북,전주시 완산구,평화동1가,583∼586,44810
560-841,전북,전주시 완산구,평화동1가,587∼630,44811
560-844,전북,전주시 완산구,평화동1가,631∼695,44812
560-845,전북,전주시 완산구,평화동1가,696,44813
560-844,전북,전주시 완산구,평화동1가,697∼708,44814
560-842,전북,전주시 완산구,평화동1가,709∼728,44815
560-845,전북,전주시 완산구,평화동1가,729,44816
560-842,전북,전주시 완산구,평화동1가,730∼731,44817
560-845,전북,전주시 완산구,평화동1가,732∼736,44818
560-842,전북,전주시 완산구,평화동1가,737∼750,44819
560-844,전북,전주시 완산구,평화동1가,751∼855,44820
560-844,전북,전주시 완산구,평화동1가,산32∼198,44821
560-281,전북,전주시 완산구,평화동1가,,44822
560-875,전북,전주시 완산구,평화동2가 경복궁아파트,,44823
560-747,전북,전주시 완산구,평화동2가 동도미소드림아파트,,44824
560-729,전북,전주시 완산구,평화동2가 동신아파트,,44825
560-880,전북,전주시 완산구,평화동2가 동아현대아파트,,44826
560-877,전북,전주시 완산구,평화동2가 두산푸른솔아파트,,44827
560-744,전북,전주시 완산구,평화동2가 미송평화하이죤,,44828
560-746,전북,전주시 완산구,평화동2가 삼성강남아파트,,44829
560-840,전북,전주시 완산구,평화동2가 송정써미트,(101∼109동),44830
560-790,전북,전주시 완산구,평화동2가 우미아파트,,44831
560-745,전북,전주시 완산구,평화동2가 우성아파트,,44832
560-748,전북,전주시 완산구,평화동2가 주공그린1단지아파트,(101∼110동),44833
560-749,전북,전주시 완산구,평화동2가 주공그린2단지아파트,(201∼216동),44834
560-879,전북,전주시 완산구,평화동2가 주공푸른마을아파트,,44835
560-911,전북,전주시 완산구,평화동2가 평화영무예다음아파트,(101∼105동),44836
560-874,전북,전주시 완산구,평화동2가 평화주공4단지,,44837
560-780,전북,전주시 완산구,평화동2가 주공5단지아파트,(501∼507동),44838
560-878,전북,전주시 완산구,평화동2가 현대아파트,,44839
560-876,전북,전주시 완산구,평화동2가 호반리젠시빌아파트,,44840
560-865,전북,전주시 완산구,평화동2가,5∼87,44841
560-866,전북,전주시 완산구,평화동2가,88∼229,44842
560-865,전북,전주시 완산구,평화동2가,230∼241,44843
560-866,전북,전주시 완산구,평화동2가,242∼259,44844
560-865,전북,전주시 완산구,평화동2가,260∼334,44845
560-867,전북,전주시 완산구,평화동2가,335,44846
560-865,전북,전주시 완산구,평화동2가,336∼719,44847
560-867,전북,전주시 완산구,평화동2가,720∼876,44848
560-871,전북,전주시 완산구,평화동2가,877∼917,44849
560-872,전북,전주시 완산구,평화동2가,918∼941,44850
560-865,전북,전주시 완산구,평화동2가,산12∼14,44851
560-865,전북,전주시 완산구,평화동2가,산105,44852
560-282,전북,전주시 완산구,평화동2가,,44853
560-717,전북,전주시 완산구,평화동3가 전주교도소,,44854
560-283,전북,전주시 완산구,평화동3가,,44855
560-031,전북,전주시 완산구,풍남동1가,,44856
560-032,전북,전주시 완산구,풍남동2가,,44857
560-718,전북,전주시 완산구,풍남동3가 전주리베라호텔,,44858
560-033,전북,전주시 완산구,풍남동3가,,44859
560-893,전북,전주시 완산구,효자동1가 광진라미안아파트,,44860
560-881,전북,전주시 완산구,효자동1가 금호아파트,,44861
560-882,전북,전주시 완산구,효자동1가 대림아파트,,44862
560-781,전북,전주시 완산구,효자동1가 대명까치맨션,,44863
560-892,전북,전주시 완산구,효자동1가 롯데아파트,,44864
560-886,전북,전주시 완산구,효자동1가 삼성효자타운,,44865
560-883,전북,전주시 완산구,효자동1가 삼호아파트,,44866
560-783,전북,전주시 완산구,효자동1가 상산타운아파트,(101∼109동),44867
560-719,전북,전주시 완산구,효자동1가 완산구청,,44868
560-782,전북,전주시 완산구,효자동1가 주공3단지아파트,,44869
560-891,전북,전주시 완산구,효자동1가 한강아파트,,44870
560-885,전북,전주시 완산구,효자동1가 현대아파트,,44871
560-908,전북,전주시 완산구,효자동1가 효자한신휴플러스아파트,(101∼106동),44872
560-850,전북,전주시 완산구,효자동1가,1∼97,44873
560-851,전북,전주시 완산구,효자동1가,98,44874
560-850,전북,전주시 완산구,효자동1가,99∼109,44875
560-851,전북,전주시 완산구,효자동1가,110∼132,44876
560-850,전북,전주시 완산구,효자동1가,133,44877
560-851,전북,전주시 완산구,효자동1가,134∼142,44878
560-852,전북,전주시 완산구,효자동1가,143∼259,44879
560-853,전북,전주시 완산구,효자동1가,260∼285,44880
560-854,전북,전주시 완산구,효자동1가,286∼354,44881
560-855,전북,전주시 완산구,효자동1가,355∼362,44882
560-856,전북,전주시 완산구,효자동1가,363,44883
560-856,전북,전주시 완산구,효자동1가,364-(1∼2),44884
560-857,전북,전주시 완산구,효자동1가,364-(3),44885
560-856,전북,전주시 완산구,효자동1가,364-(4∼8),44886
560-856,전북,전주시 완산구,효자동1가,365∼371,44887
560-854,전북,전주시 완산구,효자동1가,372∼388,44888
560-856,전북,전주시 완산구,효자동1가,389∼398,44889
560-854,전북,전주시 완산구,효자동1가,399,44890
560-856,전북,전주시 완산구,효자동1가,400∼411,44891
560-857,전북,전주시 완산구,효자동1가,412∼414,44892
560-856,전북,전주시 완산구,효자동1가,415∼450,44893
560-857,전북,전주시 완산구,효자동1가,451∼453,44894
560-857,전북,전주시 완산구,효자동1가,454-(1),44895
560-856,전북,전주시 완산구,효자동1가,454-(2∼4),44896
560-856,전북,전주시 완산구,효자동1가,455∼503,44897
560-857,전북,전주시 완산구,효자동1가,504,44898
560-856,전북,전주시 완산구,효자동1가,505∼534,44899
560-855,전북,전주시 완산구,효자동1가,535∼544,44900
560-853,전북,전주시 완산구,효자동1가,545∼579,44901
560-855,전북,전주시 완산구,효자동1가,580∼630,44902
560-854,전북,전주시 완산구,효자동1가,631∼634,44903
560-852,전북,전주시 완산구,효자동1가,635,44904
560-854,전북,전주시 완산구,효자동1가,636∼638,44905
560-852,전북,전주시 완산구,효자동1가,639∼649,44906
560-856,전북,전주시 완산구,효자동1가,650∼651,44907
560-858,전북,전주시 완산구,효자동1가,652∼653,44908
560-857,전북,전주시 완산구,효자동1가,654,44909
560-858,전북,전주시 완산구,효자동1가,655∼669,44910
560-857,전북,전주시 완산구,효자동1가,670∼685,44911
560-850,전북,전주시 완산구,효자동1가,686∼798,44912
560-852,전북,전주시 완산구,효자동1가,799,44913
560-853,전북,전주시 완산구,효자동1가,산241∼264,44914
560-241,전북,전주시 완산구,효자동1가,,44915
560-904,전북,전주시 완산구,효자동2가 골든팰리스휴먼시아아파트,(201∼207동),44916
560-894,전북,전주시 완산구,효자동2가 더샵효자2차아파트,(201∼207동),44917
560-906,전북,전주시 완산구,효자동2가 아르팰리스휴먼시아아파트,(801∼810동),44918
560-894,전북,전주시 완산구,효자동2가 엘드효자2차수목토아파트,(201∼205동),44919
560-890,전북,전주시 완산구,효자동2가 전라북도교육청,,44920
560-010,전북,전주시 완산구,효자동2가 전북지방우정청,,44921
560-760,전북,전주시 완산구,효자동2가 전주비전대학,,44922
560-020,전북,전주시 완산구,효자동2가 전주우체국,,44923
560-894,전북,전주시 완산구,효자동2가 포스코더샵아파트,(101∼109동),44924
560-910,전북,전주시 완산구,효자동2가 한국토지주택공사전북본부,,44925
560-894,전북,전주시 완산구,효자동2가 효자1차엘드수목토아파트,,44926
560-905,전북,전주시 완산구,효자동2가 효자휴먼시아아파트,(501∼606동),44927
560-898,전북,전주시 완산구,효자동2가 효자휴먼시아아파트,(101∼110동),44928
560-898,전북,전주시 완산구,효자동2가 효자휴먼시아아파트,(301∼307동),44929
560-897,전북,전주시 완산구,효자동2가 휴먼시아아이린아파트,(401∼409동),44930
560-859,전북,전주시 완산구,효자동2가,1∼117,44931
560-868,전북,전주시 완산구,효자동2가,118,44932
560-859,전북,전주시 완산구,효자동2가,119∼127,44933
560-868,전북,전주시 완산구,효자동2가,128∼198,44934
560-859,전북,전주시 완산구,효자동2가,199,44935
560-868,전북,전주시 완산구,효자동2가,200∼381,44936
560-859,전북,전주시 완산구,효자동2가,382∼412,44937
560-868,전북,전주시 완산구,효자동2가,413,44938
560-859,전북,전주시 완산구,효자동2가,414∼536,44939
560-868,전북,전주시 완산구,효자동2가,537,44940
560-859,전북,전주시 완산구,효자동2가,538,44941
560-868,전북,전주시 완산구,효자동2가,539,44942
560-859,전북,전주시 완산구,효자동2가,540∼1116,44943
560-868,전북,전주시 완산구,효자동2가,1117∼1151,44944
560-800,전북,전주시 완산구,효자동2가,1152∼1189,44945
560-801,전북,전주시 완산구,효자동2가,1190∼1226,44946
560-800,전북,전주시 완산구,효자동2가,1227∼1266,44947
560-801,전북,전주시 완산구,효자동2가,1267∼1333,44948
560-242,전북,전주시 완산구,효자동2가,,44949
560-884,전북,전주시 완산구,효자동3가 서곡대림아파트,,44950
560-887,전북,전주시 완산구,효자동3가 서곡두산아파트,,44951
560-888,전북,전주시 완산구,효자동3가 서곡주공아파트,,44952
560-889,전북,전주시 완산구,효자동3가 서곡청솔아파트,,44953
560-896,전북,전주시 완산구,효자동3가 서부신시가지아이파크아파트,(101∼109동),44954
560-896,전북,전주시 완산구,효자동3가 우미린아파트,,44955
560-761,전북,전주시 완산구,효자동3가 전라북도청,,44956
560-713,전북,전주시 완산구,효자동3가 전북지방경찰청,,44957
560-759,전북,전주시 완산구,효자동3가 전주대학교,,44958
560-909,전북,전주시 완산구,효자동3가 한국방송공사전주방송총국,,44959
560-896,전북,전주시 완산구,효자동3가 호반베르디움아파트,(101∼110동),44960
560-860,전북,전주시 완산구,효자동3가,1∼52,44961
560-869,전북,전주시 완산구,효자동3가,53∼469,44962
560-860,전북,전주시 완산구,효자동3가,470∼479,44963
560-869,전북,전주시 완산구,효자동3가,480∼496,44964
560-860,전북,전주시 완산구,효자동3가,497,44965
560-869,전북,전주시 완산구,효자동3가,498∼500,44966
560-860,전북,전주시 완산구,효자동3가,501∼679,44967
560-869,전북,전주시 완산구,효자동3가,680∼972,44968
560-860,전북,전주시 완산구,효자동3가,973∼1220,44969
560-869,전북,전주시 완산구,효자동3가,1221∼1228,44970
560-860,전북,전주시 완산구,효자동3가,1229∼1403,44971
560-870,전북,전주시 완산구,효자동3가,1404∼1483,44972
560-900,전북,전주시 완산구,효자동3가,1484∼1624,44973
560-901,전북,전주시 완산구,효자동3가,1625∼1669,44974
560-902,전북,전주시 완산구,효자동3가,1670∼1699,44975
560-903,전북,전주시 완산구,효자동3가,1700∼1738,44976
560-243,전북,전주시 완산구,효자동3가,,44977
560-600,전북,전주시 완산구,전주우체국사서함,,44978
580-240,전북,정읍시,공평동,,44979
580-140,전북,정읍시,과교동,,44980
580-170,전북,정읍시,교암동,,44981
580-755,전북,정읍시,구룡동 영창아파트,,44982
580-040,전북,정읍시,구룡동,,44983
580-190,전북,정읍시,금붕동,,44984
580-300,전북,정읍시,내장동,,44985
580-741,전북,정읍시,농소동 농소주공아파트,(101∼106동),44986
580-090,전북,정읍시,농소동,,44987
580-754,전북,정읍시,망제동 대우전자부품(주),,44988
580-100,전북,정읍시,망제동,,44989
580-210,전북,정읍시,부전동,,44990
580-130,전북,정읍시,삼산동,,44991
580-731,전북,정읍시,상동 상동휴먼시아2단지,(201∼206동),44992
580-732,전북,정읍시,상동 상동휴먼시아3단지,(301∼307동),44993
580-756,전북,정읍시,상동 우미타운아파트,,44994
580-751,전북,정읍시,상동 현대아파트,(101∼303동),44995
580-800,전북,정읍시,상동,1∼500,44996
580-801,전북,정읍시,상동,501∼953,44997
580-801,전북,정읍시,상동,산2,44998
580-801,전북,정읍시,상동,산32,44999
580-050,전북,정읍시,상동,,45000
580-120,전북,정읍시,상평동,,45001
580-200,전북,정읍시,송산동,,45002
580-753,전북,정읍시,수성동 부영1차아파트,(101∼112동),45003
580-721,전북,정읍시,수성동 부영2차아파트,(201∼210동),45004
580-758,전북,정읍시,수성동 정읍세무서,,45005
580-701,전북,정읍시,수성동 정읍시청,,45006
580-010,전북,정읍시,수성동 정읍우체국,,45007
580-724,전북,정읍시,수성동 제일아파트,(101∼109동),45008
580-752,전북,정읍시,수성동 주공1단지아파트,(101∼105동),45009
580-722,전북,정읍시,수성동 주공2단지아파트,(201∼207동),45010
580-723,전북,정읍시,수성동 주공3단지아파트,(301∼304동),45011
580-802,전북,정읍시,수성동,1∼399,45012
580-803,전북,정읍시,수성동,400∼799,45013
580-804,전북,정읍시,수성동,800∼1044,45014
580-803,전북,정읍시,수성동,산1∼86,45015
580-010,전북,정읍시,수성동,,45016
580-713,전북,정읍시,시기동 삼화그린아파트,(101∼103동),45017
580-712,전북,정읍시,시기동 전북과학대학교,,45018
580-060,전북,정읍시,시기동,,45019
580-160,전북,정읍시,신월동,,45020
580-185,전북,정읍시,신정동,,45021
580-310,전북,정읍시,쌍암동,,45022
580-805,전북,정읍시,연지동,1∼49,45023
580-806,전북,정읍시,연지동,50∼260,45024
580-807,전북,정읍시,연지동,261∼615,45025
580-070,전북,정읍시,연지동,,45026
580-080,전북,정읍시,영파동,,45027
580-230,전북,정읍시,용계동,,45028
580-180,전북,정읍시,용산동,,45029
580-759,전북,정읍시,장명동 정읍경찰서,,45030
580-030,전북,정읍시,장명동,,45031
580-150,전북,정읍시,진산동,,45032
580-711,전북,정읍시,초산동 정읍센트럴카운티,(101∼107동),45033
580-808,전북,정읍시,초산동,1∼999,45034
580-063,전북,정읍시,초산동,,45035
580-110,전북,정읍시,하모동,,45036
580-020,전북,정읍시,하북동,,45037
580-220,전북,정읍시,흑암동,,45038
580-901,전북,정읍시,신태인읍 구석리,,45039
580-902,전북,정읍시,신태인읍 백산리,,45040
580-903,전북,정읍시,신태인읍 신덕리,,45041
580-904,전북,정읍시,신태인읍 신용리,,45042
580-905,전북,정읍시,신태인읍 신태인리,,45043
580-904,전북,정읍시,신태인읍 양괴리,,45044
580-901,전북,정읍시,신태인읍 연정리,,45045
580-901,전북,정읍시,신태인읍 우령리,,45046
580-903,전북,정읍시,신태인읍 육리,,45047
580-903,전북,정읍시,신태인읍 청천리,,45048
580-903,전북,정읍시,신태인읍 화호리,,45049
580-900,전북,정읍시,신태인읍,,45050
580-911,전북,정읍시,감곡면 계룡리,,45051
580-911,전북,정읍시,감곡면 대신리,,45052
580-912,전북,정읍시,감곡면 방교리,,45053
580-913,전북,정읍시,감곡면 삼평리,,45054
580-913,전북,정읍시,감곡면 승방리,,45055
580-913,전북,정읍시,감곡면 오주리,,45056
580-913,전북,정읍시,감곡면 용곽리,,45057
580-912,전북,정읍시,감곡면 유정리,,45058
580-912,전북,정읍시,감곡면 진흥리,,45059
580-911,전북,정읍시,감곡면 통석리,,45060
580-911,전북,정읍시,감곡면 화봉리,,45061
580-910,전북,정읍시,감곡면,,45062
580-861,전북,정읍시,고부면 강고리,,45063
580-862,전북,정읍시,고부면 고부리,,45064
580-861,전북,정읍시,고부면 관청리,,45065
580-862,전북,정읍시,고부면 남복리,,45066
580-863,전북,정읍시,고부면 덕안리,,45067
580-864,전북,정읍시,고부면 만수리,,45068
580-861,전북,정읍시,고부면 만화리,,45069
580-863,전북,정읍시,고부면 백운리,,45070
580-863,전북,정읍시,고부면 신중리,,45071
580-861,전북,정읍시,고부면 신흥리,,45072
580-862,전북,정읍시,고부면 용흥리,,45073
580-864,전북,정읍시,고부면 입석리,,45074
580-862,전북,정읍시,고부면 장문리,,45075
580-860,전북,정읍시,고부면,,45076
580-831,전북,정읍시,덕천면 달천리,,45077
580-832,전북,정읍시,덕천면 도계리,,45078
580-833,전북,정읍시,덕천면 상학리,,45079
580-832,전북,정읍시,덕천면 신월리,,45080
580-831,전북,정읍시,덕천면 우덕리,,45081
580-833,전북,정읍시,덕천면 하학리,,45082
580-830,전북,정읍시,덕천면,,45083
580-811,전북,정읍시,북면 남산리,,45084
580-812,전북,정읍시,북면 마정리,,45085
580-812,전북,정읍시,북면 보림리,,45086
580-813,전북,정읍시,북면 복흥리,,45087
580-813,전북,정읍시,북면 승부리,,45088
580-813,전북,정읍시,북면 신평리,,45089
580-814,전북,정읍시,북면 장학리,,45090
580-812,전북,정읍시,북면 태곡리,,45091
580-814,전북,정읍시,북면 한교리,,45092
580-811,전북,정읍시,북면 화해리,,45093
580-810,전북,정읍시,북면,,45094
580-891,전북,정읍시,산내면 능교리,,45095
580-892,전북,정읍시,산내면 두월리,,45096
580-891,전북,정읍시,산내면 매죽리,,45097
580-892,전북,정읍시,산내면 예덕리,,45098
580-892,전북,정읍시,산내면 장금리,,45099
580-893,전북,정읍시,산내면 종성리,,45100
580-890,전북,정읍시,산내면,,45101
580-951,전북,정읍시,산외면 동곡리,,45102
580-952,전북,정읍시,산외면 목욕리,,45103
580-953,전북,정읍시,산외면 상두리,,45104
580-951,전북,정읍시,산외면 오공리,,45105
580-952,전북,정읍시,산외면 정량리,,45106
580-952,전북,정읍시,산외면 종산리,,45107
580-951,전북,정읍시,산외면 평사리,,45108
580-953,전북,정읍시,산외면 화죽리,,45109
580-950,전북,정읍시,산외면,,45110
580-871,전북,정읍시,소성면 고교리,,45111
580-871,전북,정읍시,소성면 기린리,,45112
580-872,전북,정읍시,소성면 등계리,,45113
580-871,전북,정읍시,소성면 보화리,,45114
580-872,전북,정읍시,소성면 신천리,,45115
580-873,전북,정읍시,소성면 애당리,,45116
580-873,전북,정읍시,소성면 용정리,,45117
580-872,전북,정읍시,소성면 주천리,,45118
580-873,전북,정읍시,소성면 중광리,,45119
580-871,전북,정읍시,소성면 화룡리,,45120
580-870,전북,정읍시,소성면,,45121
580-851,전북,정읍시,영원면 신영리,,45122
580-852,전북,정읍시,영원면 앵성리,,45123
580-853,전북,정읍시,영원면 운학리,,45124
580-853,전북,정읍시,영원면 은선리,,45125
580-852,전북,정읍시,영원면 장재리,,45126
580-851,전북,정읍시,영원면 풍월리,,45127
580-853,전북,정읍시,영원면 후지리,,45128
580-850,전북,정읍시,영원면,,45129
580-931,전북,정읍시,옹동면 매정리,,45130
580-932,전북,정읍시,옹동면 비봉리,,45131
580-932,전북,정읍시,옹동면 산성리,,45132
580-933,전북,정읍시,옹동면 상산리,,45133
580-933,전북,정읍시,옹동면 오성리,,45134
580-933,전북,정읍시,옹동면 용호리,,45135
580-931,전북,정읍시,옹동면 칠석리,,45136
580-930,전북,정읍시,옹동면,,45137
580-841,전북,정읍시,이평면 두전리,,45138
580-842,전북,정읍시,이평면 두지리,,45139
580-841,전북,정읍시,이평면 마항리,,45140
580-842,전북,정읍시,이평면 산매리,,45141
580-843,전북,정읍시,이평면 오금리,,45142
580-841,전북,정읍시,이평면 장내리,,45143
580-844,전북,정읍시,이평면 창동리,,45144
580-844,전북,정읍시,이평면 청량리,,45145
580-843,전북,정읍시,이평면 팔선리,,45146
580-842,전북,정읍시,이평면 평령리,,45147
580-843,전북,정읍시,이평면 하송리,,45148
580-840,전북,정읍시,이평면,,45149
580-881,전북,정읍시,입암면 단곡리,,45150
580-882,전북,정읍시,입암면 등천리,,45151
580-883,전북,정읍시,입암면 마석리,,45152
580-881,전북,정읍시,입암면 봉양리,,45153
580-884,전북,정읍시,입암면 신면리,,45154
580-882,전북,정읍시,입암면 연월리,,45155
580-883,전북,정읍시,입암면 접지리,,45156
580-881,전북,정읍시,입암면 지선리,,45157
580-882,전북,정읍시,입암면 천원리,,45158
580-884,전북,정읍시,입암면 하부리,,45159
580-880,전북,정읍시,입암면,,45160
580-821,전북,정읍시,정우면 대사리,,45161
580-822,전북,정읍시,정우면 대산리,,45162
580-821,전북,정읍시,정우면 산북리,,45163
580-821,전북,정읍시,정우면 수금리,,45164
580-823,전북,정읍시,정우면 우산리,,45165
580-822,전북,정읍시,정우면 우일리,,45166
580-823,전북,정읍시,정우면 장순리,,45167
580-822,전북,정읍시,정우면 초강리,,45168
580-823,전북,정읍시,정우면 화천리,,45169
580-821,전북,정읍시,정우면 회룡리,,45170
580-820,전북,정읍시,정우면,,45171
580-941,전북,정읍시,칠보면 무성리,,45172
580-942,전북,정읍시,칠보면 반곡리,,45173
580-941,전북,정읍시,칠보면 백암리,,45174
580-942,전북,정읍시,칠보면 수청리,,45175
580-943,전북,정읍시,칠보면 시산리,,45176
580-943,전북,정읍시,칠보면 와우리,,45177
580-941,전북,정읍시,칠보면 축현리,,45178
580-940,전북,정읍시,칠보면,,45179
580-921,전북,정읍시,태인면 거산리,,45180
580-922,전북,정읍시,태인면 고천리,,45181
580-923,전북,정읍시,태인면 궁사리,,45182
580-923,전북,정읍시,태인면 낙양리,,45183
580-924,전북,정읍시,태인면 매계리,,45184
580-923,전북,정읍시,태인면 박산리,,45185
580-921,전북,정읍시,태인면 오류리,,45186
580-922,전북,정읍시,태인면 오봉리,,45187
580-922,전북,정읍시,태인면 증산리,,45188
580-921,전북,정읍시,태인면 태남리,,45189
580-924,전북,정읍시,태인면 태서리,,45190
580-924,전북,정읍시,태인면 태성리,,45191
580-921,전북,정읍시,태인면 태창리,,45192
580-923,전북,정읍시,태인면 태흥리,,45193
580-920,전북,정읍시,태인면,,45194
580-600,전북,정읍시,정읍우체국사서함,,45195
585-700,전북,고창군,고창읍 고창군청,,45196
585-800,전북,고창군,고창읍 고창우체국,,45197
585-713,전북,고창군,고창읍 석교리 성산현대아파트,(101∼102동),45198
585-711,전북,고창군,고창읍 월곡리 온천마을제일아파트,(101∼104동),45199
585-712,전북,고창군,고창읍 월곡리 주공아파트,(101∼104동),45200
585-715,전북,고창군,고창읍 읍내리 휴먼시아주공아파트,(101∼109동),45201
585-801,전북,고창군,고창읍 교촌리,,45202
585-802,전북,고창군,고창읍 내동리,,45203
585-802,전북,고창군,고창읍 노동리,,45204
585-802,전북,고창군,고창읍 덕산리,,45205
585-803,전북,고창군,고창읍 덕정리,,45206
585-802,전북,고창군,고창읍 도산리,,45207
585-803,전북,고창군,고창읍 석교리,,45208
585-804,전북,고창군,고창읍 석정리,,45209
585-805,전북,고창군,고창읍 성두리,,45210
585-803,전북,고창군,고창읍 신월리,,45211
585-806,전북,고창군,고창읍 월곡리,,45212
585-805,전북,고창군,고창읍 월산리,,45213
585-805,전북,고창군,고창읍 월암리,,45214
585-803,전북,고창군,고창읍 율계리,,45215
585-807,전북,고창군,고창읍 읍내리,1∼500,45216
585-808,전북,고창군,고창읍 읍내리,501∼750,45217
585-809,전북,고창군,고창읍 읍내리,751∼1250,45218
585-802,전북,고창군,고창읍 주곡리,,45219
585-803,전북,고창군,고창읍 죽림리,,45220
585-801,전북,고창군,고창읍 학전리,,45221
585-802,전북,고창군,고창읍 화산리,,45222
585-800,전북,고창군,고창읍,,45223
585-841,전북,고창군,고수면 남산리,,45224
585-842,전북,고창군,고수면 두평리,,45225
585-841,전북,고창군,고수면 봉산리,,45226
585-843,전북,고창군,고수면 부곡리,,45227
585-842,전북,고창군,고수면 상평리,,45228
585-841,전북,고창군,고수면 예지리,,45229
585-842,전북,고창군,고수면 와촌리,,45230
585-841,전북,고창군,고수면 우평리,,45231
585-842,전북,고창군,고수면 은사리,,45232
585-841,전북,고창군,고수면 인성리,,45233
585-843,전북,고창군,고수면 장두리,,45234
585-843,전북,고창군,고수면 초내리,,45235
585-843,전북,고창군,고수면 평지리,,45236
585-842,전북,고창군,고수면 황산리,,45237
585-840,전북,고창군,고수면,,45238
585-871,전북,고창군,공음면 건동리,,45239
585-872,전북,고창군,공음면 구암리,,45240
585-873,전북,고창군,공음면 군유리,,45241
585-873,전북,고창군,공음면 덕암리,,45242
585-872,전북,고창군,공음면 두암리,,45243
585-874,전북,고창군,공음면 석교리,,45244
585-871,전북,고창군,공음면 선동리,,45245
585-872,전북,고창군,공음면 신대리,,45246
585-873,전북,고창군,공음면 예전리,,45247
585-871,전북,고창군,공음면 용수리,,45248
585-874,전북,고창군,공음면 장곡리,,45249
585-874,전북,고창군,공음면 칠암리,,45250
585-870,전북,고창군,공음면,,45251
585-861,전북,고창군,대산면 갈마리,,45252
585-862,전북,고창군,대산면 광대리,,45253
585-863,전북,고창군,대산면 대장리,,45254
585-862,전북,고창군,대산면 덕천리,,45255
585-864,전북,고창군,대산면 매산리,,45256
585-863,전북,고창군,대산면 산정리,,45257
585-864,전북,고창군,대산면 상금리,,45258
585-862,전북,고창군,대산면 성남리,,45259
585-863,전북,고창군,대산면 연동리,,45260
585-863,전북,고창군,대산면 율촌리,,45261
585-862,전북,고창군,대산면 중산리,,45262
585-861,전북,고창군,대산면 지석리,,45263
585-863,전북,고창군,대산면 춘산리,,45264
585-861,전북,고창군,대산면 해룡리,,45265
585-861,전북,고창군,대산면 회룡리,,45266
585-860,전북,고창군,대산면,,45267
585-881,전북,고창군,무장면 강남리,,45268
585-882,전북,고창군,무장면 고라리,,45269
585-883,전북,고창군,무장면 교흥리,,45270
585-882,전북,고창군,무장면 덕림리,,45271
585-883,전북,고창군,무장면 도곡리,,45272
585-883,전북,고창군,무장면 만화리,,45273
585-882,전북,고창군,무장면 목우리,,45274
585-881,전북,고창군,무장면 무장리,,45275
585-882,전북,고창군,무장면 백양리,,45276
585-881,전북,고창군,무장면 성내리,,45277
585-883,전북,고창군,무장면 송계리,,45278
585-883,전북,고창군,무장면 송현리,,45279
585-883,전북,고창군,무장면 신촌리,,45280
585-882,전북,고창군,무장면 옥산리,,45281
585-881,전북,고창군,무장면 원촌리,,45282
585-883,전북,고창군,무장면 월림리,,45283
585-880,전북,고창군,무장면,,45284
585-941,전북,고창군,부안면 검산리,,45285
585-942,전북,고창군,부안면 봉암리,,45286
579-894,전북,고창군,부안면 봉암리 죽도,,45287
585-943,전북,고창군,부안면 사창리,,45288
585-943,전북,고창군,부안면 상등리,,45289
585-944,전북,고창군,부안면 상암리,,45290
585-944,전북,고창군,부안면 선운리,,45291
585-944,전북,고창군,부안면 송현리,,45292
585-941,전북,고창군,부안면 수남리,,45293
585-942,전북,고창군,부안면 수동리,,45294
585-942,전북,고창군,부안면 수앙리,,45295
585-941,전북,고창군,부안면 오산리,,45296
585-943,전북,고창군,부안면 용산리,,45297
585-943,전북,고창군,부안면 운양리,,45298
585-941,전북,고창군,부안면 중흥리,,45299
585-940,전북,고창군,부안면,,45300
585-911,전북,고창군,상하면 검산리,,45301
585-912,전북,고창군,상하면 석남리,,45302
585-911,전북,고창군,상하면 송곡리,,45303
585-913,전북,고창군,상하면 용대리,,45304
585-914,전북,고창군,상하면 용정리,,45305
585-912,전북,고창군,상하면 자룡리,,45306
585-914,전북,고창군,상하면 장산리,,45307
585-914,전북,고창군,상하면 장호리,,45308
585-913,전북,고창군,상하면 하장리,,45309
585-910,전북,고창군,상하면,,45310
585-811,전북,고창군,성내면 대흥리,,45311
585-812,전북,고창군,성내면 덕산리,,45312
585-811,전북,고창군,성내면 동산리,,45313
585-812,전북,고창군,성내면 부덕리,,45314
585-813,전북,고창군,성내면 산림리,,45315
585-811,전북,고창군,성내면 신대리,,45316
585-812,전북,고창군,성내면 신성리,,45317
585-813,전북,고창군,성내면 양계리,,45318
585-811,전북,고창군,성내면 옥제리,,45319
585-813,전북,고창군,성내면 용교리,,45320
585-811,전북,고창군,성내면 월산리,,45321
585-813,전북,고창군,성내면 월성리,,45322
585-812,전북,고창군,성내면 조동리,,45323
585-810,전북,고창군,성내면,,45324
585-851,전북,고창군,성송면 계당리,,45325
585-852,전북,고창군,성송면 괴치리,,45326
585-853,전북,고창군,성송면 낙양리,,45327
585-852,전북,고창군,성송면 무송리,,45328
585-853,전북,고창군,성송면 사내리,,45329
585-852,전북,고창군,성송면 산수리,,45330
585-851,전북,고창군,성송면 암치리,,45331
585-852,전북,고창군,성송면 판정리,,45332
585-852,전북,고창군,성송면 하고리,,45333
585-853,전북,고창군,성송면 학천리,,45334
585-853,전북,고창군,성송면 향산리,,45335
585-850,전북,고창군,성송면,,45336
585-831,전북,고창군,신림면 가평리,,45337
585-831,전북,고창군,신림면 덕화리,,45338
585-832,전북,고창군,신림면 도림리,,45339
585-832,전북,고창군,신림면 무림리,,45340
585-831,전북,고창군,신림면 반룡리,,45341
585-833,전북,고창군,신림면 법지리,,45342
585-833,전북,고창군,신림면 벽송리,,45343
585-833,전북,고창군,신림면 부송리,,45344
585-831,전북,고창군,신림면 세곡리,,45345
585-832,전북,고창군,신림면 송용리,,45346
585-831,전북,고창군,신림면 신평리,,45347
585-832,전북,고창군,신림면 외화리,,45348
585-833,전북,고창군,신림면 자포리,,45349
585-830,전북,고창군,신림면,,45350
585-921,전북,고창군,심원면 고전리,,45351
585-922,전북,고창군,심원면 궁산리,,45352
585-922,전북,고창군,심원면 도천리,,45353
585-921,전북,고창군,심원면 두어리,,45354
585-921,전북,고창군,심원면 만돌리,,45355
585-923,전북,고창군,심원면 연화리,,45356
585-924,전북,고창군,심원면 용기리,,45357
585-923,전북,고창군,심원면 월산리,,45358
585-922,전북,고창군,심원면 주산리,,45359
585-924,전북,고창군,심원면 하전리,,45360
585-920,전북,고창군,심원면,,45361
585-931,전북,고창군,아산면 계산리,,45362
585-932,전북,고창군,아산면 구암리,,45363
585-933,전북,고창군,아산면 남산리,,45364
585-933,전북,고창군,아산면 대동리,,45365
585-934,전북,고창군,아산면 목동리,,45366
585-932,전북,고창군,아산면 반암리,,45367
585-934,전북,고창군,아산면 봉덕리,,45368
585-932,전북,고창군,아산면 삼인리,,45369
585-934,전북,고창군,아산면 상갑리,,45370
585-933,전북,고창군,아산면 성산리,,45371
585-931,전북,고창군,아산면 용계리,,45372
585-933,전북,고창군,아산면 주진리,,45373
585-934,전북,고창군,아산면 중월리,,45374
585-931,전북,고창군,아산면 하갑리,,45375
585-931,전북,고창군,아산면 학전리,,45376
585-930,전북,고창군,아산면,,45377
585-891,전북,고창군,해리면 고성리,,45378
585-892,전북,고창군,해리면 광승리,,45379
585-893,전북,고창군,해리면 금평리,,45380
585-893,전북,고창군,해리면 동호리,,45381
585-891,전북,고창군,해리면 라성리,,45382
585-892,전북,고창군,해리면 방축리,,45383
585-892,전북,고창군,해리면 사반리,,45384
585-891,전북,고창군,해리면 송산리,,45385
585-893,전북,고창군,해리면 안산리,,45386
585-892,전북,고창군,해리면 왕촌리,,45387
585-894,전북,고창군,해리면 평지리,,45388
585-894,전북,고창군,해리면 하련리,,45389
585-890,전북,고창군,해리면,,45390
585-821,전북,고창군,흥덕면 교운리,,45391
585-822,전북,고창군,흥덕면 동사리,,45392
585-821,전북,고창군,흥덕면 사천리,,45393
585-823,전북,고창군,흥덕면 사포리,,45394
585-821,전북,고창군,흥덕면 석교리,,45395
585-824,전북,고창군,흥덕면 석우리,,45396
585-822,전북,고창군,흥덕면 송암리,,45397
585-823,전북,고창군,흥덕면 신덕리,,45398
585-824,전북,고창군,흥덕면 신송리,,45399
585-821,전북,고창군,흥덕면 오호리,,45400
585-824,전북,고창군,흥덕면 용반리,,45401
585-822,전북,고창군,흥덕면 제하리,,45402
585-822,전북,고창군,흥덕면 치룡리,,45403
585-824,전북,고창군,흥덕면 하남리,,45404
585-823,전북,고창군,흥덕면 후포리,,45405
585-821,전북,고창군,흥덕면 흥덕리,,45406
585-820,전북,고창군,흥덕면,,45407
568-800,전북,무주군,무주읍 무주우체국,,45408
568-701,전북,무주군,무주읍 읍내리 무주군청,,45409
568-801,전북,무주군,무주읍 가옥리,,45410
568-802,전북,무주군,무주읍 내도리,,45411
568-802,전북,무주군,무주읍 당산리,,45412
568-803,전북,무주군,무주읍 대차리,,45413
568-803,전북,무주군,무주읍 오산리,,45414
568-801,전북,무주군,무주읍 용포리,,45415
568-804,전북,무주군,무주읍 읍내리,1∼319,45416
568-805,전북,무주군,무주읍 읍내리,320∼876,45417
568-806,전북,무주군,무주읍 읍내리,877∼1428,45418
568-803,전북,무주군,무주읍 장백리,,45419
568-800,전북,무주군,무주읍,,45420
568-821,전북,무주군,무풍면 금평리,,45421
568-822,전북,무주군,무풍면 덕지리,,45422
568-823,전북,무주군,무풍면 삼거리,,45423
568-822,전북,무주군,무풍면 은산리,,45424
568-822,전북,무주군,무풍면 증산리,,45425
568-822,전북,무주군,무풍면 지성리,,45426
568-821,전북,무주군,무풍면 철목리,,45427
568-821,전북,무주군,무풍면 현내리,,45428
568-820,전북,무주군,무풍면,,45429
568-851,전북,무주군,부남면 가당리,,45430
568-852,전북,무주군,부남면 고창리,,45431
568-851,전북,무주군,부남면 굴암리,,45432
568-852,전북,무주군,부남면 대소리,,45433
568-851,전북,무주군,부남면 대유리,,45434
568-852,전북,무주군,부남면 장안리,,45435
568-850,전북,무주군,부남면,,45436
568-812,전북,무주군,설천면 기곡리,,45437
568-812,전북,무주군,설천면 길산리,,45438
568-813,전북,무주군,설천면 대불리,,45439
568-815,전북,무주군,설천면 두길리,,45440
568-813,전북,무주군,설천면 미천리,,45441
568-814,전북,무주군,설천면 삼공리,,45442
568-816,전북,무주군,설천면 소천리,,45443
568-811,전북,무주군,설천면 심곡리,,45444
568-815,전북,무주군,설천면 장덕리,,45445
568-812,전북,무주군,설천면 청량리,,45446
568-810,전북,무주군,설천면,,45447
568-841,전북,무주군,안성면 공정리,,45448
568-842,전북,무주군,안성면 공진리,,45449
568-843,전북,무주군,안성면 금평리,,45450
568-843,전북,무주군,안성면 덕산리,,45451
568-843,전북,무주군,안성면 사전리,1∼399,45452
568-844,전북,무주군,안성면 사전리,400∼1399,45453
568-841,전북,무주군,안성면 장기리,1∼399,45454
568-842,전북,무주군,안성면 장기리,400∼999,45455
568-845,전북,무주군,안성면 장기리,1000∼1699,45456
568-844,전북,무주군,안성면 장기리,1700∼2000,45457
568-841,전북,무주군,안성면 죽천리,1∼1050,45458
568-842,전북,무주군,안성면 죽천리,1051∼2010,45459
568-844,전북,무주군,안성면 진도리,,45460
568-840,전북,무주군,안성면,,45461
568-831,전북,무주군,적상면 괴목리,,45462
568-832,전북,무주군,적상면 방이리,,45463
568-833,전북,무주군,적상면 북창리,,45464
568-834,전북,무주군,적상면 사산리,,45465
568-833,전북,무주군,적상면 사천리,,45466
568-834,전북,무주군,적상면 삼가리,,45467
568-832,전북,무주군,적상면 삼유리,,45468
568-833,전북,무주군,적상면 포내리,,45469
568-830,전북,무주군,적상면,,45470
579-701,전북,부안군,부안읍 대림낭주골아파트,,45471
579-700,전북,부안군,부안읍 부안군청,,45472
579-800,전북,부안군,부안읍 부안우체국,,45473
579-703,전북,부안군,부안읍 주공아파트,(101∼206동),45474
579-702,전북,부안군,부안읍 현대아파트,,45475
579-801,전북,부안군,부안읍 내요리,,45476
579-802,전북,부안군,부안읍 동중1리,,45477
579-802,전북,부안군,부안읍 동중2리,,45478
579-802,전북,부안군,부안읍 동중3리,,45479
579-802,전북,부안군,부안읍 동중4리,,45480
579-803,전북,부안군,부안읍 동중5리,,45481
579-803,전북,부안군,부안읍 동중6리,,45482
579-802,전북,부안군,부안읍 동중리,,45483
579-804,전북,부안군,부안읍 모산리,,45484
579-805,전북,부안군,부안읍 봉덕리,,45485
579-803,전북,부안군,부안읍 서외1리,,45486
579-803,전북,부안군,부안읍 서외2리,,45487
579-803,전북,부안군,부안읍 서외3리,,45488
579-806,전북,부안군,부안읍 서외4리,,45489
579-806,전북,부안군,부안읍 서외5리,,45490
579-806,전북,부안군,부안읍 서외6리,,45491
579-806,전북,부안군,부안읍 서외7리,,45492
579-803,전북,부안군,부안읍 서외리,,45493
579-807,전북,부안군,부안읍 선은리,,45494
579-804,전북,부안군,부안읍 신운리,,45495
579-801,전북,부안군,부안읍 신흥리,,45496
579-804,전북,부안군,부안읍 연곡리,,45497
579-801,전북,부안군,부안읍 옹중리,,45498
579-801,전북,부안군,부안읍 외하리,,45499
579-804,전북,부안군,부안읍 행중리,,45500
579-800,전북,부안군,부안읍,,45501
579-821,전북,부안군,계화면 계화리,,45502
579-822,전북,부안군,계화면 궁안리,,45503
579-823,전북,부안군,계화면 양산리,,45504
579-822,전북,부안군,계화면 의복리,,45505
579-824,전북,부안군,계화면 창북리,,45506
579-820,전북,부안군,계화면,,45507
579-811,전북,부안군,동진면 내기리,,45508
579-812,전북,부안군,동진면 당상리,,45509
579-813,전북,부안군,동진면 동전리,,45510
579-812,전북,부안군,동진면 본덕리,,45511
579-811,전북,부안군,동진면 봉황리,,45512
579-813,전북,부안군,동진면 안성리,,45513
579-814,전북,부안군,동진면 장등리,,45514
579-812,전북,부안군,동진면 증산리,,45515
579-814,전북,부안군,동진면 하장리,,45516
579-810,전북,부안군,동진면,,45517
579-931,전북,부안군,백산면 거룡리,,45518
579-932,전북,부안군,백산면 금판리,,45519
579-931,전북,부안군,백산면 대수리,,45520
579-933,전북,부안군,백산면 대죽리,,45521
579-932,전북,부안군,백산면 덕신리,,45522
579-933,전북,부안군,백산면 신평리,,45523
579-932,전북,부안군,백산면 오곡리,,45524
579-934,전북,부안군,백산면 용계리,,45525
579-934,전북,부안군,백산면 원천리,,45526
579-933,전북,부안군,백산면 죽림리,,45527
579-932,전북,부안군,백산면 평교리,,45528
579-931,전북,부안군,백산면 하청리,,45529
579-930,전북,부안군,백산면,,45530
579-851,전북,부안군,변산면 격포리,,45531
579-852,전북,부안군,변산면 대항리,,45532
579-853,전북,부안군,변산면 도청리,,45533
579-854,전북,부안군,변산면 마포리,,45534
579-855,전북,부안군,변산면 마포리 하섬,,45535
579-854,전북,부안군,변산면 운산리,,45536
579-852,전북,부안군,변산면 중계리,,45537
579-856,전북,부안군,변산면 중산리,,45538
579-856,전북,부안군,변산면 지서리,,45539
579-850,전북,부안군,변산면,,45540
579-871,전북,부안군,보안면 남포리,,45541
579-872,전북,부안군,보안면 부곡리,,45542
579-872,전북,부안군,보안면 상림리,,45543
579-871,전북,부안군,보안면 상입석리,,45544
579-873,전북,부안군,보안면 신복리,,45545
579-871,전북,부안군,보안면 영전리,,45546
579-873,전북,부안군,보안면 우동리,,45547
579-871,전북,부안군,보안면 월천리,,45548
579-873,전북,부안군,보안면 유천리,,45549
579-872,전북,부안군,보안면 하입석리,,45550
579-870,전북,부안군,보안면,,45551
579-861,전북,부안군,상서면 가오리,,45552
579-862,전북,부안군,상서면 감교리,,45553
579-862,전북,부안군,상서면 고잔리,,45554
579-861,전북,부안군,상서면 용서리,,45555
579-861,전북,부안군,상서면 장동리,,45556
579-863,전북,부안군,상서면 청림리,,45557
579-863,전북,부안군,상서면 통정리,,45558
579-860,전북,부안군,상서면,,45559
579-911,전북,부안군,위도면 대리,,45560
579-912,전북,부안군,위도면 상왕등리,,45561
579-913,전북,부안군,위도면 식도리,,45562
579-914,전북,부안군,위도면 정금리,,45563
579-914,전북,부안군,위도면 진리,,45564
579-911,전북,부안군,위도면 치도리,,45565
579-915,전북,부안군,위도면 하왕등리,,45566
579-910,전북,부안군,위도면,,45567
579-921,전북,부안군,주산면 갈촌리,,45568
579-922,전북,부안군,주산면 덕림리,,45569
579-921,전북,부안군,주산면 돈계리,,45570
579-923,전북,부안군,주산면 동정리,,45571
579-922,전북,부안군,주산면 백석리,,45572
579-923,전북,부안군,주산면 사산리,,45573
579-923,전북,부안군,주산면 소산리,,45574
579-921,전북,부안군,주산면 소주리,,45575
579-920,전북,부안군,주산면,,45576
579-881,전북,부안군,줄포면 난산리,,45577
579-882,전북,부안군,줄포면 대동리,,45578
579-881,전북,부안군,줄포면 신리,,45579
579-883,전북,부안군,줄포면 우포리,,45580
579-882,전북,부안군,줄포면 장동리,,45581
579-883,전북,부안군,줄포면 줄포리,,45582
579-881,전북,부안군,줄포면 파산리,,45583
579-880,전북,부안군,줄포면,,45584
579-895,전북,부안군,진서면 곰소리,,45585
579-891,전북,부안군,진서면 석포리,,45586
579-892,전북,부안군,진서면 운호리,,45587
579-893,전북,부안군,진서면 진서리,,45588
579-890,전북,부안군,진서면,,45589
579-841,전북,부안군,하서면 백련리,,45590
579-841,전북,부안군,하서면 석상리,,45591
579-842,전북,부안군,하서면 언독리,,45592
579-843,전북,부안군,하서면 장신리,,45593
579-842,전북,부안군,하서면 청호리,,45594
579-840,전북,부안군,하서면,,45595
579-831,전북,부안군,행안면 대초리,,45596
579-832,전북,부안군,행안면 삼간리,,45597
579-832,전북,부안군,행안면 신기리,,45598
579-833,전북,부안군,행안면 역리,,45599
579-831,전북,부안군,행안면 진동리,,45600
579-830,전북,부안군,행안면,,45601
595-800,전북,순창군,순창읍 순창우체국,,45602
595-801,전북,순창군,순창읍 가남리,,45603
595-802,전북,순창군,순창읍 교성리,,45604
595-803,전북,순창군,순창읍 남계리,,45605
595-804,전북,순창군,순창읍 백산리,,45606
595-804,전북,순창군,순창읍 복실리,,45607
595-805,전북,순창군,순창읍 순화리,,45608
595-801,전북,순창군,순창읍 신남리,,45609
595-804,전북,순창군,순창읍 장덕리,,45610
595-800,전북,순창군,순창읍,,45611
595-871,전북,순창군,구림면 구곡리,,45612
595-872,전북,순창군,구림면 구산리,,45613
595-872,전북,순창군,구림면 구암리,,45614
595-873,전북,순창군,구림면 금창리,,45615
595-873,전북,순창군,구림면 금천리,,45616
595-872,전북,순창군,구림면 방화리,,45617
595-873,전북,순창군,구림면 성곡리,,45618
595-873,전북,순창군,구림면 안정리,,45619
595-872,전북,순창군,구림면 운남리,,45620
595-871,전북,순창군,구림면 운북리,,45621
595-871,전북,순창군,구림면 월정리,,45622
595-873,전북,순창군,구림면 율북리,,45623
595-871,전북,순창군,구림면 자양리,,45624
595-871,전북,순창군,구림면 화암리,,45625
595-870,전북,순창군,구림면,,45626
595-851,전북,순창군,금과면 고례리,,45627
595-852,전북,순창군,금과면 남계리,,45628
595-851,전북,순창군,금과면 내동리,,45629
595-852,전북,순창군,금과면 대성리,,45630
595-851,전북,순창군,금과면 동전리,,45631
595-851,전북,순창군,금과면 매우리,,45632
595-852,전북,순창군,금과면 목동리,,45633
595-851,전북,순창군,금과면 발산리,,45634
595-852,전북,순창군,금과면 방성리,,45635
595-852,전북,순창군,금과면 방축리,,45636
595-851,전북,순창군,금과면 수양리,,45637
595-852,전북,순창군,금과면 장장리,,45638
595-852,전북,순창군,금과면 청용리,,45639
595-850,전북,순창군,금과면,,45640
595-821,전북,순창군,동계면 관전리,,45641
595-821,전북,순창군,동계면 구미리,,45642
595-822,전북,순창군,동계면 내령리,,45643
595-821,전북,순창군,동계면 동심리,,45644
595-822,전북,순창군,동계면 서호리,,45645
595-822,전북,순창군,동계면 수장리,,45646
595-823,전북,순창군,동계면 수정리,,45647
595-823,전북,순창군,동계면 신흥리,,45648
595-821,전북,순창군,동계면 어치리,,45649
595-823,전북,순창군,동계면 유산리,,45650
595-823,전북,순창군,동계면 이동리,,45651
595-823,전북,순창군,동계면 주월리,,45652
595-822,전북,순창군,동계면 현포리,,45653
595-820,전북,순창군,동계면,,45654
595-881,전북,순창군,복흥면 금월리,,45655
595-882,전북,순창군,복흥면 농암리,,45656
595-883,전북,순창군,복흥면 답동리,,45657
595-881,전북,순창군,복흥면 대방리,,45658
595-882,전북,순창군,복흥면 동산리,,45659
595-882,전북,순창군,복흥면 반월리,,45660
595-882,전북,순창군,복흥면 봉덕리,,45661
595-883,전북,순창군,복흥면 산정리,,45662
595-883,전북,순창군,복흥면 상송리,,45663
595-882,전북,순창군,복흥면 서마리,,45664
595-883,전북,순창군,복흥면 석보리,,45665
595-881,전북,순창군,복흥면 어은리,,45666
595-881,전북,순창군,복흥면 정산리,,45667
595-883,전북,순창군,복흥면 주평리,,45668
595-882,전북,순창군,복흥면 지선리,,45669
595-883,전북,순창군,복흥면 하리,,45670
595-882,전북,순창군,복흥면 화양리,,45671
595-880,전북,순창군,복흥면,,45672
595-891,전북,순창군,쌍치면 금계리,,45673
595-892,전북,순창군,쌍치면 금성리,,45674
595-891,전북,순창군,쌍치면 금평리,,45675
595-891,전북,순창군,쌍치면 도고리,,45676
595-893,전북,순창군,쌍치면 둔전리,,45677
595-893,전북,순창군,쌍치면 반계리,,45678
595-893,전북,순창군,쌍치면 방산리,,45679
595-893,전북,순창군,쌍치면 시산리,,45680
595-893,전북,순창군,쌍치면 신성리,,45681
595-893,전북,순창군,쌍치면 쌍계리,,45682
595-892,전북,순창군,쌍치면 양신리,,45683
595-892,전북,순창군,쌍치면 오봉리,,45684
595-891,전북,순창군,쌍치면 옥산리,,45685
595-892,전북,순창군,쌍치면 용전리,,45686
595-892,전북,순창군,쌍치면 운암리,,45687
595-892,전북,순창군,쌍치면 전암리,,45688
595-893,전북,순창군,쌍치면 종곡리,,45689
595-891,전북,순창군,쌍치면 종암리,,45690
595-893,전북,순창군,쌍치면 중안리,,45691
595-893,전북,순창군,쌍치면 탕곡리,,45692
595-891,전북,순창군,쌍치면 학선리,,45693
595-890,전북,순창군,쌍치면,,45694
595-831,전북,순창군,유등면 건곡리,,45695
595-832,전북,순창군,유등면 무수리,,45696
595-832,전북,순창군,유등면 오교리,,45697
595-831,전북,순창군,유등면 외이리,,45698
595-832,전북,순창군,유등면 유촌리,,45699
595-831,전북,순창군,유등면 창신리,,45700
595-830,전북,순창군,유등면,,45701
595-911,전북,순창군,인계면 가성리,,45702
595-911,전북,순창군,인계면 갑동리,,45703
595-911,전북,순창군,인계면 노동리,,45704
595-912,전북,순창군,인계면 도룡리,,45705
595-911,전북,순창군,인계면 마흘리,,45706
595-912,전북,순창군,인계면 세룡리,,45707
595-912,전북,순창군,인계면 심초리,,45708
595-912,전북,순창군,인계면 쌍암리,,45709
595-911,전북,순창군,인계면 중산리,,45710
595-911,전북,순창군,인계면 지산리,,45711
595-912,전북,순창군,인계면 탑리,,45712
595-910,전북,순창군,인계면,,45713
595-811,전북,순창군,적성면 고원리,,45714
595-811,전북,순창군,적성면 괴정리,,45715
595-812,전북,순창군,적성면 내월리,,45716
595-812,전북,순창군,적성면 대산리,,45717
595-812,전북,순창군,적성면 석산리,,45718
595-811,전북,순창군,적성면 운림리,,45719
595-812,전북,순창군,적성면 지북리,,45720
595-811,전북,순창군,적성면 평남리,,45721
595-810,전북,순창군,적성면,,45722
595-861,전북,순창군,팔덕면 광암리,,45723
595-862,전북,순창군,팔덕면 구룡리,,45724
595-862,전북,순창군,팔덕면 덕천리,,45725
595-862,전북,순창군,팔덕면 산동리,,45726
595-862,전북,순창군,팔덕면 서흥리,,45727
595-861,전북,순창군,팔덕면 용산리,,45728
595-861,전북,순창군,팔덕면 월곡리,,45729
595-862,전북,순창군,팔덕면 장안리,,45730
595-862,전북,순창군,팔덕면 창덕리,,45731
595-861,전북,순창군,팔덕면 청계리,,45732
595-860,전북,순창군,팔덕면,,45733
595-841,전북,순창군,풍산면 금곡리,,45734
595-842,전북,순창군,풍산면 대가리,,45735
595-842,전북,순창군,풍산면 두승리,,45736
595-841,전북,순창군,풍산면 반월리,,45737
595-841,전북,순창군,풍산면 삼촌리,,45738
595-842,전북,순창군,풍산면 상촌리,,45739
595-842,전북,순창군,풍산면 용내리,,45740
595-842,전북,순창군,풍산면 우곡리,,45741
595-841,전북,순창군,풍산면 유정리,,45742
595-841,전북,순창군,풍산면 죽곡리,,45743
595-842,전북,순창군,풍산면 죽전리,,45744
595-842,전북,순창군,풍산면 한내리,,45745
595-840,전북,순창군,풍산면,,45746
565-702,전북,완주군,봉동읍 백제예술대학,,45747
565-704,전북,완주군,봉동읍 현대사원아파트,,45748
565-703,전북,완주군,봉동읍 현대자동차,,45749
565-901,전북,완주군,봉동읍 고천리,,45750
565-901,전북,완주군,봉동읍 구만리,,45751
565-901,전북,완주군,봉동읍 구미리,,45752
565-902,전북,완주군,봉동읍 구암리,,45753
565-903,전북,완주군,봉동읍 낙평리,,45754
565-003,전북,완주군,봉동읍 둔산리 전주우편집중국,,45755
565-902,전북,완주군,봉동읍 둔산리,,45756
565-901,전북,완주군,봉동읍 성덕리,,45757
565-901,전북,완주군,봉동읍 신성리,,45758
565-904,전북,완주군,봉동읍 용암리 완주산업단지,,45759
565-902,전북,완주군,봉동읍 용암리,,45760
565-905,전북,완주군,봉동읍 율소리,,45761
565-909,전북,완주군,봉동읍 은하리,산172-(1),45762
565-905,전북,완주군,봉동읍 은하리,,45763
565-906,전북,완주군,봉동읍 장구리,,45764
565-907,전북,완주군,봉동읍 장기리,,45765
565-906,전북,완주군,봉동읍 제내리,,45766
565-900,전북,완주군,봉동읍,,45767
565-800,전북,완주군,삼례읍 완주우체국,,45768
565-701,전북,완주군,삼례읍 우석대학교,,45769
565-801,전북,완주군,삼례읍 구와리,,45770
565-802,전북,완주군,삼례읍 삼례리,1∼1070,45771
565-803,전북,완주군,삼례읍 삼례리,1071∼1753,45772
565-804,전북,완주군,삼례읍 석전리,,45773
565-804,전북,완주군,삼례읍 수계리,,45774
565-804,전북,완주군,삼례읍 신금리,,45775
565-801,전북,완주군,삼례읍 신탁리,,45776
565-805,전북,완주군,삼례읍 어전리,,45777
565-801,전북,완주군,삼례읍 하리,,45778
565-805,전북,완주군,삼례읍 해전리,,45779
565-805,전북,완주군,삼례읍 후정리,1∼372,45780
565-806,전북,완주군,삼례읍 후정리,373∼726,45781
565-800,전북,완주군,삼례읍,,45782
565-920,전북,완주군,경천면,,45783
565-861,전북,완주군,고산면 남봉리,,45784
565-862,전북,완주군,고산면 삼기리,,45785
565-861,전북,완주군,고산면 서봉리,,45786
565-863,전북,완주군,고산면 성재리,,45787
565-862,전북,완주군,고산면 소향리,,45788
565-863,전북,완주군,고산면 양야리,,45789
565-861,전북,완주군,고산면 어우리,,45790
565-862,전북,완주군,고산면 오산리,,45791
565-861,전북,완주군,고산면 율곡리,,45792
565-864,전북,완주군,고산면 읍내리,,45793
565-863,전북,완주군,고산면 화정리,,45794
565-860,전북,완주군,고산면,,45795
565-821,전북,완주군,구이면 계곡리,,45796
565-822,전북,완주군,구이면 광곡리,,45797
565-822,전북,완주군,구이면 덕천리,,45798
565-823,전북,완주군,구이면 두현리,,45799
565-821,전북,완주군,구이면 백여리,,45800
565-824,전북,완주군,구이면 안덕리,,45801
565-823,전북,완주군,구이면 원기리,,45802
565-823,전북,완주군,구이면 평촌리,,45803
565-824,전북,완주군,구이면 항가리,,45804
565-820,전북,완주군,구이면,,45805
565-891,전북,완주군,동상면 대아리,,45806
565-892,전북,완주군,동상면 사봉리,,45807
565-892,전북,완주군,동상면 수만리,,45808
565-891,전북,완주군,동상면 신월리,,45809
565-890,전북,완주군,동상면,,45810
565-871,전북,완주군,비봉면 내월리,,45811
565-871,전북,완주군,비봉면 대치리,,45812
565-872,전북,완주군,비봉면 백도리,,45813
565-872,전북,완주군,비봉면 봉산리,,45814
565-871,전북,완주군,비봉면 소농리,,45815
565-872,전북,완주군,비봉면 수선리,,45816
565-872,전북,완주군,비봉면 이전리,,45817
565-870,전북,완주군,비봉면,,45818
565-831,전북,완주군,상관면 마치리,,45819
565-706,전북,완주군,상관면 신리 한일장신대학교,,45820
565-832,전북,완주군,상관면 신리,,45821
565-833,전북,완주군,상관면 용암리,,45822
565-831,전북,완주군,상관면 의암리,,45823
565-833,전북,완주군,상관면 죽림리,,45824
565-830,전북,완주군,상관면,,45825
565-841,전북,완주군,소양면 대흥리,,45826
565-842,전북,완주군,소양면 명덕리,,45827
565-842,전북,완주군,소양면 신교리,,45828
565-843,전북,완주군,소양면 신원리,,45829
565-843,전북,완주군,소양면 신촌리,,45830
565-841,전북,완주군,소양면 죽절리,,45831
565-844,전북,완주군,소양면 해월리,,45832
565-844,전북,완주군,소양면 화심리,,45833
565-845,전북,완주군,소양면 황운리,,45834
565-840,전북,완주군,소양면,,45835
565-707,전북,완주군,용진면 운곡리 완주군청,,45836
565-705,전북,완주군,용진면 대영아파트,,45837
565-811,전북,완주군,용진면 간중리,,45838
565-812,전북,완주군,용진면 구억리,,45839
565-812,전북,완주군,용진면 상삼리,,45840
565-813,전북,완주군,용진면 상운리,,45841
565-814,전북,완주군,용진면 신지리,,45842
565-813,전북,완주군,용진면 용흥리,,45843
565-811,전북,완주군,용진면 운곡리,,45844
565-810,전북,완주군,용진면,,45845
565-911,전북,완주군,운주면 고당리,,45846
565-912,전북,완주군,운주면 구제리,,45847
565-911,전북,완주군,운주면 금당리,,45848
565-911,전북,완주군,운주면 산북리,,45849
565-913,전북,완주군,운주면 완창리,,45850
565-913,전북,완주군,운주면 장선리,,45851
565-910,전북,완주군,운주면,,45852
565-851,전북,완주군,이서면 갈산리,,45853
565-852,전북,완주군,이서면 금계리,,45854
565-851,전북,완주군,이서면 금평리,,45855
565-852,전북,완주군,이서면 남계리,,45856
565-852,전북,완주군,이서면 반교리,,45857
565-853,전북,완주군,이서면 상개리,,45858
565-854,전북,완주군,이서면 용서리,,45859
565-853,전북,완주군,이서면 은교리,,45860
565-854,전북,완주군,이서면 이문리,,45861
565-851,전북,완주군,이서면 이성리,,45862
565-850,전북,완주군,이서면,,45863
565-881,전북,완주군,화산면 성북리,,45864
565-881,전북,완주군,화산면 승치리,,45865
565-882,전북,완주군,화산면 와룡리,,45866
565-883,전북,완주군,화산면 우월리,,45867
565-883,전북,완주군,화산면 운곡리,,45868
565-883,전북,완주군,화산면 운산리,,45869
565-882,전북,완주군,화산면 운제리,,45870
565-882,전북,완주군,화산면 종리,,45871
565-883,전북,완주군,화산면 춘산리,,45872
565-882,전북,완주군,화산면 화월리,,45873
565-881,전북,완주군,화산면 화평리,,45874
565-880,전북,완주군,화산면,,45875
566-800,전북,임실군,임실읍 임실우체국,,45876
566-700,전북,임실군,임실읍 이도리 임실군청,,45877
566-801,전북,임실군,임실읍 갈마리,,45878
566-801,전북,임실군,임실읍 감성리,,45879
566-801,전북,임실군,임실읍 금성리,,45880
566-801,전북,임실군,임실읍 대곡리,,45881
566-802,전북,임실군,임실읍 독산리,,45882
566-803,전북,임실군,임실읍 두곡리,,45883
566-804,전북,임실군,임실읍 두만리,,45884
566-802,전북,임실군,임실읍 망전리,,45885
566-802,전북,임실군,임실읍 망정리,,45886
566-805,전북,임실군,임실읍 상동리,,45887
566-806,전북,임실군,임실읍 성가리,,45888
566-803,전북,임실군,임실읍 수정리,,45889
566-804,전북,임실군,임실읍 신안리,,45890
566-802,전북,임실군,임실읍 신정리,,45891
566-806,전북,임실군,임실읍 오정리,,45892
566-805,전북,임실군,임실읍 이도리,,45893
566-802,전북,임실군,임실읍 이인리,,45894
566-804,전북,임실군,임실읍 장재리,,45895
566-806,전북,임실군,임실읍 정월리,,45896
566-805,전북,임실군,임실읍 중동리,,45897
566-804,전북,임실군,임실읍 지산리,,45898
566-805,전북,임실군,임실읍 하동리,,45899
566-803,전북,임실군,임실읍 향교리,,45900
566-804,전북,임실군,임실읍 현곡리,,45901
566-800,전북,임실군,임실읍,,45902
566-861,전북,임실군,강진면 가목리,,45903
566-862,전북,임실군,강진면 갈담리,,45904
566-862,전북,임실군,강진면 강서리,,45905
566-862,전북,임실군,강진면 강진리,,45906
566-863,전북,임실군,강진면 문방리,,45907
566-861,전북,임실군,강진면 방현리,,45908
566-861,전북,임실군,강진면 백련리,,45909
566-863,전북,임실군,강진면 백여리,,45910
566-863,전북,임실군,강진면 백운리,,45911
566-861,전북,임실군,강진면 부흥리,,45912
566-863,전북,임실군,강진면 수방리,,45913
566-861,전북,임실군,강진면 신기리,,45914
566-863,전북,임실군,강진면 옥정리,,45915
566-863,전북,임실군,강진면 용수리,,45916
566-861,전북,임실군,강진면 율치리,,45917
566-861,전북,임실군,강진면 이목리,,45918
566-861,전북,임실군,강진면 이윤리,,45919
566-862,전북,임실군,강진면 필봉리,,45920
566-861,전북,임실군,강진면 학석리,,45921
566-862,전북,임실군,강진면 회진리,,45922
566-860,전북,임실군,강진면,,45923
566-811,전북,임실군,관촌면 가정리,,45924
566-812,전북,임실군,관촌면 고덕리,,45925
566-813,전북,임실군,관촌면 공덕리,,45926
566-812,전북,임실군,관촌면 관촌리,,45927
566-812,전북,임실군,관촌면 구암리,,45928
566-812,전북,임실군,관촌면 덕곡리,,45929
566-812,전북,임실군,관촌면 덕천리,,45930
566-811,전북,임실군,관촌면 도봉리,,45931
566-813,전북,임실군,관촌면 두기리,,45932
566-813,전북,임실군,관촌면 방수리,,45933
566-813,전북,임실군,관촌면 방현리,,45934
566-811,전북,임실군,관촌면 병암리,,45935
566-812,전북,임실군,관촌면 복흥리,,45936
566-813,전북,임실군,관촌면 상월리,,45937
566-811,전북,임실군,관촌면 서산리,,45938
566-811,전북,임실군,관촌면 슬치리,,45939
566-812,전북,임실군,관촌면 시기리,,45940
566-811,전북,임실군,관촌면 신병암리,,45941
566-813,전북,임실군,관촌면 신전리,,45942
566-811,전북,임실군,관촌면 용산리,,45943
566-812,전북,임실군,관촌면 운수리,,45944
566-812,전북,임실군,관촌면 유산리,,45945
566-813,전북,임실군,관촌면 주천리,,45946
566-813,전북,임실군,관촌면 황두리,,45947
566-813,전북,임실군,관촌면 회봉리,,45948
566-812,전북,임실군,관촌면 횡산리,,45949
566-810,전북,임실군,관촌면,,45950
566-871,전북,임실군,덕치면 가곡리,,45951
566-871,전북,임실군,덕치면 구담리,,45952
566-871,전북,임실군,덕치면 두지리,,45953
566-872,전북,임실군,덕치면 물우리,,45954
566-871,전북,임실군,덕치면 사곡리,,45955
566-872,전북,임실군,덕치면 일중리,,45956
566-872,전북,임실군,덕치면 장암리,,45957
566-871,전북,임실군,덕치면 천담리,,45958
566-872,전북,임실군,덕치면 회문리,,45959
566-870,전북,임실군,덕치면,,45960
566-911,전북,임실군,삼계면 뇌천리,,45961
566-912,전북,임실군,삼계면 덕계리,,45962
566-912,전북,임실군,삼계면 두월리,,45963
566-913,전북,임실군,삼계면 봉현리,,45964
566-911,전북,임실군,삼계면 산수리,,45965
566-912,전북,임실군,삼계면 삼계리,,45966
566-911,전북,임실군,삼계면 삼은리,,45967
566-913,전북,임실군,삼계면 세심리,,45968
566-912,전북,임실군,삼계면 어은리,,45969
566-912,전북,임실군,삼계면 오지리,,45970
566-913,전북,임실군,삼계면 죽계리,,45971
566-913,전북,임실군,삼계면 학정리,,45972
566-911,전북,임실군,삼계면 홍곡리,,45973
566-911,전북,임실군,삼계면 후천리,,45974
566-910,전북,임실군,삼계면,,45975
566-881,전북,임실군,성수면 도인리,,45976
566-881,전북,임실군,성수면 봉강리,,45977
566-882,전북,임실군,성수면 삼봉리,,45978
566-882,전북,임실군,성수면 삼청리,,45979
566-882,전북,임실군,성수면 성수리,,45980
566-881,전북,임실군,성수면 양지리,,45981
566-881,전북,임실군,성수면 오류리,,45982
566-882,전북,임실군,성수면 오봉리,,45983
566-882,전북,임실군,성수면 왕방리,,45984
566-881,전북,임실군,성수면 월평리,,45985
566-882,전북,임실군,성수면 태평리,,45986
566-880,전북,임실군,성수면,,45987
566-831,전북,임실군,신덕면 금정리,,45988
566-832,전북,임실군,신덕면 삼길리,,45989
566-831,전북,임실군,신덕면 수천리,,45990
566-832,전북,임실군,신덕면 신덕리,,45991
566-832,전북,임실군,신덕면 신흥리,,45992
566-831,전북,임실군,신덕면 오궁리,,45993
566-832,전북,임실군,신덕면 월성리,,45994
566-832,전북,임실군,신덕면 조월리,,45995
566-831,전북,임실군,신덕면 지장리,,45996
566-830,전북,임실군,신덕면,,45997
566-821,전북,임실군,신평면 가덕리,,45998
566-822,전북,임실군,신평면 대리,,45999
566-821,전북,임실군,신평면 덕암리,,46000
566-822,전북,임실군,신평면 두류리,,46001
566-823,전북,임실군,신평면 상천리,,46002
566-821,전북,임실군,신평면 용암리,,46003
566-823,전북,임실군,신평면 원천리,,46004
566-822,전북,임실군,신평면 창인리,,46005
566-823,전북,임실군,신평면 호암리,,46006
566-820,전북,임실군,신평면,,46007
566-891,전북,임실군,오수면 군평리,,46008
566-892,전북,임실군,오수면 금암리,,46009
566-893,전북,임실군,오수면 대명리,,46010
566-894,전북,임실군,오수면 대정리,,46011
566-894,전북,임실군,오수면 둔기리,,46012
566-892,전북,임실군,오수면 둔덕리,,46013
566-891,전북,임실군,오수면 봉천리,,46014
566-892,전북,임실군,오수면 신기리,,46015
566-893,전북,임실군,오수면 오산리,,46016
566-895,전북,임실군,오수면 오수리,,46017
566-893,전북,임실군,오수면 오암리,,46018
566-894,전북,임실군,오수면 용두리,,46019
566-894,전북,임실군,오수면 용정리,,46020
566-893,전북,임실군,오수면 주천리,,46021
566-890,전북,임실군,오수면,,46022
566-841,전북,임실군,운암면 금기리,,46023
566-842,전북,임실군,운암면 마암리,,46024
566-843,전북,임실군,운암면 사양리,,46025
566-842,전북,임실군,운암면 상운리,,46026
566-844,전북,임실군,운암면 선거리,,46027
566-843,전북,임실군,운암면 쌍암리,,46028
566-842,전북,임실군,운암면 용운리,,46029
566-841,전북,임실군,운암면 운암리,,46030
566-841,전북,임실군,운암면 운정리,,46031
566-845,전북,임실군,운암면 운종리,,46032
566-843,전북,임실군,운암면 월면리,,46033
566-842,전북,임실군,운암면 입석리,,46034
566-845,전북,임실군,운암면 지천리,,46035
566-845,전북,임실군,운암면 청운리,,46036
566-844,전북,임실군,운암면 학암리,,46037
566-840,전북,임실군,운암면,,46038
566-921,전북,임실군,지사면 계산리,,46039
566-922,전북,임실군,지사면 관기리,,46040
566-921,전북,임실군,지사면 금평리,,46041
566-921,전북,임실군,지사면 방계리,,46042
566-922,전북,임실군,지사면 안하리,,46043
566-922,전북,임실군,지사면 영천리,,46044
566-922,전북,임실군,지사면 원산리,,46045
566-920,전북,임실군,지사면,,46046
566-851,전북,임실군,청웅면 구고리,,46047
566-852,전북,임실군,청웅면 남산리,,46048
566-851,전북,임실군,청웅면 두복리,,46049
566-852,전북,임실군,청웅면 석두리,,46050
566-852,전북,임실군,청웅면 옥석리,,46051
566-852,전북,임실군,청웅면 옥전리,,46052
566-852,전북,임실군,청웅면 청계리,,46053
566-851,전북,임실군,청웅면 향교리,,46054
566-850,전북,임실군,청웅면,,46055
597-800,전북,장수군,장수읍 장수우체국,,46056
597-801,전북,장수군,장수읍 개정리,,46057
597-802,전북,장수군,장수읍 노곡리,,46058
597-803,전북,장수군,장수읍 노하리,,46059
597-804,전북,장수군,장수읍 대성리,,46060
597-802,전북,장수군,장수읍 덕산리,,46061
597-802,전북,장수군,장수읍 동촌리,,46062
597-802,전북,장수군,장수읍 두산리,,46063
597-803,전북,장수군,장수읍 선창리,,46064
597-805,전북,장수군,장수읍 송천리,,46065
597-801,전북,장수군,장수읍 수분리,,46066
597-804,전북,장수군,장수읍 식천리,,46067
597-804,전북,장수군,장수읍 용계리,,46068
597-803,전북,장수군,장수읍 장수리,,46069
597-800,전북,장수군,장수읍,,46070
597-831,전북,장수군,계남면 가곡리,,46071
597-831,전북,장수군,계남면 궁양리,,46072
597-832,전북,장수군,계남면 신전리,,46073
597-831,전북,장수군,계남면 장안리,,46074
597-832,전북,장수군,계남면 침곡리,,46075
597-831,전북,장수군,계남면 호덕리,,46076
597-832,전북,장수군,계남면 화양리,,46077
597-831,전북,장수군,계남면 화음리,,46078
597-830,전북,장수군,계남면,,46079
597-861,전북,장수군,계북면 농소리,,46080
597-861,전북,장수군,계북면 매계리,,46081
597-862,전북,장수군,계북면 양악리,,46082
597-861,전북,장수군,계북면 어전리,,46083
597-862,전북,장수군,계북면 원촌리,,46084
597-861,전북,장수군,계북면 월현리,,46085
597-862,전북,장수군,계북면 임평리,,46086
597-860,전북,장수군,계북면,,46087
597-811,전북,장수군,번암면 교동리,,46088
597-811,전북,장수군,번암면 국포리,,46089
597-812,전북,장수군,번암면 노단리,,46090
597-813,전북,장수군,번암면 논곡리,,46091
597-813,전북,장수군,번암면 대론리,,46092
597-814,전북,장수군,번암면 동화리,,46093
597-812,전북,장수군,번암면 사암리,,46094
597-813,전북,장수군,번암면 유정리,,46095
597-814,전북,장수군,번암면 죽림리,,46096
597-811,전북,장수군,번암면 죽산리,,46097
597-814,전북,장수군,번암면 지지리,,46098
597-810,전북,장수군,번암면,,46099
597-821,전북,장수군,산서면 건지리,,46100
597-822,전북,장수군,산서면 동화리,,46101
597-823,전북,장수군,산서면 마하리,,46102
597-823,전북,장수군,산서면 백운리,,46103
597-821,전북,장수군,산서면 봉서리,,46104
597-821,전북,장수군,산서면 사계리,,46105
597-821,전북,장수군,산서면 사상리,,46106
597-822,전북,장수군,산서면 신창리,,46107
597-823,전북,장수군,산서면 쌍계리,,46108
597-822,전북,장수군,산서면 오산리,,46109
597-823,전북,장수군,산서면 오성리,,46110
597-821,전북,장수군,산서면 이룡리,,46111
597-821,전북,장수군,산서면 하월리,,46112
597-823,전북,장수군,산서면 학선리,,46113
597-820,전북,장수군,산서면,,46114
597-841,전북,장수군,장계면 금곡리,,46115
597-841,전북,장수군,장계면 금덕리,,46116
597-842,전북,장수군,장계면 대곡리,,46117
597-843,전북,장수군,장계면 명덕리,,46118
597-841,전북,장수군,장계면 무농리,,46119
597-841,전북,장수군,장계면 삼봉리,,46120
597-841,전북,장수군,장계면 송천리,,46121
597-842,전북,장수군,장계면 오동리,,46122
597-841,전북,장수군,장계면 월강리,,46123
597-842,전북,장수군,장계면 장계리,,46124
597-840,전북,장수군,장계면,,46125
597-851,전북,장수군,천천면 남양리,,46126
597-852,전북,장수군,천천면 봉덕리,,46127
597-851,전북,장수군,천천면 비룡리,,46128
597-852,전북,장수군,천천면 삼고리,,46129
597-853,전북,장수군,천천면 연평리,,46130
597-853,전북,장수군,천천면 오봉리,,46131
597-853,전북,장수군,천천면 용광리,,46132
597-851,전북,장수군,천천면 월곡리,,46133
597-851,전북,장수군,천천면 장판리,,46134
597-852,전북,장수군,천천면 춘송리,,46135
597-850,전북,장수군,천천면,,46136
567-801,전북,진안군,진안읍 가림리,,46137
567-802,전북,진안군,진안읍 가막리,,46138
567-803,전북,진안군,진안읍 구룡리,,46139
567-800,전북,진안군,진안읍 군상리 진안우체국,,46140
567-804,전북,진안군,진안읍 군상리,1∼480,46141
567-805,전북,진안군,진안읍 군상리,481∼1200,46142
567-806,전북,진안군,진안읍 군하리,,46143
567-801,전북,진안군,진안읍 단양리,,46144
567-802,전북,진안군,진안읍 물곡리,,46145
567-801,전북,진안군,진안읍 반월리,,46146
567-807,전북,진안군,진안읍 연장리,,46147
567-802,전북,진안군,진안읍 오천리,,46148
567-803,전북,진안군,진안읍 운산리,,46149
567-807,전북,진안군,진안읍 정곡리,,46150
567-802,전북,진안군,진안읍 죽산리,,46151
567-800,전북,진안군,진안읍,,46152
567-861,전북,진안군,동향면 능금리,,46153
567-861,전북,진안군,동향면 대량리,,46154
567-862,전북,진안군,동향면 성산리,,46155
567-862,전북,진안군,동향면 신송리,,46156
567-862,전북,진안군,동향면 자산리,,46157
567-861,전북,진안군,동향면 학선리,,46158
567-860,전북,진안군,동향면,,46159
567-871,전북,진안군,마령면 강정리,,46160
567-871,전북,진안군,마령면 계서리,,46161
567-871,전북,진안군,마령면 덕천리,,46162
567-872,전북,진안군,마령면 동촌리,,46163
567-872,전북,진안군,마령면 평지리,,46164
567-870,전북,진안군,마령면,,46165
567-881,전북,진안군,백운면 남계리,,46166
567-882,전북,진안군,백운면 노촌리,,46167
567-883,전북,진안군,백운면 덕현리,,46168
567-881,전북,진안군,백운면 동창리,,46169
567-881,전북,진안군,백운면 반송리,,46170
567-883,전북,진안군,백운면 백암리,,46171
567-881,전북,진안군,백운면 신암리,,46172
567-882,전북,진안군,백운면 운교리,,46173
567-882,전북,진안군,백운면 평장리,,46174
567-880,전북,진안군,백운면,,46175
567-911,전북,진안군,부귀면 거석리,,46176
567-911,전북,진안군,부귀면 궁항리,,46177
567-912,전북,진안군,부귀면 두남리,,46178
567-911,전북,진안군,부귀면 봉암리,,46179
567-913,전북,진안군,부귀면 세동리,,46180
567-912,전북,진안군,부귀면 수항리,,46181
567-913,전북,진안군,부귀면 신정리,,46182
567-913,전북,진안군,부귀면 오룡리,,46183
567-912,전북,진안군,부귀면 황금리,,46184
567-910,전북,진안군,부귀면,,46185
567-811,전북,진안군,상전면 갈현리,,46186
567-812,전북,진안군,상전면 구룡리,,46187
567-813,전북,진안군,상전면 수동리,,46188
567-812,전북,진안군,상전면 용평리,,46189
567-813,전북,진안군,상전면 월포리,,46190
567-811,전북,진안군,상전면 주평리,,46191
567-810,전북,진안군,상전면,,46192
567-891,전북,진안군,성수면 구신리,,46193
567-892,전북,진안군,성수면 도통리,,46194
567-891,전북,진안군,성수면 신기리,,46195
567-892,전북,진안군,성수면 외궁리,,46196
567-893,전북,진안군,성수면 용포리,,46197
567-891,전북,진안군,성수면 좌산리,,46198
567-892,전북,진안군,성수면 좌포리,,46199
567-893,전북,진안군,성수면 중길리,,46200
567-890,전북,진안군,성수면,,46201
567-851,전북,진안군,안천면 노성리,,46202
567-852,전북,진안군,안천면 백화리,,46203
567-852,전북,진안군,안천면 삼락리,,46204
567-851,전북,진안군,안천면 신괴리,,46205
567-850,전북,진안군,안천면,,46206
567-841,전북,진안군,용담면 송풍리,,46207
567-842,전북,진안군,용담면 수천리,,46208
567-842,전북,진안군,용담면 옥거리,,46209
567-842,전북,진안군,용담면 와룡리,,46210
567-842,전북,진안군,용담면 월계리,,46211
567-842,전북,진안군,용담면 호계리,,46212
567-840,전북,진안군,용담면,,46213
567-821,전북,진안군,정천면 갈용리,,46214
567-822,전북,진안군,정천면 망화리,,46215
567-821,전북,진안군,정천면 모정리,,46216
567-823,전북,진안군,정천면 봉학리,,46217
567-822,전북,진안군,정천면 월평리,,46218
567-820,전북,진안군,정천면,,46219
567-831,전북,진안군,주천면 대불리,,46220
567-832,전북,진안군,주천면 무릉리,,46221
567-833,전북,진안군,주천면 신양리,,46222
567-833,전북,진안군,주천면 용덕리,,46223
567-833,전북,진안군,주천면 운봉리,,46224
567-832,전북,진안군,주천면 주양리,,46225
567-830,전북,진안군,주천면,,46226
